teenage,0.7582985758781433,0.13278067111968994
teen,0.7218035459518433,0.16309107840061188
teenager,0.7148847579956055,0.14168967306613922
teenagers,0.7054238319396973,0.15824268758296967
teens,0.7042316198348999,0.1753915697336197
teenaged,0.6976296901702881,0.16465257108211517
adolescent,0.6954268217086792,0.14414750039577484
pre-teen,0.6938742399215698,0.06847289204597473
pre-teens,0.6435822248458862,0.09491372853517532
preteen,0.6331700086593628,0.06803438812494278
teen-age,0.6317238807678223,0.11364635080099106
teen-aged,0.6285839676856995,0.14554880559444427
pre-adolescent,0.6095881462097168,0.12247250229120255
preteens,0.6017509698867798,0.10020674765110016
adolescence,0.5956688523292542,0.18403245508670807
adolescents,0.5931215286254883,0.11048142611980438
post-teen,0.5913195610046387,0.09248196333646774
hormone-addled,0.5852676630020142,0.08324123173952103
late-teen,0.5845801830291748,0.0866776704788208
pre-teenage,0.5844601988792419,0.07941297441720963
preadolescent,0.5757514238357544,0.13490477204322815
Teenage,0.5747425556182861,0.08147655427455902
teen-ager,0.5687181949615479,0.08276861160993576
Teenagers,0.5673710107803345,0.12389913201332092
adolescences,0.5669606924057007,0.10476086288690567
16-year-old,0.5628751516342163,0.12593187391757965
pubescent,0.5625255703926086,0.09043311327695847
prepubescent,0.5624837875366211,0.10348901897668839
pre-pubescent,0.5622492432594299,0.11248193681240082
14-year-old,0.5594135522842407,0.11465363949537277
hormone-crazed,0.557593047618866,0.09303903579711914
pre-teenager,0.5555365681648254,0.07654356956481934
early-adolescent,0.5551621317863464,0.10271240025758743
post-adolescent,0.5534020662307739,0.12236762791872025
teenages,0.5511714816093445,0.12043778598308563
17-year-old,0.5500602722167969,0.12532441318035126
tweens,0.5482691526412964,0.10597804188728333
youth,0.5466963052749634,0.042443547397851944
almost-adult,0.5458844900131226,0.05010026693344116
fourteen-year-old,0.5432154536247253,0.09799586236476898
early-teen,0.5429203510284424,0.0916551798582077
late-adolescent,0.5424855947494507,0.12530173361301422
Teenager,0.541539192199707,0.10064338892698288
tweenage,0.5400163531303406,0.08770612627267838
15-year-old,0.5390619039535522,0.11617917567491531
teenhood,0.5388607978820801,0.10866554081439972
tween-age,0.5387974381446838,0.08336030691862106
post-adolescents,0.5376696586608887,0.08815455436706543
adult,0.5364982485771179,0.06333363056182861
teen-agers,0.5345160961151123,0.10196828097105026
tweenager,0.5333313345909119,0.05056433007121086
teen-,0.5306060314178467,0.07435627281665802
adolecent,0.5280947685241699,0.06561259925365448
teens-,0.5265566110610962,0.09504584968090057
youths,0.5255557894706726,0.09129748493432999
pimply-faced,0.5254316926002502,0.09483359009027481
teen-girl,0.5250705480575562,0.09030532836914062
braces-wearing,0.522852897644043,0.09961024671792984
teens.It,0.5227851867675781,0.06429115682840347
Teen,0.5223715901374817,0.13830110430717468
Teens,0.5220365524291992,0.15978772938251495
Pre-teens,0.5218954086303711,0.08249329775571823
13-year-old,0.5193625092506409,0.10384637117385864
teendom,0.5193607807159424,0.06692413985729218
young-adult,0.5184153914451599,0.07926645129919052
thirteen-year-old,0.5173512697219849,0.09762550890445709
sub-teen,0.5157055258750916,0.08195709437131882
college-age,0.5154180526733398,0.11002322286367416
fifteen-year-old,0.5139896273612976,0.10672195255756378
non-teen,0.5129156112670898,0.07082753628492355
Pre-teen,0.5119215250015259,0.034986212849617004
pre-adolescents,0.5106580257415771,0.09367629140615463
high-schooler,0.5096096396446228,0.07996539026498795
hormone-fueled,0.5092003345489502,0.08234035223722458
young,0.5090852975845337,0.08323641121387482
18-year-old,0.5089223384857178,0.11957352608442307
Teenaged,0.5086743235588074,0.10476121306419373
tween-aged,0.5083891749382019,0.08899276703596115
teenage-hood,0.5078041553497314,0.10766676813364029
teenagery,0.5072638988494873,0.026049574837088585
Adolescent,0.5068494081497192,0.11449737846851349
post-teenage,0.5067676305770874,0.09860200434923172
teenagehood,0.5063930153846741,0.1205313503742218
teenybopper,0.5051940083503723,0.0827905461192131
high-schoolers,0.5049383640289307,0.09390635043382645
12-year-old,0.5043306946754456,0.09751541912555695
middle-schooler,0.5036617517471313,0.05884251743555069
twelve-year-old,0.5036144852638245,0.09401790797710419
teens.,0.503373920917511,0.08794745802879333
zit-faced,0.501270592212677,0.09667997807264328
acne-ridden,0.501140832901001,0.0629952996969223
twentysomething,0.500542938709259,0.08773995190858841
teenage-boy,0.5000450015068054,0.0877351239323616
pimply,0.4999118149280548,0.08068584650754929
pimple-faced,0.4996708929538727,0.09779976308345795
adolescense,0.4993063509464264,0.10110628604888916
twenty-somethings,0.49890902638435364,0.10794392228126526
high-school-aged,0.498611718416214,0.10223349183797836
teen.The,0.49812865257263184,0.07457798719406128
teenage-girl,0.49774524569511414,0.10014364123344421
Teen-age,0.49710309505462646,0.06395437568426132
hormone-driven,0.4966075122356415,0.095652274787426
school-age,0.4965206980705261,0.07021032273769379
high-school,0.4964599609375,0.0636877790093422
sixteen-year-old,0.49574992060661316,0.103939488530159
high-school-age,0.49544525146484375,0.09125453978776932
post-pubescent,0.4942796528339386,0.09330609440803528
young-adulthood,0.4939194917678833,0.11468388140201569
angst-y,0.4930981695652008,0.05990903452038765
pre-adolescence,0.49281758069992065,0.1423153281211853
college-aged,0.49185603857040405,0.10343015938997269
middle-school,0.4910275340080261,0.07073903828859329
13-year-olds,0.4908391535282135,0.0803922787308693
adults,0.49060937762260437,0.12903328239917755
post-adolescence,0.49043700098991394,0.13233105838298798
adolecents,0.4899410009384155,0.05910581722855568
early-twenties,0.48984813690185547,0.06512817740440369
teenagers.The,0.48953551054000854,0.09544824063777924
pre-adult,0.4884984493255615,0.10679193586111069
youngster,0.488465279340744,0.09673377871513367
12-year-olds,0.48697179555892944,0.07543974369764328
14-year-olds,0.4868508279323578,0.07393255084753036
teen.,0.4860633313655853,0.0784948542714119
preadolescents,0.48583558201789856,0.09348906576633453
seventeen-year-old,0.4850960671901703,0.09842833876609802
late-teens,0.48410120606422424,0.048088189214468
teenager.The,0.48392581939697266,0.09065999835729599
twentysomethings,0.48384276032447815,0.09558137506246567
adolesence,0.48369550704956055,0.1283658891916275
angst-ridden,0.4835381805896759,0.10579000413417816
early-20,0.4831365644931793,0.06157901510596275
preadolescence,0.48311513662338257,0.1502348929643631
school-aged,0.48190176486968994,0.06724437326192856
teenager.,0.4817361533641815,0.07509305328130722
teen.I,0.48142480850219727,0.04483405128121376
youngsters,0.4811437726020813,0.0993640273809433
tween,0.4807290732860565,0.06983190029859543
kid,0.48022833466529846,0.07750064879655838
elementary-age,0.47972527146339417,0.07644359022378922
twens,0.4790356159210205,0.0693853497505188
middle-school-age,0.4788944721221924,0.06919264793395996
middle-schoolers,0.47837626934051514,0.09399297833442688
teenagers.,0.4777509272098541,0.09159170091152191
adult-age,0.4763159453868866,0.06058059632778168
16-year-olds,0.4754588305950165,0.08479036390781403
teenagerhood,0.4746207594871521,0.10340775549411774
teenagerdom,0.47378402948379517,0.0958414152264595
prepubescents,0.47211331129074097,0.07120784372091293
twenty-something,0.47188371419906616,0.09669417142868042
18-year-olds,0.4718094766139984,0.08025350421667099
Teen-aged,0.47146129608154297,0.08761358261108398
19-year-old,0.46953272819519043,0.13413673639297485
17-year-olds,0.469399094581604,0.07443927228450775
early-20s,0.4692414402961731,0.06560782343149185
teener,0.4690191149711609,0.06380392611026764
puberty,0.46853208541870117,0.12320491671562195
angst-filled,0.4673410654067993,0.0816701129078865
tweenagers,0.46705979108810425,0.08061711490154266
fourteen-year-olds,0.46695250272750854,0.07231323421001434
teenager-,0.4658803343772888,0.05551024526357651
teeen,0.4652808606624603,0.09080327302217484
middle-ager,0.46500641107559204,0.06079396605491638
mid-teen,0.4645631015300751,0.06358632445335388
Preteens,0.4644792079925537,0.08180420845746994
ten-year-olds,0.4640938639640808,0.0833715945482254
juvenile,0.4638842046260834,0.08137550204992294
fifteen-year-olds,0.4637600779533386,0.06698856502771378
precocious,0.4635198712348938,0.11673638224601746
coming-of-age,0.46333301067352295,0.06623662263154984
boy-crazy,0.46259605884552,0.0655205100774765
adulthood,0.46247613430023193,0.15201722085475922
TEENAGERS,0.46244117617607117,0.10464713722467422
angsty,0.46233081817626953,0.06461059302091599
TEENAGER,0.462101548910141,0.0718245655298233
youthful,0.46177512407302856,0.07942461967468262
young-person,0.4617082178592682,0.035758696496486664
ten-year-old,0.4613668918609619,0.10016276687383652
twenties,0.4610940217971802,0.055741727352142334
teen-angst,0.46106815338134766,0.07464472204446793
20-somethings,0.4610048830509186,0.1097075492143631
teeny-bopper,0.46084895730018616,0.08350010961294174
TEENAGE,0.460468053817749,0.05753288045525551
young-adults,0.4601558744907379,0.07709518074989319
teenagers-,0.4597208499908447,0.09685304760932922
highschooler,0.45971179008483887,0.06540334224700928
highschoolers,0.4595029056072235,0.10378435254096985
teeners,0.458960622549057,0.07643704861402512
teens.The,0.4585227072238922,0.08881574124097824
eleven-year-old,0.4583336114883423,0.0890292152762413
mallrat,0.4577423930168152,0.06176898628473282
TEEN,0.45763805508613586,0.0847078189253807
teenager-y,0.4574446380138397,0.031950149685144424
acne-scarred,0.4571981430053711,0.08172795921564102
elementary-school-aged,0.4571903347969055,0.06389927119016647
pre-puberty,0.45689404010772705,0.1062740609049797
20-something,0.45652198791503906,0.0975523591041565
-Teen,0.4562026262283325,0.085957832634449
twelve-year-olds,0.45606642961502075,0.07591953128576279
teenagers.I,0.4559992849826813,0.08283710479736328
teeny-bop,0.4559670686721802,0.06844230741262436
grown-up,0.4552304446697235,0.04625945910811424
teenboys,0.4549766182899475,0.05642854794859886
middle-school-aged,0.45445096492767334,0.0690598264336586
teenyboppers,0.4539957642555237,0.07174430787563324
teen-centric,0.45358166098594666,0.04748039320111275
thirteen-year-olds,0.45354339480400085,0.0736531987786293
Adolescents,0.453106164932251,0.09336373955011368
middleschoolers,0.45203664898872375,0.08203981071710587
11-year-old,0.4515567421913147,0.0865294337272644
Adolescence,0.4513927102088928,0.13514158129692078
teeny-boppers,0.45136210322380066,0.07951629906892776
junior-high,0.4507313072681427,0.08050500601530075
15-year-olds,0.4501018822193146,0.07709316164255142
legal-age,0.45009735226631165,0.061479710042476654
college-bound,0.4498085379600525,0.0639830082654953
impressionable,0.4497537910938263,0.07024509459733963
underage,0.44968774914741516,0.07656769454479218
teen-oriented,0.4477490186691284,0.07134824246168137
10-year-old,0.44744518399238586,0.09490829706192017
gawky,0.4473534822463989,0.094845250248909
postpubescent,0.4471275806427002,0.10180304944515228
twenty-year-olds,0.4464587867259979,0.08187176287174225
nineteen-year-old,0.4462489187717438,0.12175636738538742
adolescence.,0.4461272358894348,0.11606548726558685
grade-schoolers,0.4459240436553955,0.07344816625118256
nine-year-old,0.4451534152030945,0.10336998105049133
childhood,0.44455742835998535,0.13094906508922577
schoolgirl,0.44413697719573975,0.09594651311635971
pubescents,0.4436272084712982,0.07961305975914001
teens.I,0.4435378313064575,0.0651545375585556
sixteen-year-olds,0.44335585832595825,0.06515826284885406
seventeen-year-olds,0.44303902983665466,0.06590058654546738
mid-twenties,0.4427374303340912,0.05399050563573837
eighteen-year-old,0.44273585081100464,0.08984705805778503
growing-up,0.4424133896827698,0.09807237237691879
teenager.I,0.4424113631248474,0.07106223702430725
grownup,0.4419729709625244,0.053158197551965714
TEENS,0.4409058392047882,0.123007632791996
adult-life,0.44065800309181213,0.10974788665771484
teen-focused,0.440359503030777,0.08965623378753662
boy-man,0.43883705139160156,0.08730520308017731
adolescents.,0.4388069212436676,0.05841849744319916
elementary-aged,0.4382759928703308,0.07642853260040283
schoolboy,0.4381844103336334,0.1052582859992981
tweenie,0.4380621612071991,0.06662303954362869
teenagerish,0.43797796964645386,0.048681676387786865
eleven-year-olds,0.43719547986984253,0.06333744525909424
teen-targeted,0.43689653277397156,0.0608118511736393
pre-teenagers,0.43644246459007263,0.07659775763750076
20somethings,0.4363216161727905,0.10394864529371262
acne-covered,0.43630731105804443,0.05389251559972763
hormone-laden,0.4356214106082916,0.06939706206321716
19-year-olds,0.43561699986457825,0.074415422976017
eighteen-year-olds,0.4350941777229309,0.05643543601036072
Middle-school,0.43475183844566345,0.04618658870458603
teenager-ish,0.43414366245269775,0.042172908782958984
post-puberty,0.43371129035949707,0.09000400453805923
17-years-old,0.4335792660713196,0.07114432752132416
adolescente,0.43325096368789673,0.04716383293271065
zitty,0.43313050270080566,0.04836601763963699
teen-speak,0.43276432156562805,0.03230905532836914
boy,0.4323744475841522,0.07242055237293243
Tweens,0.43199366331100464,0.09788187593221664
teen-drama,0.4318184554576874,0.038309380412101746
acned,0.43173351883888245,0.0606110617518425
pre-pubertal,0.4314306080341339,0.09618700295686722
teensploitation,0.4311473071575165,0.05034962296485901
girl,0.4310859143733978,0.07830251008272171
schoolboys,0.4296150803565979,0.062164951115846634
bratty,0.4295389950275421,0.08533798903226852
kids,0.4295273423194885,0.1211950033903122
grade-schooler,0.4295216202735901,0.05411110073328018
adult-hood,0.4293425679206848,0.0932786613702774
adult.And,0.42923271656036377,0.03768754377961159
now-grown-up,0.42922258377075195,0.07848627120256424
semi-adult,0.42915889620780945,0.040415942668914795
Twelve-year-olds,0.4289245009422302,0.06073835864663124
parents,0.42859211564064026,0.07292293012142181
10-year-olds,0.4285319745540619,0.07865674048662186
middle-aged,0.42829886078834534,0.10074810683727264
gender-questioning,0.42826956510543823,0.04112767055630684
twenty-year-old,0.42808231711387634,0.11498475074768066
schoolmates,0.428011029958725,0.036668870598077774
teenboy,0.42795413732528687,0.054399274289608
school-going,0.4271785318851471,0.07485897839069366
under-age,0.4271436929702759,0.08265557885169983
Preadolescent,0.42709019780158997,0.0902787446975708
teen-friendly,0.4270838499069214,0.07232461869716644
17-yr-old,0.42707559466362,0.10503555834293365
jail-bait,0.4267553985118866,0.07613478600978851
18-yr-old,0.4265899956226349,0.09124061465263367
testosterone-addled,0.42618831992149353,0.10868140310049057
youths.The,0.4261569380760193,0.06628383696079254
adoles,0.42605534195899963,0.05029726400971413
seventeen-years-old,0.42563119530677795,0.06439131498336792
baby-faced,0.42525604367256165,0.11062547564506531
twenty-something-year-old,0.42509162425994873,0.08693613857030869
junior-high-school,0.42359447479248047,0.0698811337351799
under-18,0.4235524535179138,0.06156696751713753
freckled-faced,0.42335623502731323,0.10176941007375717
tweeny,0.42266952991485596,0.07056791335344315
agemates,0.4225796163082123,0.056159600615501404
15-years-old,0.42242521047592163,0.07016360759735107
20-year-olds,0.4224139153957367,0.08591549843549728
adultish,0.4223118722438812,0.02098213881254196
callow,0.4222964346408844,0.11045621335506439
14-years-old,0.4220084249973297,0.06568500399589539
girlhood,0.4219604432582855,0.10046912729740143
snot-nosed,0.42106664180755615,0.11816701292991638
15-yr-old,0.420902281999588,0.09093267470598221
tweenies,0.42078155279159546,0.06473220884799957
eight-year-old,0.42064931988716125,0.09217868000268936
pimpled,0.4206424653530121,0.05707411468029022
wise-beyond-her-years,0.4205286204814911,0.0924445390701294
11-year-olds,0.4200759530067444,0.0742000937461853
9-year-old,0.42004328966140747,0.08836103975772858
Teen-ager,0.419921875,0.045483365654945374
8-year-old,0.4193953573703766,0.0874321311712265
not-so-young,0.4193674623966217,0.08292742073535919
girl-woman,0.4192969799041748,0.06710228323936462
nineteen-year-olds,0.41916754841804504,0.05969982221722603
grownups,0.41911381483078003,0.0923924371600151
now-teenage,0.4186994433403015,0.05742918327450752
boyhood,0.4183204174041748,0.11684686690568924
ADOLESCENT,0.4182034730911255,0.06584817171096802
middle-graders,0.4174457788467407,0.06216250732541084
teenspeak,0.4170515239238739,0.019287703558802605
-teen,0.4170379936695099,0.03888450562953949
Pre-Teens,0.4169143736362457,0.05798513814806938
boys,0.41603147983551025,0.06374672800302505
sexually-active,0.4159471392631531,0.06658090651035309
then-12-year-old,0.4159415662288666,0.08004055172204971
child,0.4158848524093628,0.061688754707574844
girls.How,0.4158453941345215,0.048007532954216
teen-pop,0.41575583815574646,0.08634801208972931
gum-snapping,0.41557997465133667,0.08782363682985306
schoolgirls,0.4154617190361023,0.06484585255384445
rite-of-passage,0.4153742492198944,0.05044299736618996
17-year-,0.4152698516845703,0.08390726894140244
jailbait,0.41524702310562134,0.066351518034935
university-age,0.4152143597602844,0.09791697561740875
middle-age,0.4152122139930725,0.0728793665766716
sexually-abused,0.4152115285396576,0.04987802356481552
pubertal,0.4147615134716034,0.13430410623550415
College-age,0.41469812393188477,0.061689771711826324
eight-year-olds,0.4144780933856964,0.074421226978302
gawkiness,0.4141544699668884,0.09543900936841965
spikey-haired,0.4140063524246216,0.10773660242557526
glue-sniffing,0.4138789772987366,0.08660823851823807
college-girl,0.4137366712093353,0.08958784490823746
Teen-agers,0.4136483669281006,0.07866471260786057
live-at-home,0.41356614232063293,0.08509146422147751
16yo,0.41353878378868103,0.07901579141616821
16-yr-old,0.4128013551235199,0.11273669451475143
grown-ups,0.41268661618232727,0.09188296645879745
freckle-faced,0.4126189649105072,0.10149987787008286
Pubescent,0.41232386231422424,0.06400516629219055
underaged,0.41225120425224304,0.07328750938177109
under-tens,0.4122123420238495,0.078251414000988
thirty-something,0.4120725393295288,0.09214796125888824
angst-driven,0.4119531512260437,0.07718709111213684
game-obsessed,0.41150370240211487,0.06119570508599281
girls,0.4114844501018524,0.07444381713867188
TWEENS,0.41148221492767334,0.07660936564207077
.Teen,0.411322683095932,0.0711386650800705
nubile,0.41117507219314575,0.09418680518865585
drug-addled,0.4110378623008728,0.10697799921035767
tenage,0.41102659702301025,0.05199994891881943
twenties.I,0.4109452962875366,0.04369266703724861
adult-aged,0.4108465611934662,0.06802821904420853
juveniles,0.41071027517318726,0.057251930236816406
nine-year-olds,0.41026413440704346,0.07461290061473846
adolescentes,0.4102307856082916,0.045043207705020905
sixteen-years-old,0.4101158082485199,0.06525170058012009
tearaways,0.4099655747413635,0.079164057970047
teen-idol,0.40971189737319946,0.08959896862506866
teengirl,0.40903380513191223,0.06338270008563995
yound,0.40903210639953613,0.08045463263988495
puberty.,0.40871578454971313,0.0819750428199768
man-boy,0.40870893001556396,0.09151832014322281
seven-year-old,0.4085908532142639,0.09437967836856842
adult-children,0.40827593207359314,0.053637854754924774
teen-movie,0.40826109051704407,0.07460394501686096
13-years-old,0.408240407705307,0.06941400468349457
then-teenaged,0.4079516530036926,0.10806328058242798
Preteen,0.4073798656463623,0.039933789521455765
meth-addict,0.40717560052871704,0.09537240862846375
8-year-olds,0.40710368752479553,0.06602781265974045
then-17-year-old,0.40707436203956604,0.09404318779706955
younger,0.40649083256721497,0.06480441987514496
9-year-olds,0.4064488112926483,0.06657198816537857
drug-crazed,0.40635135769844055,0.10304095596075058
20-year-old,0.4062992334365845,0.12654010951519012
16-years-old,0.40611907839775085,0.07195489853620529
mop-topped,0.40603169798851013,0.10261354595422745
towheaded,0.4059804677963257,0.09558514505624771
schoolmate,0.4057530164718628,0.07318897545337677
boy-men,0.40545952320098877,0.07502125948667526
middle-agers,0.4053936302661896,0.07489387691020966
post-pubertal,0.40532976388931274,0.10471491515636444
twenties.,0.40531209111213684,0.04328808933496475
freshfaced,0.40481048822402954,0.0880584865808487
gangly,0.404657781124115,0.10649338364601135
youth.The,0.4045669436454773,0.05427238717675209
non-youth,0.40449413657188416,0.05373169481754303
grade-school,0.40432313084602356,0.08026924729347229
18-years-old,0.4041932225227356,0.06631332635879517
21-year-old,0.40395039319992065,0.12904971837997437
goth-punk,0.40390077233314514,0.06676670908927917
nymphette,0.40382012724876404,0.07541845738887787
tenth-graders,0.40364429354667664,0.04739341884851456
too-smart,0.4035183787345886,0.09281367063522339
toddler,0.40347447991371155,0.061230920255184174
mop-haired,0.40333840250968933,0.1164323017001152
delinquents,0.4033290147781372,0.05773305892944336
teenThe,0.4031737148761749,0.0860757902264595
prepuberty,0.4031640887260437,0.09867233037948608
adult.I,0.40308767557144165,0.03281049802899361
sexters,0.40283894538879395,0.06322156637907028
stringy-haired,0.4026351869106293,0.10318252444267273
Young-adult,0.4024224877357483,0.04034680128097534
youth.As,0.4019874632358551,0.046465203166007996
teenz,0.40190738439559937,0.07286026328802109
then-14-year-old,0.40179798007011414,0.08637697994709015
immature,0.40170201659202576,0.06815794110298157
boys--and,0.4009988307952881,0.05915077403187752
now-adult,0.40088874101638794,0.08593421429395676
girl-crazy,0.3999229669570923,0.08224814385175705
stripling,0.39973121881484985,0.06666538119316101
nymphettes,0.39967480301856995,0.06922685354948044
Prepubescent,0.39956000447273254,0.077344611287117
fourteen-years-old,0.3995126187801361,0.06587570905685425
adult.,0.39925074577331543,0.03325255587697029
fortysomething,0.3991241455078125,0.09221641719341278
sports-playing,0.3990755081176758,0.06902788579463959
prom-night,0.3986477255821228,0.06156722456216812
knobby-kneed,0.39854151010513306,0.10124323517084122
thirteen-years-old,0.3984532356262207,0.06617023050785065
adulthood.The,0.3976992964744568,0.09761791676282883
twenty-one-year-old,0.39747855067253113,0.1162591353058815
30-year-olds,0.397413969039917,0.07499381899833679
hypersexed,0.39724355936050415,0.04302774369716644
just-graduated,0.397188663482666,0.09321965277194977
rebellious,0.3969409167766571,0.05846869945526123
lank-haired,0.39668217301368713,0.11244090646505356
year-olds,0.39654529094696045,0.09264864772558212
punks,0.3965231776237488,0.06554213911294937
drug-abusing,0.39645621180534363,0.0917433649301529
toe-headed,0.39645180106163025,0.10288301110267639
year-old-girl,0.3961751163005829,0.049407243728637695
Twentysomethings,0.3960670232772827,0.07544350624084473
schoolfriends,0.39573439955711365,0.06486131995916367
12-years-old,0.3956565260887146,0.05234568938612938
too-young,0.39530709385871887,0.09880990535020828
drug-addicted,0.3951646685600281,0.09768372029066086
older-age,0.39512738585472107,0.08356823772192001
highschool,0.39508381485939026,0.022058527916669846
seventh-grade,0.3946734666824341,0.06215702369809151
under-aged,0.39465633034706116,0.08435530215501785
parent-teen,0.3946486711502075,0.061480868607759476
heroin-addicted,0.39449283480644226,0.09287358075380325
youth.It,0.3944697976112366,0.03347545862197876
Pre-Teen,0.39411306381225586,0.02447756938636303
20something,0.39386188983917236,0.0653337761759758
squeaky-voiced,0.3938310444355011,0.12545336782932281
youth.But,0.3938237428665161,0.04815703257918358
pot-smoking,0.393793523311615,0.0847296342253685
cherub-faced,0.3935834765434265,0.1174783855676651
Middle-schoolers,0.39334166049957275,0.08363470435142517
ADOLESCENCE,0.3933411240577698,0.08633137494325638
gang-involved,0.393291711807251,0.04150030016899109
vampire-obsessed,0.3932134211063385,0.07366512715816498
college-going,0.3932114243507385,0.06893002241849899
round-cheeked,0.39314085245132446,0.10045196115970612
post-high-school,0.3931310772895813,0.07455279678106308
club-going,0.39292195439338684,0.07007625699043274
heartthrobs,0.39289000630378723,0.045699071139097214
YAs,0.3928522765636444,0.06411167979240417
schooler,0.39281728863716125,0.05086084455251694
toddler-age,0.39277487993240356,0.055603910237550735
same-aged,0.3926967978477478,0.08189067244529724
floppy-haired,0.3923819661140442,0.11481516063213348
14-yr-old,0.392337828874588,0.09168675541877747
22-year-olds,0.39233726263046265,0.06960207968950272
little-girl,0.392058789730072,0.10566560178995132
parent-free,0.3920361399650574,0.029621994122862816
13-yr-old,0.3919065296649933,0.07510733604431152
emo,0.39187562465667725,0.05670740827918053
kindergarten-age,0.39185383915901184,0.05908087268471718
six-year-old,0.3916558027267456,0.09454505890607834
prepubertal,0.3915405869483948,0.11015753448009491
adult.So,0.39152440428733826,0.048557884991168976
hoodie-wearing,0.3913182318210602,0.07975561916828156
boy-band,0.3912304937839508,0.07541172951459885
thirty-somethings,0.3911343216896057,0.07810661196708679
pre-college,0.39112672209739685,0.05156868323683739
11-years-old,0.39098092913627625,0.0603182390332222
elementary-school,0.3908635675907135,0.05905810371041298
man-children,0.3907853662967682,0.0781148225069046
teengirls,0.39068543910980225,0.06775341182947159
then-10-year-old,0.3905373811721802,0.09244419634342194
alcohol-abusing,0.39050325751304626,0.08875618129968643
eager-eyed,0.39026281237602234,0.08821175992488861
Highschoolers,0.3900274336338043,0.0842612013220787
post-high,0.38990551233291626,0.03757045418024063
pubescence,0.38971757888793945,0.10557863861322403
oversexed,0.3896181583404541,0.08596724271774292
love-struck,0.3895980417728424,0.11685682833194733
fifteen-years-old,0.38954171538352966,0.06636690348386765
girls.But,0.3894898295402527,0.0560634471476078
forty-somethings,0.3894771933555603,0.08684105426073074
fortysomethings,0.3894331455230713,0.06326385587453842
adulthoods,0.38915473222732544,0.10209570080041885
thirtysomethings,0.3891303539276123,0.0777551457285881
tousle-haired,0.38882139325141907,0.1076216772198677
school-friends,0.38806310296058655,0.06630491465330124
juvey,0.388053834438324,0.03150058165192604
yougn,0.38802239298820496,0.0725332722067833
emotionally-stunted,0.38799330592155457,0.11461441963911057
adult-,0.38793322443962097,0.03763126581907272
new-adult,0.38791051506996155,0.05206456780433655
ninth-grade,0.3878991901874542,0.061331816017627716
mentally-disabled,0.3878878653049469,0.08828603476285934
barely-legal,0.38779425621032715,0.0983942374587059
clear-skinned,0.3876180052757263,0.04923931509256363
midteens,0.3875054717063904,0.051390185952186584
21-year-olds,0.38750186562538147,0.07041073590517044
same-age,0.38746970891952515,0.08239645510911942
College-aged,0.3873998522758484,0.05919685959815979
children,0.38719192147254944,0.09068808704614639
bildungsromans,0.38718312978744507,0.06653215736150742
bobby-soxers,0.38711488246917725,0.06211003661155701
angst,0.3870694637298584,0.07449732720851898
rebelious,0.3867805004119873,0.05319832265377045
dope-smoking,0.38671451807022095,0.0859232246875763
child-woman,0.38666194677352905,0.09848581254482269
woman-child,0.38657689094543457,0.09114623814821243
sex-crazed,0.38657137751579285,0.09573047608137131
30somethings,0.3865530490875244,0.07299087196588516
man-boys,0.38631901144981384,0.069347083568573
snot-nose,0.38627561926841736,0.08272296190261841
adulthood.I,0.38627293705940247,0.07702281326055527
snotty-nosed,0.38626715540885925,0.10838159173727036
spiky-haired,0.3860580027103424,0.11375490576028824
teenie,0.3859606981277466,0.09303887188434601
fresh-faced,0.3858281672000885,0.10446751117706299
precociousness,0.38572072982788086,0.10775092989206314
mid-20s,0.3856765329837799,0.04567227140069008
toddlers,0.3856493830680847,0.08660327643156052
mid-childhood,0.3855944275856018,0.1199152022600174
tyke,0.3855864405632019,0.07928773015737534
schoolkid,0.3853360116481781,0.07237659394741058
adult.A,0.385276198387146,0.05428977310657501
Puberty,0.38526302576065063,0.11025159060955048
college-graduate,0.3852497637271881,0.07109371572732925
horse-crazy,0.3852478861808777,0.06101466342806816
hoodied,0.38524433970451355,0.09186046570539474
near-adult,0.38511955738067627,0.05623297020792961
zits,0.3850598931312561,0.02132168598473072
home-schooled,0.3848872780799866,0.03907134383916855
17yo,0.3847532570362091,0.09029103070497513
preadult,0.3846510052680969,0.122703418135643
mallrats,0.38463371992111206,0.06689605861902237
middleschool,0.38461950421333313,0.030211711302399635
fifty-somethings,0.3844916820526123,0.0831923708319664
23-year-olds,0.38448506593704224,0.06862012296915054
Precocious,0.38436490297317505,0.08618377149105072
Youthful,0.38425272703170776,0.07052257657051086
adult.The,0.3840060234069824,0.043759334832429886
now-grown,0.38392192125320435,0.08598420023918152
angel-faced,0.3839188516139984,0.11193208396434784
Pimply,0.3838065564632416,0.0400325208902359
thirtysomething,0.3837888538837433,0.0747336894273758
Fourteen-year-olds,0.38372549414634705,0.05926435440778732
stepdaughter,0.38367098569869995,0.08997752517461777
15yo,0.3836457431316376,0.07327228039503098
7-year-old,0.38358867168426514,0.08289280533790588
youth-culture,0.38353288173675537,0.06539050489664078
man-child,0.3835222125053406,0.08679638057947159
13yo,0.3834914565086365,0.0690794438123703
angst-laden,0.38348478078842163,0.08739051967859268
late-twenties,0.38343098759651184,0.06861021369695663
fifth-grade,0.3833804726600647,0.06542626023292542
seven-year-olds,0.3832615315914154,0.06954900175333023
emo-punk,0.38318824768066406,0.04535090923309326
then-18-year-old,0.38317814469337463,0.08806999027729034
tow-headed,0.3831346333026886,0.09332168102264404
peripubertal,0.38313260674476624,0.1064009740948677
leather-jacketed,0.3831101357936859,0.10772404074668884
Tween,0.3828044533729553,0.05640190467238426
school-bound,0.38279417157173157,0.0704629123210907
adultlike,0.3827558159828186,0.06641912460327148
sixteen-,0.3827226161956787,0.06481870263814926
boyfriends,0.382568895816803,0.06064075231552124
love-stricken,0.3825538754463196,0.10489016026258469
punked-out,0.3825318515300751,0.09160223603248596
gradeschooler,0.38247644901275635,0.04697808623313904
7-yo,0.38246262073516846,0.052672773599624634
drug-using,0.38235652446746826,0.09280270338058472
elementary-,0.38230663537979126,0.05572953075170517
25-year-olds,0.38223350048065186,0.08937489241361618
sixth-grade,0.38220950961112976,0.06263505667448044
transboy,0.38203978538513184,0.043725885450839996
then-13-year-old,0.3819901943206787,0.07985210418701172
youths.,0.3819565773010254,0.061320967972278595
nine-years-old,0.3818201422691345,0.06525222957134247
adult-ish,0.38175803422927856,0.028316691517829895
tykes,0.3817439079284668,0.07165117561817169
youth.A,0.3817230463027954,0.046878881752491
age,0.38169363141059875,0.036377981305122375
daddy-issues,0.38166284561157227,0.09251546859741211
adulthood.,0.3816516697406769,0.08898239582777023
adults.I,0.38159680366516113,0.08659692853689194
heart-throbs,0.3815954625606537,0.03881079703569412
court-involved,0.3814464211463928,0.06055238097906113
ADOLESCENTS,0.3813973665237427,0.062225982546806335
12-yr-old,0.3812839388847351,0.08459695428609848
stepkid,0.381203830242157,0.0537961982190609
PUBERTY,0.38104248046875,0.07285396009683609
late-elementary,0.3809434175491333,0.026835860684514046
High-school,0.3808460831642151,0.03221305087208748
childood,0.38059109449386597,0.08178727328777313
sexually-frustrated,0.3803699016571045,0.10892901569604874
Harvard-bound,0.38030657172203064,0.07119768857955933
hyper-sexed,0.3802867531776428,0.08657773584127426
twelfth-graders,0.3801691234111786,0.04483933746814728
traditional-aged,0.3801640272140503,0.05221366137266159
school-kids,0.38009753823280334,0.08165081590414047
toddler-aged,0.3800845444202423,0.06053655967116356
six-year-olds,0.38005855679512024,0.0750938132405281
girls.All,0.37981534004211426,0.06114989146590233
eigh-,0.37963762879371643,0.043141622096300125
love-crazed,0.3796021342277527,0.11442983150482178
fourteen-,0.3794877231121063,0.0735170841217041
boys.When,0.3794330358505249,0.04226339980959892
youngin,0.3792303800582886,0.04451789706945419
6-year-old,0.3790413439273834,0.08114241808652878
teen-sex,0.3790012300014496,0.0662911981344223
age-mates,0.37894508242607117,0.06347110867500305
screenagers,0.3788182735443115,0.06263451278209686
middle-grade,0.3787403404712677,0.05042700842022896
Youth,0.3785627782344818,0.03328505530953407
adult-style,0.3784911632537842,0.03640981391072273
High-schoolers,0.3784777522087097,0.06599409878253937
right-of-passage,0.37843406200408936,0.04233016446232796
emotionally-distant,0.378398597240448,0.07521980255842209
schoolchild,0.3783480226993561,0.068448506295681
video-gamer,0.37827301025390625,0.06114577502012253
then-16-year-old,0.3782544732093811,0.08606457710266113
up-to-no-good,0.3782041072845459,0.09524723887443542
moppet,0.3781904876232147,0.09549367427825928
sex-starved,0.3781801462173462,0.10213027894496918
fame-obsessed,0.3781714141368866,0.04631815478205681
love-sick,0.37810227274894714,0.10515028238296509
teenager.He,0.37801840901374817,0.08019721508026123
sex-obsessed,0.37788835167884827,0.08020692318677902
super-young,0.3777798116207123,0.06010134890675545
teen-only,0.3775011897087097,0.07945627719163895
self-abusing,0.3774039149284363,0.09181483089923859
skate-boarding,0.37734612822532654,0.04136205092072487
Eight-year-olds,0.377290278673172,0.04956512153148651
gang-affiliated,0.37726232409477234,0.03518117219209671
19-yr-old,0.3772106170654297,0.11853388696908951
thirteen-,0.377052366733551,0.07862360030412674
schoolkids,0.37694016098976135,0.090532585978508
Uber-cute,0.3768981695175171,0.09186340123414993
Young-Adult,0.37683600187301636,0.03160185366868973
teenies,0.37682822346687317,0.0727984830737114
Youths,0.3767962157726288,0.061184223741292953
substance-abusing,0.3766267001628876,0.10145513713359833
ash-blonde,0.3764866888523102,0.07691376656293869
similar-aged,0.37640050053596497,0.06396450847387314
nymphet,0.3762555718421936,0.06469361484050751
midtwenties,0.3762124180793762,0.06169929727911949
mid-adolescence,0.37616807222366333,0.1357094645500183
schoolers,0.37613606452941895,0.07272239029407501
30-somethings,0.37610235810279846,0.08590752631425858
childlike,0.37610143423080444,0.07658118009567261
college-student,0.3759910762310028,0.11136659979820251
Columbine-style,0.3756698668003082,0.03499925881624222
adult-supervised,0.37565988302230835,0.051263291388750076
Adulthood,0.3755103051662445,0.10365795344114304
10-year-,0.3754773736000061,0.057109929621219635
late-20s,0.37542271614074707,0.05323142185807228
College-Age,0.37532469630241394,0.0525847002863884
blue-haired,0.37529581785202026,0.11963056772947311
skate-punk,0.37524938583374023,0.051448188722133636
eleven-years-old,0.3751455247402191,0.06089484319090843
adults.This,0.37508898973464966,0.06189936771988869
twelve-years-old,0.3749430179595947,0.06308538466691971
ever-younger,0.3748883903026581,0.07109193503856659
music-obsessed,0.3748663663864136,0.07876180857419968
ultra-cutie,0.37484294176101685,0.07179242372512817
18yo,0.37469157576560974,0.0871761217713356
just-turned,0.37467288970947266,0.09185127913951874
youmg,0.37465035915374756,0.0607333667576313
kidults,0.3746336102485657,0.07140640914440155
blond-haired,0.37453779578208923,0.111366406083107
lad,0.3744814395904541,0.07808459550142288
adult-level,0.3742833435535431,0.0348079614341259
child-on-child,0.37427768111228943,0.04211756959557533
youngsters.The,0.3742521405220032,0.07587173581123352
scrawny,0.3742488920688629,0.09551731497049332
late-30,0.3741624653339386,0.05147991329431534
jr.high,0.3741462826728821,0.009261940605938435
school-girl,0.3741104304790497,0.089492566883564
punker,0.37385275959968567,0.05908580496907234
joyriding,0.3737286627292633,0.052830129861831665
-year-olds,0.37370026111602783,0.07794991880655289
youth-oriented,0.3736325800418854,0.0537661612033844
semi-innocent,0.3735533058643341,0.09173823148012161
mini-adults,0.3735334873199463,0.06504186987876892
Columbine-like,0.37346428632736206,0.03570927679538727
19-years-old,0.3733144700527191,0.07401756197214127
FictionYoung,0.3732319474220276,0.02999669685959816
over-sexed,0.37305304408073425,0.07836224883794785
school-girls,0.3730383515357971,0.06557352095842361
heartthrob,0.37303781509399414,0.07930700480937958
kid.But,0.37299296259880066,0.05040445923805237
just-out-of-college,0.372980535030365,0.0866987332701683
acting-out,0.37294602394104004,0.08727753162384033
sixty-somethings,0.3728521168231964,0.07922444492578506
22-year-old,0.3728346526622772,0.13212397694587708
eighteen-,0.37274792790412903,0.05456792190670967
image-obsessed,0.37270987033843994,0.041610948741436005
goth,0.3726355731487274,0.05598146468400955
denim-clad,0.3724445700645447,0.09625451266765594
moppets,0.3723333477973938,0.07135549932718277
18-24-year-olds,0.3722923994064331,0.08915186673402786
20-something-year-old,0.3722531795501709,0.08175425976514816
hornball,0.3722356855869293,0.06397857517004013
sixth-former,0.3721655011177063,0.07578807324171066
adults.In,0.37213367223739624,0.040313929319381714
Teens-,0.3720927834510803,0.08461952954530716
rites-of-passage,0.3718965947628021,0.06717643141746521
weed-smoking,0.3718586266040802,0.06901535391807556
curly-topped,0.37185636162757874,0.11303249001502991
kindergarten-aged,0.3717808723449707,0.07813030481338501
early-30s,0.37174153327941895,0.061354346573352814
semi-responsible,0.3716277778148651,0.049702830612659454
punkette,0.3716200888156891,0.0910390093922615
boys.He,0.3715675175189972,0.04840507358312607
late-20,0.37136030197143555,0.047489915043115616
tenth-grader,0.3713163733482361,0.05887497216463089
childhoods,0.3712719678878784,0.0920204371213913
slumber-party,0.37124285101890564,0.04573614522814751
boys--,0.371192067861557,0.04498462751507759
boys.But,0.3711175322532654,0.030376534909009933
brattish,0.3710425794124603,0.10048236697912216
14yo,0.37090709805488586,0.07867390662431717
fiftysomethings,0.37086033821105957,0.06464507430791855
40-something-year-old,0.3706587553024292,0.08830582350492477
olds,0.37041378021240234,0.06747346371412277
love-obsessed,0.37038034200668335,0.08855544030666351
lovesick,0.3703606128692627,0.11954811215400696
never-aging,0.3703381419181824,0.07109173387289047
primary-aged,0.37032151222229004,0.05597659572958946
highscool,0.3703154921531677,0.027118710801005363
child-like,0.37029632925987244,0.07810359448194504
girls--,0.3702313303947449,0.06702110171318054
ninth-grader,0.37018752098083496,0.06154993548989296
rebelliousness,0.3701125383377075,0.058098457753658295
kidult,0.37010934948921204,0.04196072369813919
Coming-Of-Age,0.37008216977119446,0.03405294567346573
newly-licensed,0.37007731199264526,0.07035215198993683
preschooler,0.37007197737693787,0.037838857620954514
lovestruck,0.3700405955314636,0.11829512566328049
wide-eyed,0.36988306045532227,0.1134357750415802
youth-targeted,0.36983466148376465,0.05377107113599777
preschool-age,0.369800865650177,0.057811226695775986
under-16,0.36977753043174744,0.044496916234493256
gang-banger,0.3697746992111206,0.0658775269985199
over-30s,0.3697597086429596,0.06166211888194084
twenty-two-year-old,0.36973926424980164,0.11299555003643036
after-school,0.3696707487106323,0.04749033972620964
rake-thin,0.3696625232696533,0.09395575523376465
adolescently,0.3696466088294983,0.07763288170099258
mop-headed,0.36964425444602966,0.10676196962594986
girl.Also,0.36962583661079407,0.08407695591449738
greasy-haired,0.36957499384880066,0.1186075508594513
adulty,0.369545042514801,0.01765805296599865
twenty-three-year-old,0.36954236030578613,0.12271109968423843
similarly-aged,0.36951181292533875,0.08744484931230545
drugged-up,0.3695067763328552,0.11097970604896545
child.Her,0.36946770548820496,0.07035139948129654
5-year-old,0.3694622218608856,0.07812579721212387
youth.He,0.36944150924682617,0.03878993168473244
punk-rockers,0.3694341778755188,0.0566834881901741
Infantilizing,0.3693060874938965,0.04332074522972107
alcohol-addicted,0.369244247674942,0.07024639844894409
juvenility,0.36922353506088257,0.12142698466777802
sweet-faced,0.36893177032470703,0.10617837309837341
child-star,0.36891621351242065,0.08484543859958649
musically-talented,0.36888551712036133,0.06171398237347603
tomboy,0.36882951855659485,0.08149809390306473
under-20,0.36876994371414185,0.045564498752355576
sullen,0.3686966001987457,0.08347924053668976
angelic-looking,0.3686741590499878,0.0864086002111435
doe-eyed,0.3684310019016266,0.12291651219129562
half-grown,0.36842861771583557,0.06636115908622742
College-bound,0.3684254288673401,0.0360090397298336
adults.All,0.368326872587204,0.059655413031578064
chubby-faced,0.36830583214759827,0.10556856542825699
bobbysoxers,0.36816588044166565,0.06672055274248123
little-kid,0.36807334423065186,0.0741114467382431
son--who,0.3680458068847656,0.054858092218637466
eleventh-grade,0.3678927421569824,0.051230303943157196
guitar-slinging,0.36788880825042725,0.11420268565416336
Adults,0.367840051651001,0.10641686618328094
tenth-grade,0.36772698163986206,0.0553177110850811
Coming-of-age,0.3676660358905792,0.0531201995909214
mullet-headed,0.36761534214019775,0.12776903808116913
baby-boomer,0.3676060140132904,0.05579923838376999
8-years-old,0.36748677492141724,0.05571923777461052
Impressionable,0.36723631620407104,0.053596362471580505
curly-haired,0.36721694469451904,0.10624079406261444
yearolds,0.36716315150260925,0.08126276731491089
twentyish,0.3671032786369324,0.10158798843622208
apple-cheeked,0.3670876622200012,0.09805411100387573
striplings,0.36694154143333435,0.048934753984212875
mid-teens,0.36691439151763916,0.05594890937209129
meth-addicted,0.36690834164619446,0.09377942979335785
kid.When,0.3668919801712036,0.06999874860048294
young-looking,0.36668479442596436,0.053295738995075226
marijuana-smoking,0.3666378855705261,0.06493227183818817
manchildren,0.36660459637641907,0.07138329744338989
acid-tripping,0.3665822148323059,0.09887908399105072
children-the,0.36657920479774475,0.0657179206609726
grunge-era,0.3664016127586365,0.058407172560691833
big-haired,0.36622363328933716,0.1097339317202568
hoodlum,0.3661472499370575,0.08026371896266937
garage-band,0.36612066626548767,0.08169464766979218
pop-star,0.3660893440246582,0.10096310824155807
teen-pregnancy,0.3660326302051544,0.05647337809205055
parentified,0.366011381149292,0.04573557898402214
23-yr-old,0.36588922142982483,0.09824240207672119
eight-years-old,0.3658144474029541,0.051456376910209656
lollita,0.3658124804496765,0.06625775992870331
16-YEAR-OLD,0.3657200038433075,0.07799345254898071
nearly-grown,0.3656880557537079,0.05265054106712341
30-something,0.3656061887741089,0.08701328188180923
Middle-School,0.36555609107017517,0.019674312323331833
yoof,0.3655127286911011,0.05634371563792229
under-21,0.3654715418815613,0.06421428918838501
gangbangers,0.3654308617115021,0.06779546290636063
parent-less,0.3654297888278961,0.042152151465415955
acne,0.36533647775650024,0.03473719209432602
Adult,0.3652745485305786,0.053700417280197144
stroppy,0.3651786148548126,0.09218936413526535
bright-faced,0.36512070894241333,0.08956275880336761
youg,0.3650473654270172,0.06435141712427139
6th-grader,0.36503076553344727,0.04986129328608513
27-year-olds,0.3649965822696686,0.054705020040273666
androgynous-looking,0.36499467492103577,0.08461541682481766
9th-grade,0.36498022079467773,0.05365702882409096
after-school-special,0.3648321330547333,0.05016103759407997
boys.As,0.36483150720596313,0.05568304285407066
grown-ass,0.3648223280906677,0.05704028159379959
mid-lifers,0.3648206293582916,0.0697801411151886
drama-loving,0.3647504448890686,0.09602911025285721
Youthfull,0.3645496070384979,0.06866025179624557
ADD-afflicted,0.36442506313323975,0.10720622539520264
under-18s,0.3644094169139862,0.06931763887405396
Grown-up,0.36432284116744995,0.04223990440368652
PRETEEN,0.36431801319122314,0.025642910972237587
eighth-grade,0.3642595708370209,0.058252979069948196
collegebound,0.3642488420009613,0.05302116274833679
pre-school-age,0.36420562863349915,0.05287311226129532
adults.One,0.3640933036804199,0.05871891602873802
cherubic,0.3640407621860504,0.10329163074493408
Angsty,0.36401084065437317,0.03940427675843239
frizzy-haired,0.3639928996562958,0.11896217614412308
adult-y,0.36385083198547363,0.023513952270150185
10-years-old,0.3637843132019043,0.05997456982731819
tearaway,0.3637406527996063,0.08925361186265945
youth.,0.36368581652641296,0.03312741219997406
College-Aged,0.36360815167427063,0.03591156005859375
youth-group,0.36351117491722107,0.05648541823029518
Ninth-grade,0.363476037979126,0.03136630728840828
purple-haired,0.36334118247032166,0.10656683892011642
gender-nonconforming,0.36328473687171936,0.030730510130524635
parents.Why,0.3632068634033203,0.04940526932477951
sexteen,0.3631548285484314,0.056230489164590836
pseudo-punk,0.3631319999694824,0.07495398074388504
pop-idol,0.3630140423774719,0.06327560544013977
youth.We,0.3630092144012451,0.06398648768663406
drinking-age,0.3629513680934906,0.0539444275200367
stepbrother,0.3629109263420105,0.07985027134418488
pop-stars,0.3628767728805542,0.04982266575098038
pre-schooler,0.36284974217414856,0.05046367645263672
girls.Girls,0.3627729117870331,0.06486068665981293
sixth-graders,0.3626561760902405,0.05958487093448639
shaggy-haired,0.36255303025245667,0.11299313604831696
Twilight-esque,0.36250272393226624,0.05340924486517906
precociously,0.36234328150749207,0.09476575255393982
midlifers,0.36222344636917114,0.06444090604782104
trombone-playing,0.36218374967575073,0.09219169616699219
Cyberbullied,0.3621535897254944,0.04914810135960579
Homeschooled,0.3620976209640503,0.02143597975373268
post-college,0.3620927929878235,0.05344006419181824
anti-emo,0.3619539141654968,0.03694961592555046
teena,0.361948162317276,0.06417587399482727
bildungsroman,0.3618525564670563,0.10023364424705505
under-17s,0.3618167042732239,0.0515897274017334
kidhood,0.3617172837257385,0.0976940244436264
Towheaded,0.36159664392471313,0.07506617158651352
stepfather,0.3615301847457886,0.07116896659135818
prank-loving,0.3615074157714844,0.10220664739608765
AdultsA,0.361489862203598,0.04276099428534508
sex-trafficked,0.36147189140319824,0.04734550788998604
sexually-liberated,0.3614647388458252,0.06654807925224304
Sixteen-,0.3614308834075928,0.05602441355586052
7th-grade,0.3614294230937958,0.061385378241539
runaways,0.36137935519218445,0.05407436564564705
smart-mouthed,0.36135903000831604,0.108571857213974
TeensTeen,0.3613291382789612,0.07359244674444199
adults.It,0.3613002300262451,0.06854813545942307
sexting,0.3612620532512665,0.05150683596730232
schoolchildren,0.36123305559158325,0.07685516029596329
age-inappropriate,0.3612188994884491,0.056242749094963074
post-prom,0.36116623878479004,0.05846754461526871
college-goers,0.36108678579330444,0.05736469477415085
parental,0.3610403835773468,0.0750080943107605
Fifteen-year-old,0.3609921634197235,0.06902600824832916
smart-mouth,0.3609473407268524,0.08304951339960098
crop-haired,0.3609320819377899,0.11800070852041245
under-25,0.36087554693222046,0.06580711901187897
18-to-29,0.36086931824684143,0.06036685034632683
stage-struck,0.36082029342651367,0.06439045071601868
them.Young,0.36074531078338623,0.06244004890322685
youth-centered,0.3607200086116791,0.04749860614538193
young-at-heart,0.3604828715324402,0.06260324269533157
childish,0.3603608012199402,0.07008111476898193
punk,0.360353946685791,0.05625295266509056
giggly,0.36023610830307007,0.07008223235607147
ADULTHOOD,0.36016035079956055,0.07375777512788773
girls.You,0.3600684702396393,0.058966122567653656
bobby-soxer,0.3600597381591797,0.08679309487342834
druggie,0.35994869470596313,0.07633636891841888
prom-goers,0.3598686456680298,0.07416889071464539
punk-rock,0.3598393499851227,0.07860352098941803
adults.There,0.3598267436027527,0.08053801208734512
dirty-blonde,0.35979506373405457,0.09853891283273697
curly-headed,0.35977157950401306,0.09077823907136917
track-suited,0.35974347591400146,0.11477421969175339
five-year-olds,0.3596193492412567,0.0699976459145546
far-too-young,0.3596186637878418,0.05547671392560005
kiddie,0.35956692695617676,0.07637175917625427
mom,0.3595049977302551,0.09069837629795074
attention-challenged,0.3594963252544403,0.04984162747859955
car-crazy,0.3594883978366852,0.05065321549773216
mature,0.35948193073272705,0.028019843623042107
24-year-olds,0.35940560698509216,0.061169348657131195
wild-child,0.3593754172325134,0.08823296427726746
seventh-grader,0.3592885732650757,0.06325428932905197
under-10s,0.35925260186195374,0.06302415579557419
flannel-wearing,0.3591664433479309,0.08907429873943329
gadget-obsessed,0.35910677909851074,0.055259302258491516
adult.There,0.3590559661388397,0.0344557985663414
street-hardened,0.3590521812438965,0.07108240574598312
drug-taking,0.3590492904186249,0.066910021007061
golden-haired,0.358794242143631,0.10118426382541656
girl-pop,0.35869720578193665,0.0705941691994667
23-year-old,0.35868701338768005,0.13054627180099487
pimples,0.3586243689060211,0.026530224829912186
ex-punk,0.35861146450042725,0.09130686521530151
father-absent,0.3585534691810608,0.050724562257528305
science-obsessed,0.35853448510169983,0.06871485710144043
parent,0.35851606726646423,0.04772849380970001
juvenille,0.3584385812282562,0.04607357457280159
parochial-school,0.358370840549469,0.07048606872558594
80-somethings,0.35836514830589294,0.0679817795753479
blonde-headed,0.35835278034210205,0.11209367215633392
forty-year-old,0.35823678970336914,0.11175056546926498
pouty-lipped,0.3582293391227722,0.10746874660253525
school-leaver,0.3582219183444977,0.06956218183040619
under-15,0.3582119941711426,0.0583973191678524
girlish,0.3581779897212982,0.09111693501472473
child-man,0.35814523696899414,0.08946704864501953
eighteen.,0.35807961225509644,0.019524596631526947
non-adult,0.3579472601413727,0.05087903514504433
nymphets,0.35794565081596375,0.03888056427240372
Mid-20s,0.3579065501689911,0.03565356880426407
pigtailed,0.35787177085876465,0.09811028093099594
blond-headed,0.3578546345233917,0.10336213558912277
pre-schoolers,0.35783907771110535,0.08364874124526978
preeteen,0.357753723859787,0.06455326080322266
20s,0.3575466275215149,0.06767017394304276
sugar-fueled,0.35749274492263794,0.07921545207500458
thirtyish,0.35746780037879944,0.07515418529510498
children-a,0.35745781660079956,0.0631212666630745
7-year-olds,0.35737693309783936,0.06397730112075806
stepson,0.3572995662689209,0.08450733125209808
boy-bands,0.3572976589202881,0.04408890753984451
binge-drinking,0.3572687804698944,0.048970893025398254
18-and-under,0.35723066329956055,0.038295842707157135
pony-tailed,0.3571423888206482,0.12934650480747223
adult2,0.3571145832538605,0.04494846984744072
book-obsessed,0.3571074903011322,0.07459598779678345
chestnut-haired,0.3570987284183502,0.09776158630847931
