set,1.0374308824539185,1.3958112001419067,1.0274293422698975
site,1.082878828048706,1.2572174072265625,1.263676643371582
After,0.9408774971961975,1.1574567556381226,1.3196220397949219
music,1.599013090133667,1.760474681854248,0.811179518699646
series,1.1686071157455444,0.9017471075057983,1.4229270219802856
writing,1.4191678762435913,1.7880088090896606,1.5398850440979004
issue,1.7169806957244873,1.255316972732544,1.403779149055481
film,1.2428510189056396,1.1849987506866455,1.065388560295105
issues,1.7017604112625122,0.8992934226989746,1.3107174634933472
cover,1.2606613636016846,0.8560323715209961,0.8563683032989502
drive,1.6428332328796387,1.5088930130004883,0.9847812652587891
First,0.8713269829750061,1.2416242361068726,0.8717002272605896
began,1.2735520601272583,1.4528794288635254,1.1658132076263428
summer,1.3496904373168945,1.8526781797409058,1.1046180725097656
girl,1.4309852123260498,1.746556282043457,0.8867696523666382
period,1.0434672832489014,0.9673462510108948,1.0594226121902466
London,1.2102729082107544,1.6886377334594727,1.1306208372116089
became,0.8071404099464417,0.879301905632019,1.0928127765655518
network,1.4411710500717163,0.91780024766922,1.5626932382583618
track,1.6184877157211304,1.7738858461380005,0.8275787830352783
April,1.0331007242202759,1.0124766826629639,0.8478348851203918
weekend,0.8713859915733337,1.3406295776367188,0.803305983543396
hot,0.8866333961486816,1.2468631267547607,1.4839658737182617
band,1.7320504188537598,1.7931241989135742,1.6615402698516846
policy,1.422088384628296,1.0319916009902954,1.0415031909942627
June,1.01749849319458,1.2665499448776245,1.0325180292129517
2005,0.8577106595039368,0.8479557633399963,0.8442389965057373
internet,1.0948421955108643,1.5775926113128662,1.4130491018295288
July,0.9621409177780151,1.3740535974502563,1.0148344039916992
Internet,1.0817935466766357,1.5785961151123047,1.5658605098724365
sites,0.8677594661712646,1.1047780513763428,0.932939887046814
college,1.3044182062149048,1.8029229640960693,1.2806422710418701
scene,1.4557806253433228,1.6720753908157349,1.2900828123092651
led,1.578019618988037,1.387174367904663,1.1757827997207642
setting,1.6027203798294067,1.6278809309005737,1.4680917263031006
Facebook,1.4896355867385864,1.6185966730117798,1.5760787725448608
August,0.9692897200584412,1.3075381517410278,0.9691790342330933
sex,1.0990692377090454,1.7682154178619385,1.5557453632354736
target,1.1743837594985962,1.410220742225647,1.1053528785705566
driving,1.4258025884628296,1.4354183673858643,1.4703527688980103
spring,1.1064472198486328,1.4826682806015015,0.9111601114273071
club,0.9033518433570862,1.3999971151351929,1.1799042224884033
Review,1.0100486278533936,0.9580923914909363,1.391469120979309
competition,1.6766846179962158,1.555705189704895,1.1880536079406738
pressure,1.1192644834518433,0.9499617218971252,1.3626677989959717
writer,0.8913467526435852,1.4173773527145386,0.8557839393615723
Share,1.6695623397827148,1.0857514142990112,1.049615740776062
influence,1.65529203414917,0.9887787699699402,1.1315782070159912
discovered,1.2835848331451416,1.2932378053665161,1.4565517902374268
battle,1.5265936851501465,0.9509468078613281,1.5250378847122192
volume,1.2261736392974854,1.3280041217803955,1.7146989107131958
session,1.6109318733215332,1.3897804021835327,0.9153670072555542
traffic,1.2930376529693604,1.484121561050415,1.1503772735595703
Twitter,1.544342041015625,1.637243390083313,1.7740100622177124
rock,1.1379977464675903,1.5536556243896484,1.1323111057281494
rise,1.1836624145507812,0.8936386108398438,1.5720394849777222
North,1.2264760732650757,0.8850986957550049,0.9245940446853638
posting,1.479784607887268,0.9986522793769836,1.3298633098602295
profile,0.9882903695106506,0.8022520542144775,1.2124416828155518
caught,1.3823165893554688,1.3835443258285522,0.9048885107040405
trouble,1.0266419649124146,1.4640779495239258,1.0213711261749268
opinion,1.0236868858337402,1.1185089349746704,1.2152081727981567
College,1.404394268989563,1.5985665321350098,1.345021367073059
interview,1.3379448652267456,0.9371060729026794,0.9235476851463318
covers,1.123095989227295,1.0000826120376587,1.3434925079345703
shooting,1.5100640058517456,1.5286085605621338,1.1285487413406372
drugs,1.4859834909439087,1.691327452659607,1.2143909931182861
Paris,1.124397873878479,1.4557515382766724,1.1569876670837402
radio,1.415757179260254,1.49005126953125,0.8289259076118469
channel,1.4117615222930908,1.7514656782150269,1.1392260789871216
initial,0.9759240746498108,1.1516281366348267,0.8563104271888733
violence,1.4856969118118286,1.7271140813827515,1.008302092552185
crime,1.57088303565979,1.6463249921798706,0.8418982625007629
drug,1.431981086730957,1.5402510166168213,1.4706991910934448
identify,0.9492530822753906,1.1164512634277344,1.1059343814849854
ended,1.11998450756073,1.2727413177490234,0.9521835446357727
magazine,0.9921600222587585,1.289465308189392,0.9415950775146484
Set,1.4105103015899658,1.7389923334121704,1.0505127906799316
feedback,1.2888071537017822,1.147430658340454,0.8971688151359558
drivers,1.2010949850082397,0.8328785300254822,1.1772481203079224
caused,1.4468834400177002,1.2883249521255493,1.0117403268814087
charges,1.3234055042266846,0.8862261772155762,0.8217584490776062
dangerous,1.2631466388702393,1.5845767259597778,0.9561847448348999
debt,0.9970566630363464,0.9825173020362854,1.0959993600845337
youth,1.5918898582458496,1.6822277307510376,1.668375849723816
Team,1.5039371252059937,0.8644757866859436,1.2072080373764038
launched,1.3450957536697388,1.2093814611434937,1.5272953510284424
attempt,1.2217140197753906,1.5105854272842407,1.1047933101654053
forces,1.3404170274734497,1.0483065843582153,0.9045141339302063
chapter,1.1398066282272339,0.9559699296951294,1.153551697731018
scenes,1.629755973815918,1.575180172920227,0.8511533141136169
struggle,1.1398991346359253,1.4242554903030396,1.3662649393081665
plot,0.8908727765083313,1.419431209564209,1.296665906906128
hopes,1.1473920345306396,1.5371302366256714,1.0497366189956665
High,1.7592543363571167,1.681313157081604,1.4566165208816528
causing,1.3617008924484253,0.8554525971412659,1.089280605316162
pop,1.1532313823699951,1.6682589054107666,0.8772554397583008
Second,0.8556192517280579,1.0132509469985962,1.2637362480163574
contest,1.013193130493164,1.607574701309204,1.2283649444580078
Summer,1.3699274063110352,1.81663179397583,1.3674285411834717
wild,1.0779695510864258,1.6399824619293213,0.8610522747039795
listening,0.8147009015083313,1.190817952156067,1.1614067554473877
string,0.8945585489273071,1.547304391860962,0.8691244125366211
mass,1.0345532894134521,1.147815227508545,1.1266026496887207
alcohol,0.9405377507209778,1.1980379819869995,1.4954285621643066
murder,1.4556527137756348,1.3867018222808838,1.1189699172973633
Sam,1.1786288022994995,1.101132869720459,0.8188097476959229
deals,1.1543240547180176,1.1527577638626099,1.2104274034500122
Martin,1.3622058629989624,1.1516122817993164,1.2644850015640259
1999,1.0708593130111694,1.1909879446029663,0.9092885851860046
tone,1.2958383560180664,1.3471823930740356,1.1392394304275513
Seattle,1.0357908010482788,0.8598320484161377,1.0121113061904907
fuck,0.894317626953125,1.4705456495285034,1.0336970090866089
gay,0.9846776723861694,1.6619632244110107,1.5678579807281494
acts,1.0134309530258179,1.6838656663894653,1.1622092723846436
charged,0.9789192080497742,1.0022037029266357,0.9548329710960388
Ryan,1.2183473110198975,1.1368169784545898,0.8779563903808594
Author,1.3398617506027222,1.6840366125106812,0.9627608060836792
drinking,0.8111096620559692,0.9799747467041016,1.6229751110076904
Toronto,1.151099681854248,0.924769401550293,1.1705814599990845
fucking,0.8973258137702942,1.6341273784637451,1.0492786169052124
drama,1.3069409132003784,1.7394130229949951,1.4542274475097656
Young,0.9225731492042542,0.8929785490036011,1.6866894960403442
strike,1.5520875453948975,1.3869175910949707,1.1571993827819824
exploring,0.8082275986671448,1.1414880752563477,0.9582943916320801
brief,1.2949939966201782,1.5831773281097412,1.0999444723129272
gym,1.33713698387146,1.6079553365707397,0.8472448587417603
concert,1.3936471939086914,1.6453144550323486,0.8876343965530396
hitting,1.2961769104003906,1.4595105648040771,1.1983088254928589
Rock,0.85226970911026,1.0597217082977295,0.9961246848106384
mood,0.9452074766159058,1.4257599115371704,1.1859946250915527
guitar,1.5140604972839355,1.6581860780715942,0.9955322742462158
studying,1.301753044128418,1.290839433670044,1.0470527410507202
wave,1.199277639389038,1.30488121509552,0.8471462726593018
Queen,0.9240682125091553,1.1146965026855469,0.9815188050270081
discovery,1.1819334030151367,1.5445923805236816,0.8538095951080322
sessions,1.3792753219604492,1.4439325332641602,0.9389991760253906
ass,1.1022330522537231,1.4554853439331055,0.858331561088562
storm,1.5959478616714478,1.7540799379348755,1.429443359375
extreme,1.3870186805725098,1.4048924446105957,1.1199065446853638
bands,1.501199722290039,1.7305268049240112,1.2571942806243896
flash,1.7050195932388306,1.5812900066375732,1.0138624906539917
initially,1.3321104049682617,1.0870343446731567,1.3220202922821045
drives,1.4471800327301025,1.0959725379943848,1.2785438299179077
quotes,1.735739827156067,1.2287050485610962,0.9659157395362854
1997,1.1152732372283936,1.0256872177124023,0.8481735587120056
interviews,1.6174122095108032,1.2893346548080444,1.5986156463623047
lyrics,1.762665033340454,1.8040112257003784,0.9212030172348022
garage,1.5452381372451782,1.6121585369110107,0.9298970699310303
Model,1.3884841203689575,1.0080361366271973,1.2295289039611816
anger,1.3531467914581299,1.324913501739502,0.9043099880218506
Nick,1.3429503440856934,1.5183130502700806,0.9928769469261169
frequency,1.5563327074050903,1.5746759176254272,1.0632197856903076
crash,1.1967235803604126,0.998852550983429,1.0412886142730713
Jason,1.3586795330047607,1.1848396062850952,0.8307998776435852
Sydney,1.2885777950286865,1.4378023147583008,1.1451691389083862
York,0.9729897975921631,0.9507598876953125,0.8478882908821106
grew,0.9313724637031555,0.9338659048080444,0.9617305397987366
Taylor,1.5135983228683472,1.3752944469451904,1.504701018333435
YouTube,1.575290322303772,1.6248469352722168,1.2452865839004517
driven,1.1943084001541138,1.0664293766021729,1.3987348079681396
trends,1.2133675813674927,0.8083685040473938,1.5077489614486694
Jordan,1.5347306728363037,1.6644201278686523,1.2166461944580078
editing,0.9432425498962402,1.0269938707351685,1.4882663488388062
gained,0.8564266562461853,0.9131818413734436,1.2555261850357056
genre,1.2761051654815674,1.740607738494873,1.4870766401290894
Girl,1.3696835041046143,1.810837745666504,1.304571509361267
Victoria,1.2952557802200317,1.0127683877944946,0.830731213092804
Writing,1.1676435470581055,1.8395476341247559,1.427359700202942
clubs,0.9470080137252808,1.3866877555847168,0.935308039188385
drove,1.3790844678878784,1.3843668699264526,1.536630630493164
dialogue,0.8854613304138184,1.0105681419372559,0.8362644910812378
Drive,1.4913429021835327,1.228091835975647,0.8724468946456909
circuit,1.5733639001846313,1.2345905303955078,1.203262448310852
contacts,1.5392014980316162,1.1709038019180298,1.7082222700119019
Future,0.8014483451843262,1.0879844427108765,1.1466482877731323
attempts,1.3627220392227173,1.4896645545959473,1.1801002025604248
Amy,1.2199960947036743,1.512482762336731,0.8525478839874268
romance,1.0344176292419434,1.6681419610977173,1.4779301881790161
encounter,1.1623462438583374,1.3544515371322632,1.334198236465454
pricing,1.291481852531433,0.9812227487564087,1.109116792678833
essay,1.4112086296081543,1.5940377712249756,0.8961865901947021
struggling,0.850932240486145,1.0535507202148438,1.4205241203308105
sexual,0.8167457580566406,1.5040675401687622,1.0925066471099854
Wilson,1.4943355321884155,1.4365906715393066,1.0140475034713745
intense,1.3639867305755615,1.4101191759109497,1.2980622053146362
crack,1.4604617357254028,1.2214487791061401,1.2066043615341187
singer,1.0844911336898804,1.290334939956665,1.2210131883621216
arrested,1.076266884803772,1.0663983821868896,1.036242961883545
smoking,1.2363039255142212,1.1822644472122192,1.4664652347564697
virus,1.6072967052459717,1.6567578315734863,1.3733311891555786
Dean,1.5479843616485596,1.1621507406234741,1.118558406829834
Girls,1.2631969451904297,1.6857316493988037,1.2661385536193848
Hot,0.8034245371818542,1.1806427240371704,1.4404029846191406
Ontario,1.1158435344696045,1.0674315690994263,1.189129114151001
makeup,1.3915342092514038,0.8758495450019836,1.7254164218902588
teens,1.3148161172866821,1.675138235092163,1.450404167175293
Rachel,1.4805426597595215,1.7009203433990479,0.9771583676338196
Rob,1.420810341835022,1.031199336051941,0.8219795823097229
bass,1.6189944744110107,1.6403506994247437,1.5678569078445435
solo,0.8026294112205505,1.1494860649108887,1.03748619556427
struck,1.306596040725708,1.318159818649292,1.4459713697433472
Columbia,0.9298897981643677,0.960136890411377,0.8903955221176147
teen,1.5456048250198364,1.747199296951294,1.5864415168762207
Beauty,0.9120350480079651,0.8514314889907837,1.1202712059020996
confusion,0.9055753350257874,1.3049911260604858,0.9519945979118347
overnight,1.43216073513031,1.4894745349884033,1.5172877311706543
Policy,1.183273434638977,1.0003702640533447,1.1206390857696533
Instagram,1.240179181098938,1.5170358419418335,1.0010701417922974
debut,1.060819149017334,1.683320164680481,1.4374650716781616
League,1.3537802696228027,1.7105050086975098,1.4135756492614746
Lewis,1.5486817359924316,1.402222990989685,1.2239688634872437
Edward,1.548418402671814,1.2891508340835571,1.2541483640670776
Anonymous,1.6089545488357544,1.555095911026001,1.6407146453857422
threats,1.5635275840759277,0.8065983057022095,0.8791429996490479
identifying,1.1140037775039673,0.988556444644928,1.148056983947754
arrest,1.083827257156372,0.8276609778404236,1.2714124917984009
killer,1.2816226482391357,1.302658200263977,1.0609244108200073
texts,1.6998696327209473,1.4925495386123657,1.2084412574768066
popularity,1.72598397731781,1.6459431648254395,1.6127371788024902
tension,1.0112730264663696,1.4953113794326782,1.5124472379684448
jeans,1.2115567922592163,1.6894534826278687,1.6236107349395752
downloaded,1.0254030227661133,1.1462079286575317,1.3670939207077026
violent,1.6297237873077393,1.7288872003555298,1.1638990640640259
porn,0.9501273036003113,1.6767481565475464,1.4150972366333008
D.C.,1.015200138092041,1.5308345556259155,0.9594141840934753
Latin,1.0243617296218872,1.2517414093017578,1.1216318607330322
naked,0.9949685335159302,1.6115813255310059,0.9463836550712585
desperate,1.0418708324432373,1.3375160694122314,1.1897706985473633
novels,1.679868459701538,1.8603644371032715,1.4030838012695312
Student,1.4196867942810059,1.5159505605697632,1.1004998683929443
Pink,1.3648048639297485,1.8329826593399048,1.4210851192474365
attempted,1.1582999229431152,1.2827801704406738,1.360068678855896
charts,1.4052315950393677,1.7721260786056519,1.221190333366394
Poland,1.2076308727264404,1.509016990661621,0.8288968801498413
cock,0.953251302242279,1.173371434211731,1.044419527053833
Grant,1.6931679248809814,1.307071566581726,1.1699436902999878
frustration,1.0391918420791626,1.4155058860778809,0.9483945369720459
struggles,1.2812525033950806,1.574242115020752,1.3286564350128174
Tech,1.2231125831604004,0.8171678781509399,0.8080525398254395
Jessica,1.6159394979476929,1.7191401720046997,1.0993688106536865
profiles,1.085510015487671,0.8332815766334534,1.5500842332839966
controversial,1.240549087524414,1.0436742305755615,1.0538041591644287
girlfriend,1.258016586303711,1.51309072971344,1.2812259197235107
Justin,1.5241854190826416,1.274770975112915,1.0325857400894165
Angel,1.644201397895813,1.5337986946105957,1.2108443975448608
Clark,1.405755639076233,1.430127501487732,1.2275364398956299
Oxford,0.8527320027351379,1.4691178798675537,1.0090793371200562
Morgan,1.4813424348831177,1.4152730703353882,1.3769803047180176
Aaron,1.6023237705230713,1.1157339811325073,0.9364323616027832
Hamilton,1.4450262784957886,1.316183090209961,1.4501373767852783
GPS,0.9416499137878418,0.8859562873840332,0.8128442764282227
boyfriend,1.316948413848877,1.6617432832717896,1.3582319021224976
isolated,1.1917394399642944,1.272310495376587,1.092685580253601
Third,0.8233134150505066,0.88613361120224,1.3525766134262085
confusing,1.0845860242843628,1.2014516592025757,1.249894618988037
squad,1.5949277877807617,1.0888069868087769,1.2731432914733887
acid,1.4493110179901123,1.188698410987854,1.0410102605819702
prospects,1.2290014028549194,1.3597092628479004,1.4351825714111328
Chelsea,0.9049091935157776,1.5236880779266357,0.8111732006072998
Caribbean,0.9973878264427185,1.5831319093704224,1.3279194831848145
Nashville,0.9300135970115662,1.3433696031570435,1.333315372467041
chemistry,1.349050521850586,1.0053433179855347,0.9021251797676086
junior,0.9199349880218506,1.272119402885437,1.3488620519638062
terrorism,1.628749132156372,1.5133808851242065,0.8822253942489624
Dublin,1.3028929233551025,1.3281584978103638,1.4630800485610962
Avenue,1.2415010929107666,0.9542210698127747,0.841364324092865
Movies,0.8883995413780212,1.6207062005996704,0.9880853295326233
chapters,1.1800997257232666,1.3669745922088623,1.4025903940200806
Lane,1.0496008396148682,1.3763421773910522,1.042417049407959
Bell,1.4097188711166382,1.2421224117279053,0.8313133716583252
gang,1.5803049802780151,1.4978783130645752,1.4715006351470947
Guy,1.0352531671524048,1.3667875528335571,1.1716759204864502
Mississippi,1.2275248765945435,1.468215823173523,1.1043410301208496
scholarship,1.3629038333892822,1.1553720235824585,0.8730751872062683
Ross,1.3581498861312866,1.082902193069458,1.1548329591751099
briefly,1.1940053701400757,1.4334863424301147,1.2916285991668701
shorts,1.2664718627929688,1.6533868312835693,1.2592252492904663
Battle,1.5026137828826904,0.993742048740387,0.9626736044883728
Madison,1.1710784435272217,1.552179217338562,1.3539166450500488
dynamics,1.3676838874816895,1.199673056602478,1.5488580465316772
Youth,1.4537683725357056,1.5664947032928467,1.7851780652999878
encountered,1.0511515140533447,1.2187811136245728,1.4163326025009155
Montreal,1.19237220287323,0.9070842266082764,1.1017810106277466
suicide,1.5537285804748535,1.6572834253311157,1.8012930154800415
Israeli,1.073773741722107,1.4503657817840576,1.139319658279419
taxi,1.0660101175308228,0.8916867971420288,0.8884007930755615
nail,0.9717528820037842,1.06118643283844,1.0721478462219238
Sean,1.62946617603302,1.1974905729293823,0.8395972847938538
mod,0.9553505182266235,0.8980551958084106,1.1004761457443237
facebook,1.5038212537765503,1.784042239189148,1.247649073600769
Dawn,1.558713674545288,0.9490662813186646,1.2221437692642212
tactics,1.4914857149124146,1.1026077270507812,0.9494525194168091
passionate,0.8475314378738403,1.4502421617507935,1.2038445472717285
heated,0.8548985123634338,0.9969168305397034,1.4356569051742554
launching,1.068813681602478,1.6003342866897583,1.6322499513626099
mall,1.3342325687408447,1.6722646951675415,1.0225659608840942
overwhelming,1.2252752780914307,1.528916358947754,0.9773433804512024
casting,1.2541040182113647,1.1896252632141113,1.3323931694030762
1970s,1.367067575454712,1.5532680749893188,1.0730714797973633
strikes,1.409307599067688,1.437859296798706,1.0438824892044067
Louis,1.2526832818984985,1.1539891958236694,1.2512154579162598
Band,1.2704169750213623,1.382400393486023,1.0547542572021484
nails,1.5262596607208252,1.2570949792861938,0.886152982711792
subsequently,1.0602935552597046,1.014426827430725,0.9955916404724121
battles,1.620825171470642,1.5267616510391235,1.2109239101409912
addiction,1.3940849304199219,1.5380799770355225,1.3052529096603394
surf,1.4156169891357422,1.8682690858840942,1.0031553506851196
Carter,1.604553461074829,1.3241766691207886,1.2200756072998047
Boys,1.2236831188201904,1.6264376640319824,0.8071520924568176
Montana,0.983436107635498,1.064496397972107,1.0994348526000977
Ashley,1.5298590660095215,1.5361658334732056,1.1993868350982666
1980s,1.4638726711273193,1.6832454204559326,1.0651137828826904
Harris,0.9566461443901062,1.1381006240844727,0.9046717882156372
panic,1.486723780632019,1.634118914604187,1.2200512886047363
teenagers,1.2440985441207886,1.663856863975525,1.3759832382202148
wires,1.326433777809143,1.5493658781051636,1.3826395273208618
1960s,1.3908783197402954,1.5717566013336182,1.0741260051727295
MB,1.2977855205535889,1.2295677661895752,0.9316051602363586
Northern,0.8296779990196228,1.3678745031356812,1.247626781463623
pins,1.425378680229187,1.3605777025222778,0.904894232749939
momentum,0.8728066682815552,0.9001840949058533,1.3105593919754028
Tyler,1.4383214712142944,1.5677673816680908,0.8968185782432556
essays,1.4684240818023682,1.4650123119354248,1.179992914199829
conviction,1.3478810787200928,1.5854812860488892,0.8255358338356018
modeling,0.8580895662307739,1.5715378522872925,1.1208430528640747
underground,1.6999855041503906,1.7117410898208618,1.7272437810897827
assault,1.3830610513687134,1.4319044351577759,1.1558892726898193
wasted,1.3769264221191406,1.0205386877059937,1.2811074256896973
clips,1.5053799152374268,1.6128453016281128,1.1700167655944824
Sara,1.6117244958877563,1.6487115621566772,1.2309221029281616
Atlantic,0.9297537207603455,1.6470552682876587,1.6009914875030518
anime,1.3425657749176025,1.7400524616241455,1.4282516241073608
bitch,0.9140866994857788,1.2765347957611084,0.8877360820770264
downloading,1.4258670806884766,1.5866619348526,1.6713545322418213
Rate,1.2117387056350708,1.235952615737915,1.2616387605667114
twitter,1.572909951210022,1.7347437143325806,1.5361968278884888
Junior,0.8020412921905518,1.4700449705123901,1.1214302778244019
Danny,1.4138256311416626,1.5424929857254028,0.9007115364074707
explored,0.8395863175392151,1.14585280418396,1.0451502799987793
vocals,1.5454055070877075,1.2485616207122803,0.9413067698478699
pussy,1.0454425811767578,1.3600205183029175,0.9619572162628174
Kennedy,1.5930376052856445,1.3521461486816406,1.1392461061477661
Marie,1.262821912765503,1.199636459350586,0.8364995121955872
nationwide,0.8941493630409241,1.3299052715301514,0.8917825222015381
Cameron,1.4390232563018799,1.5350396633148193,1.2100436687469482
lit,0.9182921648025513,1.18597412109375,0.9354082942008972
Angels,1.7438971996307373,1.2271794080734253,0.9964065551757812
Lawrence,1.4823914766311646,1.5817421674728394,1.5477830171585083
Nicole,1.610863208770752,1.6073356866836548,0.8267664313316345
Bella,1.3933467864990234,1.810666799545288,1.5494942665100098
Blues,1.103414535522461,1.2892980575561523,1.195046067237854
Adams,1.4283300638198853,1.0672504901885986,1.0138899087905884
Thompson,1.4260932207107544,0.8324621319770813,1.2282919883728027
tunnel,1.0326284170150757,1.391445279121399,1.0950058698654175
Lauren,1.057732105255127,1.666833519935608,0.9346542954444885
duo,1.235314130783081,1.0405532121658325,1.3845409154891968
marijuana,1.277211308479309,1.7906993627548218,1.7126513719558716
shy,1.0363954305648804,1.4565199613571167,1.1065582036972046
trio,1.03132164478302,1.1891759634017944,1.4896042346954346
rage,1.603644847869873,1.7769442796707153,1.3338005542755127
AA,0.8091115951538086,0.8998379707336426,1.5410698652267456
surveys,1.1202290058135986,1.128137469291687,1.1231093406677246
Dell,1.5314953327178955,1.0233128070831299,1.749288558959961
Lebanon,1.2826772928237915,1.549270749092102,1.2605293989181519
Perry,1.64788019657135,1.2178199291229248,1.2222676277160645
Polish,0.9750896096229553,1.2001615762710571,1.18736732006073
Speed,1.60148286819458,1.2919576168060303,1.1746330261230469
startup,1.4463598728179932,1.3554935455322266,1.3307470083236694
deadly,1.3580334186553955,1.4707385301589966,1.0453994274139404
explores,1.3274903297424316,1.4681304693222046,1.179577350616455
gaining,0.9385240077972412,0.9410918951034546,1.6046099662780762
excessive,1.0869563817977905,0.9260641932487488,0.9091414213180542
downloads,1.2706025838851929,1.557937502861023,1.306165337562561
brutal,1.542413592338562,1.4906855821609497,1.2829737663269043
outlet,0.8555262088775635,1.76120924949646,1.4133729934692383
dash,1.2452493906021118,1.3860408067703247,1.2504289150238037
Claire,1.3487823009490967,1.631430745124817,0.9301087856292725
bullet,1.2578123807907104,1.2262251377105713,0.9859595894813538
discovering,0.8639140725135803,1.4319226741790771,1.2341043949127197
struggled,1.2555429935455322,1.1796694993972778,1.3617501258850098
Stewart,0.8338790535926819,0.9721753001213074,1.1436940431594849
Broadway,1.1685543060302734,1.7232723236083984,1.1665441989898682
butt,0.9768373966217041,1.2765365839004517,0.8082809448242188
Summary,1.0743443965911865,1.3832786083221436,1.4894288778305054
protests,1.3715362548828125,0.9196863770484924,1.011377215385437
Pop,1.2030651569366455,1.7448443174362183,1.0499343872070312
Diamond,1.528875708580017,1.453892707824707,1.6048492193222046
Front,1.1749134063720703,1.4964255094528198,1.3163063526153564
switches,1.509279727935791,1.5775278806686401,1.5172812938690186
Channel,1.6034430265426636,1.7346402406692505,1.3275140523910522
responding,1.0236228704452515,0.8475914001464844,1.2116804122924805
polish,0.9871846437454224,0.8309177160263062,1.3595792055130005
timeline,1.1430836915969849,1.101839303970337,0.9209383726119995
invasion,1.0582478046417236,1.586756944656372,1.0382144451141357
Bristol,1.0896021127700806,1.124621033668518,1.2154823541641235
streaming,0.8981507420539856,1.0897079706192017,1.269512414932251
conspiracy,1.0053095817565918,1.0498921871185303,1.0358492136001587
MP3,1.1071008443832397,1.2899105548858643,1.1101117134094238
barriers,0.9558994174003601,0.9494728446006775,0.8589040637016296
motorcycle,0.8693333268165588,0.9704587459564209,1.1783992052078247
Beth,1.0507097244262695,1.223687767982483,0.829109787940979
Milan,0.9031622409820557,1.5128015279769897,0.8679723739624023
Brandon,1.579060673713684,1.366949200630188,0.9862289428710938
Los,1.365122675895691,1.1775336265563965,1.01641047000885
attitudes,1.148484706878662,1.5210938453674316,1.2330317497253418
Arab,0.9469707012176514,1.31060791015625,1.0850998163223267
Secret,0.8508861660957336,1.0558000802993774,0.9290429949760437
gig,0.9534706473350525,1.5117663145065308,0.993610143661499
pills,1.1471213102340698,1.1698881387710571,1.137704610824585
outlook,1.2728995084762573,1.2942605018615723,1.1057384014129639
amp,1.5433098077774048,1.5535759925842285,1.4924448728561401
Dick,0.833418607711792,0.870586633682251,0.9156365394592285
Metal,1.4679099321365356,0.8395626544952393,1.2655099630355835
soundtrack,1.1843640804290771,1.7381318807601929,1.1478017568588257
Popular,0.8444978594779968,1.0669502019882202,1.1925019025802612
Gay,1.2978159189224243,1.5625710487365723,1.6752452850341797
Crystal,1.357242226600647,1.306544303894043,1.0663942098617554
Metro,1.4722506999969482,0.8085886836051941,0.8923296928405762
explosion,1.5837289094924927,1.2176457643508911,1.1984796524047852
mindset,1.1933982372283936,1.6958545446395874,0.929571807384491
Volume,1.28229820728302,1.5919462442398071,1.5858768224716187
armed,1.0611727237701416,1.482100009918213,1.1867866516113281
1990s,1.3868756294250488,1.7010478973388672,1.2587202787399292
mirrors,1.2547333240509033,1.1113580465316772,1.340017557144165
tattoo,1.4993103742599487,1.688533067703247,1.5299772024154663
gauge,0.8857493996620178,1.073254942893982,1.2670530080795288
Neil,1.3421458005905151,1.0778931379318237,0.8681977391242981
teenager,1.603156328201294,1.7603175640106201,1.462725043296814
Focus,1.294198989868164,1.4019837379455566,0.8065603375434875
emerged,1.2319797277450562,1.3030505180358887,1.4885904788970947
Episode,0.8719513416290283,0.802422821521759,0.9637174010276794
bust,0.8054611086845398,0.957626461982727,1.0867295265197754
tweets,1.588274598121643,1.6830894947052002,1.0819964408874512
Mitchell,1.5671930313110352,1.1387180089950562,1.4297281503677368
Diana,1.628609538078308,1.1813584566116333,1.3817781209945679
speeds,1.4643054008483887,1.3366146087646484,1.3608959913253784
troubles,0.8315625786781311,1.2366738319396973,1.0832538604736328
spotlight,1.3494082689285278,1.6587754487991333,0.8629944324493408
touring,0.8937097787857056,1.2663371562957764,1.1168736219406128
hardcore,1.0505903959274292,1.4438507556915283,1.4698753356933594
shoots,1.3405981063842773,1.5765109062194824,1.3942619562149048
Genesis,1.2190340757369995,1.0584301948547363,1.3790048360824585
crush,1.2241203784942627,1.5006662607192993,1.1360576152801514
Minneapolis,1.134995937347412,1.2539674043655396,1.4316176176071167
Login,0.8085755705833435,1.4308454990386963,0.821344792842865
visibility,1.2245668172836304,1.5897701978683472,0.9083325862884521
pole,1.405997633934021,1.4378159046173096,1.4209625720977783
Starbucks,0.8625769019126892,1.3145831823349,1.120518445968628
Jesse,1.5338728427886963,1.5005040168762207,0.8871049284934998
amid,0.8151774406433105,1.028439998626709,1.2052571773529053
filming,1.6950292587280273,1.490959644317627,1.3774091005325317
peers,1.7934489250183105,1.3727691173553467,1.6537164449691772
Skype,0.9928704500198364,1.0786155462265015,0.8839275240898132
Ash,1.637913465499878,1.1721625328063965,1.389097809791565
surfing,1.7425949573516846,1.8781802654266357,1.1051164865493774
Brazilian,1.0187389850616455,1.1285440921783447,1.109863042831421
demons,1.6955678462982178,1.471262812614441,1.369781494140625
branding,1.1192383766174316,1.690041184425354,0.8782761693000793
buzz,0.9684926271438599,1.710939645767212,1.3102959394454956
analyzing,1.3305490016937256,1.044399380683899,1.5772422552108765
Megan,1.418222427368164,1.7049354314804077,1.0716005563735962
sensation,1.2748827934265137,1.7483326196670532,1.1801836490631104
identifies,0.965081512928009,0.8109722137451172,1.0606826543807983
Troy,1.0017186403274536,0.8108369708061218,0.8972745537757874
pill,1.0193043947219849,1.312929630279541,0.9712843894958496
Spencer,1.453446388244629,1.2711925506591797,0.931002676486969
Storm,1.60254967212677,1.4110513925552368,1.1052061319351196
Holly,1.2124532461166382,1.3533188104629517,0.9472504258155823
Driver,1.3515368700027466,1.1023865938186646,1.3786286115646362
cab,1.2908118963241577,1.2542001008987427,1.5135589838027954
Casey,1.6092418432235718,1.6141008138656616,1.013232946395874
boom,0.9092798829078674,1.302985429763794,1.038878083229065
openly,1.029999017715454,0.9662041068077087,0.8241416215896606
Amber,1.5422368049621582,1.3503196239471436,0.9207283854484558
Evans,1.3658556938171387,1.3954509496688843,1.130955457687378
flooding,1.782846450805664,1.3902214765548706,1.1061646938323975
velocity,1.205605149269104,1.3310626745224,1.280993103981018
Electric,1.5406965017318726,1.1547446250915527,1.2533403635025024
Eagles,1.2314573526382446,0.8970398902893066,0.8154691457748413
se,1.26028573513031,1.2108957767486572,0.9138519763946533
vampire,1.4302088022232056,1.559718132019043,1.66134774684906
quarterback,1.307043194770813,1.3876442909240723,0.8155423998832703
flames,1.7195132970809937,1.665842890739441,1.133442997932434
sexuality,1.0440077781677246,1.563590407371521,1.2342387437820435
Colombia,1.4010584354400635,1.4629366397857666,0.898594081401825
Competition,1.4243707656860352,1.4086400270462036,1.0911508798599243
80s,1.3417764902114868,1.6045634746551514,1.0661641359329224
bang,0.8602564334869385,1.5886753797531128,0.9933858513832092
L.A.,1.393973469734192,1.560935378074646,1.1517549753189087
blonde,0.9281687140464783,1.3531373739242554,1.3888123035430908
Pearl,1.7473814487457275,1.6866137981414795,1.354951024055481
Midwest,0.9341278076171875,1.5547183752059937,1.0578253269195557
lesbian,1.0886948108673096,1.59190034866333,1.6377545595169067
amateur,0.9344130158424377,1.3486051559448242,1.3916141986846924
SMS,1.2645224332809448,1.5093836784362793,0.9810054898262024
crust,0.9668533802032471,0.9225543737411499,0.8397829532623291
bullying,1.6305267810821533,1.7797632217407227,1.3758662939071655
drilling,1.6968430280685425,1.4010746479034424,1.158545970916748
Collins,1.5882899761199951,1.5726544857025146,1.8049938678741455
cult,1.4468002319335938,1.1732053756713867,1.3633016347885132
Hungary,1.008134365081787,1.2613128423690796,0.9564336538314819
Zone,1.1014896631240845,1.805364966392517,0.9339970350265503
Campus,1.3227183818817139,1.324422001838684,0.8797550201416016
suspects,1.0472207069396973,1.0205732583999634,1.1120065450668335
warnings,0.9004153609275818,0.8795850872993469,1.1077121496200562
storyline,1.5215165615081787,1.4347440004348755,0.8541421890258789
OMG,1.1142646074295044,1.6649513244628906,1.0226174592971802
headphones,1.2584551572799683,1.675862193107605,1.214501976966858
Turner,1.0523558855056763,1.4880104064941406,1.104233980178833
contests,1.016409158706665,1.5161916017532349,1.088079571723938
Bailey,1.064247727394104,0.9591739177703857,1.1230762004852295
surge,1.5787755250930786,1.696487545967102,1.6058381795883179
Shannon,1.4528508186340332,1.4451149702072144,0.9581391215324402
freshman,1.423879861831665,1.625124454498291,1.3237744569778442
Crime,1.7403517961502075,1.6164237260818481,1.382401943206787
dominated,1.0833503007888794,1.0028467178344727,1.1385236978530884
dealing,1.287436842918396,1.1383931636810303,1.5800530910491943
Rio,1.3629779815673828,1.4286280870437622,1.4119982719421387
nude,0.8262863159179688,1.37725031375885,1.241910457611084
gateway,1.2485723495483398,1.7550877332687378,1.3516452312469482
tossed,0.8343483805656433,0.8818893432617188,0.8130485415458679
Written,1.2777057886123657,1.0308817625045776,1.1983484029769897
Marcus,1.433501958847046,0.8028205037117004,1.339005470275879
Tracy,1.5254322290420532,1.340327501296997,1.1847740411758423
dangers,1.1159005165100098,1.5660679340362549,0.8110972046852112
earrings,1.4385141134262085,1.6840622425079346,1.1749171018600464
zombies,0.9637364149093628,0.948276162147522,0.9083836078643799
wiring,1.5874499082565308,1.1419732570648193,1.4286977052688599
manga,1.5533186197280884,1.7914479970932007,1.5251741409301758
finals,1.346584439277649,1.7267760038375854,1.2037783861160278
glitter,1.0497170686721802,1.7402395009994507,0.872661828994751
breeze,0.8656384348869324,1.66807222366333,0.8669098615646362
alerts,1.4106955528259277,1.2919238805770874,1.0047930479049683
Teen,1.4577494859695435,1.6933645009994507,1.597077488899231
Dylan,1.6164867877960205,1.642472267150879,1.0702801942825317
Prague,1.483372449874878,1.6682313680648804,1.4652215242385864
Initially,1.2544894218444824,1.0030373334884644,1.224545955657959
workouts,1.4935603141784668,1.3112374544143677,0.873975396156311
Jamaica,1.456150770187378,1.4578160047531128,0.8348427414894104
FM,1.3074488639831543,0.9574770331382751,1.3382413387298584
lengths,1.2681018114089966,1.5400205850601196,1.38621985912323
troubled,1.2263801097869873,1.3279023170471191,1.3820381164550781
Olympic,1.1033817529678345,1.1281938552856445,0.8497567772865295
pressures,0.9169003367424011,1.4346891641616821,1.5764281749725342
Twilight,1.5584694147109985,1.7685637474060059,1.8101222515106201
rivals,1.4817346334457397,0.8402437567710876,1.3605149984359741
Natalie,1.5512282848358154,1.5738376379013062,0.92275071144104
fucked,1.2790656089782715,1.2796735763549805,1.2669625282287598
temptation,1.5261542797088623,1.7883291244506836,1.5791137218475342
Models,1.1016350984573364,1.0423606634140015,1.4884370565414429
crashes,1.452614426612854,1.5379812717437744,1.384378433227539
1930s,1.2784374952316284,1.3949180841445923,0.8456704020500183
wrestling,0.968346893787384,1.4294016361236572,0.8301723599433899
comparisons,1.4542276859283447,1.0666297674179077,1.089534044265747
hooked,1.3247613906860352,1.5183322429656982,1.2115198373794556
wholesale,0.8420057892799377,1.433775544166565,1.0759974718093872
encounters,0.9301807880401611,0.9456300139427185,1.0164124965667725
Drama,1.6836694478988647,1.8188918828964233,1.6403385400772095
rookie,0.9669530987739563,0.854957640171051,1.001354694366455
zombie,0.9358657598495483,0.807666540145874,1.2566956281661987
Attack,1.498551368713379,1.6981509923934937,1.2568752765655518
wired,1.1013046503067017,1.573496699333191,1.0417358875274658
protagonist,1.0329580307006836,1.6575896739959717,1.0424160957336426
bullets,1.631252408027649,1.569506287574768,0.9698643088340759
U.K.,1.031296968460083,1.7081419229507446,1.2135894298553467
demon,1.4442428350448608,1.376920461654663,0.8183047771453857
Tina,1.046598196029663,1.1576833724975586,1.101069450378418
tattoos,1.567271113395691,1.6957464218139648,1.545440912246704
Aurora,1.3534202575683594,1.704493522644043,1.2828915119171143
Phillips,1.6389158964157104,1.1118282079696655,1.6119439601898193
bout,1.1860363483428955,1.02865731716156,0.8062544465065002
rant,1.1894923448562622,1.5505077838897705,1.0051721334457397
rebels,1.5448869466781616,1.3926475048065186,1.329667568206787
curb,1.3801243305206299,1.3198268413543701,0.8726550936698914
Blair,1.522588849067688,1.3607194423675537,1.5646051168441772
fierce,1.243157982826233,1.4711737632751465,1.1704604625701904
70s,1.0607260465621948,1.1495915651321411,1.0944585800170898
Driving,1.353730320930481,1.5707465410232544,1.3942333459854126
hooks,1.1894029378890991,1.7713252305984497,1.2567404508590698
Rings,0.9563004374504089,1.5872153043746948,1.0765464305877686
mp3,1.3042272329330444,1.5285853147506714,1.5553278923034668
breasts,1.3859169483184814,1.6739988327026367,1.3090542554855347
peaks,0.8169986605644226,1.5325433015823364,1.0076122283935547
stereo,1.0678642988204956,1.547029972076416,0.8276474475860596
doubts,1.1068706512451172,1.6127558946609497,0.8064708113670349
Queens,1.1590135097503662,1.2649917602539062,1.1244531869888306
cigarettes,1.375255823135376,1.5445636510849,1.1613913774490356
youtube,1.496207594871521,1.4829217195510864,0.8548311591148376
fled,1.1459498405456543,0.8885043859481812,1.1382372379302979
bra,1.3170419931411743,1.600786805152893,1.66770601272583
fifteen,0.9482917189598083,1.1862516403198242,1.5736536979675293
Racing,1.0445547103881836,1.0312788486480713,0.8143848180770874
Mall,1.0847877264022827,1.4099305868148804,0.8251369595527649
Tara,1.463797688484192,1.5952774286270142,1.2536064386367798
headaches,1.2902555465698242,1.3527801036834717,1.4571889638900757
salon,0.9247571229934692,1.6851491928100586,1.3424242734909058
guitars,1.5319007635116577,1.6328386068344116,1.0992417335510254
Travis,1.5337340831756592,1.4285340309143066,0.9016582369804382
trilogy,1.0179156064987183,1.449915885925293,1.4557701349258423
Brighton,1.1044032573699951,1.3132435083389282,1.0269052982330322
Setting,1.6201003789901733,1.739694595336914,1.7189401388168335
underwear,1.4056479930877686,1.7566677331924438,1.6584928035736084
make-up,1.3591288328170776,0.9901155233383179,1.6936222314834595
collision,1.3102394342422485,1.3071002960205078,1.1351163387298584
hormones,1.3577409982681274,1.7271537780761719,1.6279442310333252
singers,0.9795675277709961,1.136102318763733,1.2257839441299438
acne,1.7434252500534058,1.7927299737930298,1.7725993394851685
lust,1.306489109992981,1.505239486694336,1.2328414916992188
Films,1.014214277267456,1.1922353506088257,0.9318245053291321
murders,1.5478304624557495,1.5781581401824951,1.1220769882202148
battling,1.5330959558486938,1.116153359413147,1.5847746133804321
fatal,0.8634535074234009,1.1181986331939697,1.0124963521957397
Reagan,1.213828444480896,1.6188913583755493,1.0265973806381226
Traffic,1.4264411926269531,1.5112882852554321,1.5752651691436768
Savannah,0.9940397143363953,1.224690556526184,0.8618915677070618
Welsh,0.8375358581542969,0.8420925736427307,0.8694086670875549
supernatural,1.353671669960022,1.3167080879211426,1.1018671989440918
peer,1.4418309926986694,1.372138500213623,1.5999897718429565
Started,1.2761104106903076,1.229318618774414,1.0947144031524658
Allison,1.3819500207901,1.3006263971328735,1.0357733964920044
weed,1.4075263738632202,1.7379786968231201,1.2738609313964844
popped,0.8644865155220032,1.0060175657272339,0.8241960406303406
punk,1.5463236570358276,1.7915170192718506,1.4288307428359985
kissing,1.4506804943084717,1.632806420326233,1.5684572458267212
Tiffany,1.5352177619934082,1.6383033990859985,1.390962839126587
ripped,1.242279052734375,1.0991432666778564,1.1347296237945557
narrator,1.0205798149108887,1.5188661813735962,0.9907889366149902
circuits,1.4393523931503296,1.6950260400772095,1.0118496417999268
Mercedes,1.3460391759872437,1.0115934610366821,1.0499101877212524
homosexuality,1.2216668128967285,1.5354629755020142,1.0838161706924438
Teens,1.1988015174865723,1.6229792833328247,1.4114466905593872
mob,1.1252882480621338,0.8471896648406982,1.0876010656356812
Lindsay,1.4156914949417114,1.4620921611785889,1.2323105335235596
Adrian,1.5721890926361084,0.9161385893821716,1.167556881904602
facial,0.8126584887504578,0.8168945908546448,1.1231119632720947
automotive,0.8686144351959229,0.9583452343940735,1.479934811592102
Sullivan,1.4392958879470825,1.5063493251800537,1.3649882078170776
rap,1.4435112476348877,1.5510103702545166,1.0143615007400513
ups,1.085722804069519,1.4143798351287842,1.0265288352966309
Bass,1.2058959007263184,1.3494569063186646,1.4818960428237915
Quinn,1.521409273147583,1.7016128301620483,0.8805865049362183
Mirror,1.255141258239746,0.8340539932250977,1.0400011539459229
Uber,1.2858878374099731,1.1212944984436035,1.4225103855133057
Samantha,1.3297455310821533,1.5412592887878418,1.1111301183700562
aggression,1.1640175580978394,1.321075439453125,0.9190230369567871
prose,1.301684021949768,1.6699267625808716,0.9925557971000671
Wireless,1.662888765335083,1.0807982683181763,1.7745754718780518
Gibson,1.1594847440719604,1.215052843093872,1.4320777654647827
portrayed,1.0651631355285645,1.2758575677871704,0.8165237903594971
Hughes,1.6434162855148315,1.166402816772461,1.4715241193771362
90s,1.4408321380615234,1.673460602760315,1.1125949621200562
subway,1.3990986347198486,1.3783271312713623,0.8460306525230408
Czech,1.0371878147125244,1.3348219394683838,1.3005799055099487
Connection,1.3465958833694458,0.9842246174812317,1.1743775606155396
Chloe,1.090376377105713,1.6043936014175415,0.8714705109596252
committing,1.095072627067566,1.2155215740203857,0.8604172468185425
hacking,1.201705813407898,1.4759026765823364,1.049137830734253
Hardcore,1.0551413297653198,1.4361332654953003,1.5366156101226807
Montgomery,1.3449070453643799,0.9119027853012085,1.2108720541000366
unprecedented,1.0187515020370483,0.9910489320755005,0.9137027859687805
harassment,1.287824034690857,1.178827166557312,1.4306294918060303
posing,1.0013114213943481,1.0418884754180908,1.1215906143188477
Forever,1.3400027751922607,1.121573567390442,1.0483604669570923
Cast,0.9574711322784424,1.551383376121521,1.1403398513793945
genres,0.8220876455307007,1.5456641912460327,1.0627139806747437
automobile,1.0273933410644531,0.8241870999336243,1.2906025648117065
vampires,1.5600610971450806,1.5562870502471924,1.6601423025131226
plague,1.021466612815857,0.9121654033660889,1.0677216053009033
Danielle,1.7195403575897217,1.6619746685028076,0.9597998261451721
playlist,1.3117468357086182,1.7393792867660522,1.2552316188812256
AAA,1.3380159139633179,1.2651244401931763,1.5541876554489136
drummer,1.0646921396255493,1.0920342206954956,1.0107930898666382
lure,1.118094563484192,1.2937487363815308,1.1823115348815918
risky,1.268931269645691,1.670952320098877,1.3213356733322144
horny,0.9623128175735474,1.5804564952850342,1.54538893699646
hackers,0.9664670825004578,1.286989688873291,1.0001899003982544
cigarette,0.8661383390426636,1.5694643259048462,1.2104161977767944
Sterling,1.0612767934799194,1.1975127458572388,1.1907827854156494
Angeles,1.3119012117385864,1.3726294040679932,1.0893880128860474
60s,0.9118093252182007,1.0078305006027222,1.4201302528381348
Drug,1.4832139015197754,1.5162745714187622,1.6292235851287842
Jewelry,0.9944541454315186,1.337297797203064,1.1033120155334473
anal,0.9824957847595215,1.5329129695892334,1.1663730144500732
Youtube,1.5271543264389038,1.5008333921432495,0.9758457541465759
Murder,1.292026162147522,1.385460376739502,1.3262134790420532
fountain,1.401690125465393,1.1236625909805298,0.9686554074287415
Jess,1.4243433475494385,1.7400645017623901,1.2001985311508179
dragged,0.9211627244949341,0.9916672706604004,1.0385100841522217
explosive,1.3618654012680054,1.4773021936416626,0.9512518644332886
guitarist,1.1901533603668213,1.158069133758545,1.2909971475601196
Devon,1.2581572532653809,1.150561809539795,1.0666778087615967
Tesla,1.5690274238586426,1.001014232635498,1.0827405452728271
topping,0.8490387201309204,0.8260664939880371,1.2426652908325195
Writers,0.9669831991195679,1.2726144790649414,1.2215678691864014
heroine,1.2938421964645386,1.686375379562378,1.3102786540985107
sophomore,1.5617234706878662,1.6923491954803467,1.5423120260238647
flashing,1.659733533859253,1.5266005992889404,1.3247737884521484
majors,1.041480541229248,0.9445344805717468,1.1239067316055298
cocaine,1.5399805307388306,1.8353039026260376,1.5496737957000732
String,1.1864734888076782,1.7631176710128784,0.9955517649650574
adolescents,0.9778515696525574,1.6831965446472168,1.1869893074035645
urgency,0.9964157342910767,0.8602156043052673,1.0810723304748535
Ex,1.2914379835128784,0.8888744711875916,0.8640512228012085
Virgin,1.660496711730957,1.827379822731018,1.3298488855361938
Passion,1.4924075603485107,1.8259952068328857,1.3617360591888428
virgin,1.2879036664962769,1.4586082696914673,1.4404008388519287
Manila,1.2185779809951782,1.209346890449524,1.1538890600204468
Extreme,1.4662803411483765,1.4120612144470215,1.4988154172897339
expedition,1.554061770439148,1.0132315158843994,1.1214567422866821
Ellis,1.529401421546936,1.3239104747772217,1.4720205068588257
teammates,1.6966097354888916,1.1126030683517456,0.8053086400032043
Sonic,1.0853112936019897,1.7871737480163574,1.3166980743408203
Alcohol,0.9044331312179565,0.900062084197998,1.5532442331314087
borrowing,1.2520803213119507,1.2967281341552734,0.9542587995529175
teenage,1.6052645444869995,1.7880775928497314,1.715675711631775
Kristen,1.2832039594650269,1.7198165655136108,1.0312050580978394
chicks,0.9068724513053894,1.622080683708191,1.2908109426498413
drift,0.8283543586730957,0.905950665473938,1.141194462776184
academy,1.3718414306640625,1.4110206365585327,1.020378828048706
exploded,1.7512943744659424,1.655505657196045,1.4613285064697266
rebellion,1.6846615076065063,1.7438294887542725,1.6736348867416382
Device,1.492924451828003,1.4395917654037476,1.0982850790023804
furious,0.9403801560401917,1.1705163717269897,0.8236055970191956
Beatles,1.529676914215088,1.8269989490509033,1.5179377794265747
Monroe,1.4840881824493408,1.2258250713348389,1.4585089683532715
ringtone,0.9821274876594543,1.2926832437515259,1.352804183959961
wreck,1.0993636846542358,1.250218391418457,1.0200858116149902
Swift,1.207188606262207,1.4446877241134644,1.472320795059204
soaked,1.5516208410263062,1.252691626548767,1.2260805368423462
Kurt,1.5003137588500977,1.5440256595611572,1.3191536664962769
spike,1.5352592468261719,1.6832467317581177,1.2346453666687012
obsession,1.229874849319458,1.6353641748428345,0.9588895440101624
fuse,1.5076947212219238,1.0779412984848022,1.005096435546875
Powell,1.1516952514648438,1.121871829032898,1.1916439533233643
Straight,0.8569558262825012,1.5754727125167847,1.3864340782165527
1920s,1.3570590019226074,1.646503210067749,1.1268229484558105
Opinion,1.1598284244537354,1.1058813333511353,1.610614538192749
Bulgaria,1.0858063697814941,0.8183557391166687,0.9145625829696655
multimedia,0.9962759613990784,1.1505491733551025,1.31650972366333
Essex,1.0318466424942017,1.3190042972564697,1.4036394357681274
AU,0.9400708079338074,1.6061720848083496,1.2868318557739258
Kiss,1.1401729583740234,1.6866594552993774,1.2549790143966675
tense,0.9395586252212524,1.3772697448730469,1.4210671186447144
thriller,0.9103034734725952,1.3910460472106934,1.399040699005127
flawless,1.2255587577819824,0.9605098366737366,0.9103646278381348
filmmakers,0.9264732599258423,0.9945705533027649,0.9339032173156738
Gateway,1.6420854330062866,1.5405724048614502,1.553735375404358
Released,0.8340144753456116,0.9305153489112854,1.2575814723968506
plugs,0.9978097677230835,1.3900853395462036,1.1158350706100464
rash,1.5775835514068604,1.7052241563796997,1.2178865671157837
plea,1.214459776878357,1.1815968751907349,0.8245523571968079
broadcasting,0.8829227089881897,0.8997549414634705,0.8473720550537109
Vanessa,1.5802017450332642,1.498170256614685,1.099950909614563
Wave,1.5445146560668945,1.4551570415496826,0.9672389626502991
getaway,0.8986862301826477,1.4371273517608643,1.3089596033096313
flooded,1.6505851745605469,1.4190490245819092,1.1492030620574951
startups,1.0255191326141357,1.2576805353164673,0.8380811810493469
flick,0.9371572136878967,1.7053632736206055,0.9633638858795166
messaging,1.480923056602478,1.7023037672042847,1.4857248067855835
Comics,1.1517791748046875,1.7522910833358765,1.0119234323501587
Shot,1.2654330730438232,0.8982774019241333,1.2339551448822021
tits,1.4524520635604858,1.673815131187439,1.5296776294708252
Clarke,1.2740870714187622,1.3670885562896729,1.191902995109558
Jared,1.3775938749313354,1.3811306953430176,0.9349845051765442
Hilton,1.093815565109253,1.2757630348205566,1.4867336750030518
Nikki,1.5548434257507324,1.6092027425765991,1.3489474058151245
thieves,1.1075013875961304,0.9222843647003174,0.9588727355003357
Identify,1.2664884328842163,1.2244881391525269,1.080440640449524
Courtney,1.52236807346344,1.6032832860946655,1.2924412488937378
Sebastian,1.2836942672729492,1.5790760517120361,0.9388106465339661
robbery,1.5796953439712524,1.3140406608581543,1.2828218936920166
HS,1.639331340789795,1.7421631813049316,0.8282104730606079
poles,1.06637442111969,0.8931033611297607,1.1003628969192505
Breaking,1.2990477085113525,1.2014714479446411,1.1114829778671265
texting,1.4786114692687988,1.7466269731521606,1.5332441329956055
tackles,1.4639126062393188,1.4289333820343018,1.193182349205017
Scene,1.4734293222427368,1.6587798595428467,1.5354175567626953
Leah,1.517174243927002,1.5448883771896362,1.1560410261154175
highs,1.3659924268722534,1.803241491317749,1.6450294256210327
Simpson,1.204287052154541,1.1503634452819824,1.0369820594787598
friction,1.1579537391662598,0.9808176755905151,1.1057275533676147
shattered,1.1256003379821777,1.4211242198944092,0.8398348093032837
Sierra,1.6359330415725708,1.0044364929199219,1.3649293184280396
Whitney,1.4622299671173096,1.0260765552520752,1.1261959075927734
mentors,1.5210964679718018,0.8690567016601562,1.3341343402862549
Electronics,1.270346760749817,1.263533592224121,0.9320617318153381
boiling,0.8415609002113342,1.2878804206848145,0.8656142354011536
Rodriguez,1.6210331916809082,1.1502171754837036,0.8653746843338013
arrests,1.4787927865982056,1.3227334022521973,1.5991677045822144
goddess,0.9034513831138611,0.8731265068054199,0.8884384632110596
discovers,0.9701721668243408,0.9511275291442871,0.8651623129844666
secluded,1.656408429145813,1.783099889755249,1.3999799489974976
Budapest,1.3882577419281006,1.424238920211792,1.4330899715423584
Drugs,1.37356698513031,1.650363564491272,1.3516820669174194
outbreak,1.7162554264068604,1.6982312202453613,1.0787585973739624
Titan,1.7030110359191895,0.9683496952056885,1.4576432704925537
Format,1.3618414402008057,1.0334655046463013,1.2129560708999634
Trevor,1.595068335533142,1.3982385396957397,1.2132542133331299
uploading,1.4804389476776123,1.2024673223495483,1.6142443418502808
formatting,1.4732046127319336,1.1189979314804077,1.571760654449463
staging,0.8667255640029907,1.2309768199920654,1.0181864500045776
revisions,1.087220311164856,1.1744990348815918,1.6007190942764282
MTV,1.5584449768066406,1.8637944459915161,1.6048743724822998
Generation,1.1717033386230469,1.2068171501159668,1.505708932876587
counselor,1.3962633609771729,1.3034706115722656,1.2193872928619385
Kat,1.2122697830200195,1.6199132204055786,0.9257960915565491
Guitar,1.4404653310775757,1.6418464183807373,1.2383244037628174
Bedroom,0.9401231408119202,1.5584224462509155,0.8058978319168091
Meyer,1.3145074844360352,1.1840492486953735,1.6072423458099365
popping,1.1335006952285767,1.0187090635299683,0.9538636803627014
edits,1.5039118528366089,1.4989606142044067,1.6769728660583496
Miranda,0.8300727009773254,1.4432101249694824,0.8020108342170715
sparked,1.6390669345855713,1.668698787689209,1.0557821989059448
Crisis,1.1124016046524048,1.5805730819702148,1.494381308555603
Laurie,1.0224522352218628,1.0247125625610352,0.864450216293335
Garage,1.4284536838531494,1.5372132062911987,1.1325527429580688
Brittany,1.6926236152648926,1.8473604917526245,1.7205599546432495
Matrix,1.3673433065414429,0.9029448628425598,1.4099273681640625
Pandora,1.3894879817962646,1.7261654138565063,1.4036153554916382
Ivy,1.0279943943023682,1.0795297622680664,1.0874944925308228
sa,1.442199945449829,0.9108171463012695,0.9298930168151855
Gina,1.2757662534713745,1.1163978576660156,0.8677424192428589
heroin,1.708894968032837,1.8772934675216675,1.678739309310913
rebel,1.3312124013900757,1.624969482421875,1.4335417747497559
detention,1.4121185541152954,1.6419817209243774,0.8437665104866028
XD,1.4407979249954224,1.5070781707763672,1.2172627449035645
nightlife,1.2253272533416748,1.5219072103500366,1.563280463218689
trans,0.9050493240356445,1.0756359100341797,1.5522406101226807
Titans,1.5811265707015991,1.296336054801941,1.2926057577133179
shotgun,1.0857595205307007,1.412104845046997,1.1305540800094604
Clare,1.606966257095337,1.3152151107788086,1.357323169708252
Fighting,1.5210649967193604,1.4275224208831787,0.9028205871582031
juices,1.1072955131530762,1.3816978931427002,1.2582926750183105
Randall,1.4609577655792236,1.611572027206421,1.0146421194076538
Juliet,1.740932822227478,1.5721230506896973,1.5899254083633423
identities,0.9190330505371094,1.6392196416854858,1.294795036315918
gigs,1.4597015380859375,1.6866135597229004,1.2888579368591309
urges,1.1921498775482178,1.5674906969070435,1.2764533758163452
Jessie,1.5886882543563843,1.5124542713165283,1.1625922918319702
sixteen,0.9748560190200806,1.2567133903503418,1.5986210107803345
internship,0.9094242453575134,1.587140440940857,1.086424469947815
Cardiff,1.3313993215560913,1.4665846824645996,1.348990797996521
Belfast,1.2298355102539062,1.5099743604660034,1.3175559043884277
Tube,1.3666073083877563,1.4657268524169922,1.112559199333191
Lightning,1.5403411388397217,1.3955897092819214,0.9172956943511963
denim,1.2017488479614258,1.191874623298645,1.5069082975387573
smash,1.0776163339614868,1.4918440580368042,0.8105669617652893
crossover,0.8165593147277832,1.4930206537246704,1.6018774509429932
rocked,1.2744989395141602,1.3488335609436035,0.8491690158843994
Minor,0.9968388080596924,0.9292712211608887,1.2355337142944336
Horror,1.094582200050354,1.3958683013916016,1.3363127708435059
Valencia,1.227034091949463,0.9475635290145874,0.8655135631561279
implant,1.2009977102279663,0.9654938578605652,1.0920332670211792
dismissal,0.9614390134811401,0.8194835782051086,0.8082701563835144
webcam,0.9181290864944458,1.4065457582473755,1.0011873245239258
modelling,0.8611345887184143,1.3535988330841064,0.9971152544021606
T-Mobile,0.9780682325363159,1.1449917554855347,1.0799765586853027
Violence,1.340254306793213,1.6224548816680908,0.9331516027450562
Southeast,1.0502392053604126,0.8587002754211426,0.8241442441940308
rehab,1.4682202339172363,0.8084892630577087,1.3202682733535767
penetration,1.4881572723388672,1.5697205066680908,1.726599931716919
experimentation,1.1546961069107056,1.4811934232711792,1.0811253786087036
,1.201179027557373,1.3334705829620361,1.4148335456848145
Jade,1.4393482208251953,1.1290571689605713,0.8451415300369263
thirteen,1.0469638109207153,1.2081035375595093,1.537023663520813
Neal,1.5221928358078003,1.2380467653274536,1.1465063095092773
crashing,1.4177623987197876,1.243056058883667,1.2677710056304932
Morrison,1.6905250549316406,1.4370163679122925,1.4276784658432007
boobs,1.5018829107284546,1.7591443061828613,1.6085383892059326
Alert,1.0796622037887573,1.0512409210205078,0.9628898501396179
addicted,1.4351568222045898,1.635906457901001,1.4395194053649902
asshole,0.8194738030433655,1.4625773429870605,0.9244022965431213
Dee,1.117179274559021,0.8797109723091125,0.8366782665252686
flashes,1.4993072748184204,1.5719053745269775,1.0595916509628296
desperation,1.2139346599578857,1.4458991289138794,0.9924777150154114
Alexis,1.3890033960342407,1.4100087881088257,1.237561583518982
pearl,1.4187556505203247,1.400225281715393,1.071631908416748
hip-hop,1.5019947290420532,1.7200040817260742,1.4717704057693481
mag,1.086915135383606,1.2383946180343628,0.951591968536377
Rising,1.3981825113296509,0.8057798147201538,1.4423811435699463
lows,0.8841731548309326,1.6146526336669922,1.4605334997177124
Interviews,1.1214567422866821,1.095833420753479,1.4181617498397827
focuses,1.1682895421981812,0.8432751297950745,1.1380568742752075
Riverside,1.2917627096176147,0.9431549310684204,0.9307293891906738
amplifier,1.6157236099243164,1.068827748298645,1.4617310762405396
Roses,0.9228523969650269,0.9500637054443359,0.8686142563819885
SM,1.1965880393981934,1.4245022535324097,1.689947485923767
Regina,1.6352410316467285,1.5141308307647705,1.2936450242996216
Electrical,1.0956357717514038,1.0477712154388428,0.8585770130157471
cannabis,1.2136483192443848,1.608426809310913,1.6762267351150513
nerd,0.8731765151023865,1.7253401279449463,1.0557247400283813
YA,0.8535267114639282,1.7924824953079224,1.6235402822494507
Meg,0.8249137997627258,1.5954004526138306,0.9669029116630554
vodka,0.9104270339012146,1.368518352508545,1.6513968706130981
Gym,1.3951915502548218,1.4655101299285889,0.873051106929779
Buffy,1.4044301509857178,1.7642067670822144,1.6959394216537476
Elliott,1.2448530197143555,1.5342504978179932,1.0007007122039795
Winnipeg,1.5961873531341553,1.512563943862915,1.2106987237930298
Claudia,1.3049627542495728,1.0005429983139038,1.0164546966552734
Halo,1.4055523872375488,1.5596801042556763,0.8995377421379089
Warning,1.2649667263031006,1.0547091960906982,1.4635658264160156
smashed,1.4833885431289673,1.1523406505584717,1.224919080734253
pounding,1.2526341676712036,1.3166155815124512,1.2987748384475708
Kashmir,1.7185957431793213,1.1929574012756348,1.1103719472885132
ace,0.8999199867248535,0.9045436382293701,0.8966189622879028
Wire,1.4506703615188599,1.5791305303573608,1.5257470607757568
Darren,1.3582676649093628,1.36979341506958,1.1681232452392578
Rihanna,1.5686798095703125,1.817568302154541,1.2412313222885132
tunnels,1.383049726486206,1.4901007413864136,0.8730687499046326
shipments,1.4786211252212524,0.8491584062576294,0.9257732629776001
Covers,1.5583806037902832,0.9427380561828613,1.4581784009933472
atheist,1.178320050239563,1.3752487897872925,0.8429208397865295
Jenna,1.4601539373397827,1.7373297214508057,1.3082445859909058
motel,0.9747546911239624,0.8649913668632507,1.27135169506073
Erica,1.3624321222305298,1.5246692895889282,1.0445079803466797
kissed,0.9562589526176453,1.1231549978256226,1.2876204252243042
provocative,1.2807241678237915,1.8164538145065308,1.2560189962387085
Romeo,1.5937402248382568,1.5408748388290405,1.2868530750274658
strands,1.6256479024887085,1.7250922918319702,1.4101251363754272
slut,1.0945700407028198,1.6948531866073608,1.2367140054702759
Hits,1.2806026935577393,1.5269957780838013,0.9741421341896057
booze,0.8181917071342468,1.2693229913711548,1.4360264539718628
whore,0.9275938272476196,1.394027590751648,0.8871755599975586
Levi,1.6312589645385742,0.8226713538169861,1.1251351833343506
racks,1.2177135944366455,1.159575343132019,1.0853290557861328
Hayes,1.485133409500122,1.1253752708435059,1.5597459077835083
hail,1.2637594938278198,1.2004584074020386,1.4427543878555298
fourteen,0.943271279335022,1.1799521446228027,1.5130325555801392
glamour,1.059282660484314,1.5939713716506958,1.411685585975647
au,1.0640195608139038,0.8666364550590515,1.175516128540039
Bloom,1.0066051483154297,1.6239526271820068,1.2158406972885132
spikes,1.6478718519210815,1.793959617614746,1.360285997390747
Valerie,1.2756067514419556,1.1863049268722534,0.8224273920059204
Identity,1.0551789999008179,1.492288589477539,1.2466158866882324
Zimmerman,1.2182575464248657,1.218112826347351,1.0610655546188354
subs,1.1502643823623657,1.0855203866958618,0.8500706553459167
thighs,1.0962214469909668,1.6739387512207031,1.6388440132141113
songwriter,0.8311734795570374,1.4226438999176025,0.9957483410835266
Dakota,1.592734456062317,1.2724329233169556,1.2740217447280884
Renee,1.6210354566574097,1.3253889083862305,1.104162573814392
Laser,1.2978423833847046,1.208652138710022,0.9152799248695374
panties,1.5039955377578735,1.731773853302002,1.557838797569275
Bahrain,1.0025428533554077,0.8721446394920349,1.1675373315811157
kidnapping,1.6213793754577637,1.6072371006011963,0.9092995524406433
CW,0.9520543217658997,1.6963461637496948,1.0024151802062988
start-up,1.3310517072677612,1.5097576379776,1.5545716285705566
homosexual,1.3079278469085693,1.7022581100463867,1.5430644750595093
groundbreaking,1.0330994129180908,1.3212031126022339,1.5275503396987915
avenue,1.3972903490066528,1.1192257404327393,1.4621344804763794
Alexandra,1.2828080654144287,1.4318991899490356,1.2234519720077515
Willow,0.8480393886566162,1.163710355758667,0.8883707523345947
Killer,1.4155479669570923,1.3963242769241333,1.223992109298706
Shooting,1.5904895067214966,1.7074795961380005,1.2600444555282593
Harley,0.9916625618934631,0.9246308207511902,1.2759279012680054
Nationals,1.495457649230957,1.01569664478302,1.104649305343628
convictions,1.3777453899383545,1.616835355758667,1.2463443279266357
Jasmine,1.4559231996536255,1.4457961320877075,1.200467586517334
rapper,1.240354061126709,1.4439163208007812,0.8713334798812866
Arrow,1.0814268589019775,1.3640227317810059,1.3688044548034668
penetrate,1.543829321861267,1.4503484964370728,1.5981297492980957
Initial,0.9398977160453796,1.162906289100647,1.2386139631271362
turmoil,1.1708236932754517,1.4171276092529297,1.3850804567337036
intrigue,0.8703572154045105,1.2375844717025757,0.881342887878418
hash,1.0688031911849976,1.5589476823806763,1.4090474843978882
recruits,1.037833571434021,1.0009444952011108,0.8306657075881958
graffiti,1.8233522176742554,1.7848517894744873,0.9735692143440247
pod,1.2722395658493042,1.3744510412216187,0.9974143505096436
Oslo,0.8025912642478943,1.5148991346359253,1.0431711673736572
Richards,1.7317545413970947,1.2416774034500122,1.6187281608581543
drowning,1.1870813369750977,1.5993667840957642,1.2632200717926025
injected,1.2777471542358398,0.8416019082069397,0.8279162645339966
offseason,1.0685629844665527,0.9016991853713989,0.887687623500824
steroids,1.0324386358261108,1.3147854804992676,0.8893254399299622
drilled,1.6223399639129639,1.2531757354736328,1.065962553024292
slash,1.3040119409561157,1.319358229637146,1.489151954650879
paranoid,0.9581119418144226,1.398915410041809,0.8042024970054626
Lindsey,1.2395685911178589,1.3857471942901611,0.8240838646888733
Veronica,1.6803700923919678,1.6017050743103027,1.610084056854248
amps,1.4570950269699097,1.3899128437042236,1.2360413074493408
DUI,1.3388534784317017,1.5385518074035645,1.300316572189331
Savage,1.4939448833465576,1.1809035539627075,1.3507345914840698
activism,1.5073291063308716,1.2665009498596191,1.6178182363510132
welding,1.6474276781082153,0.9897744655609131,1.0467125177383423
Automotive,1.5283129215240479,0.9165711998939514,1.6566047668457031
volatile,1.2953214645385742,1.2120667695999146,1.2464402914047241
slammed,1.1119149923324585,1.0209378004074097,0.9091525077819824
Blonde,1.0756038427352905,1.4841976165771484,1.4703564643859863
Simmons,1.243841290473938,1.4133340120315552,1.2462078332901
Ricky,1.4197744131088257,1.2268171310424805,0.8513369560241699
vain,0.868661642074585,1.4383224248886108,0.9059283137321472
coup,0.9070338010787964,0.9922212958335876,1.6345336437225342
Anime,1.431374192237854,1.7423033714294434,1.4806263446807861
reckless,1.2482492923736572,1.6443159580230713,1.0998164415359497
Amateur,1.1166889667510986,1.4219536781311035,1.4895106554031372
Luis,1.549990177154541,0.9055694341659546,0.8459582328796387
nailed,1.1633206605911255,0.9553237557411194,0.8463722467422485
Warsaw,1.415144443511963,1.4763071537017822,1.4390008449554443
Corey,1.7086766958236694,1.3717715740203857,1.2181123495101929
Mustang,1.691044807434082,1.3935545682907104,1.4751031398773193
