किशोरवयमा,0.39271900057792664,0.28119105100631714
किशोरमा,0.3770305812358856,0.2530757188796997
किशोरअवस्था,0.37546586990356445,0.27257388830184937
किशोरजीका,0.3747914433479309,0.24420106410980225
किशोरहरु,0.37286412715911865,0.30717164278030396
किशोर,0.37115350365638733,0.318512499332428
किशोरका,0.36952102184295654,0.24459457397460938
किशोरवय,0.3674275279045105,0.28473860025405884
किशोरीमल,0.36586815118789673,0.2739623188972473
किशोरदेह,0.36570554971694946,0.26826998591423035
किशोरीहरु,0.3632478415966034,0.24358540773391724
किशोरीमा,0.35919684171676636,0.2656221389770508
किशोरीका,0.358696848154068,0.2548920214176178
किशोरी,0.35541436076164246,0.31956541538238525
किशोरजंग,0.35334768891334534,0.2522008717060089
किशोरीकी,0.3513554036617279,0.21504245698451996
किशोरकिशोरी,0.3506624102592468,0.2699255347251892
किशोरावस्था,0.34939777851104736,0.3077411353588104
किशोरमान,0.34830692410469055,0.2465820014476776
किशोरहरू,0.3439752459526062,0.25883856415748596
किशोरकिशोरीमा,0.33917656540870667,0.2547164857387543
किशोरकिशोरीहरु,0.33902594447135925,0.24313123524188995
किशोरीले,0.3355204164981842,0.23248602449893951
किशोरलाई,0.3349456191062927,0.20540519058704376
किशोरपुरा,0.33438998460769653,0.20786511898040771
किशोरीमध्ये,0.3338133692741394,0.24075976014137268
किशोरीहरुमा,0.33373674750328064,0.24451623857021332
किशोरकान्त,0.33322346210479736,0.20753684639930725
किशोरले,0.33246880769729614,0.24505439400672913
किशोरकिशोरीका,0.3323882222175598,0.23472681641578674
किशोरीहरू,0.33180081844329834,0.21650154888629913
किशोरावश्थाको,0.32959458231925964,0.23168791830539703
किशोरबाट,0.32905054092407227,0.23792599141597748
किशोरको,0.3284749388694763,0.23737181723117828
किशोरावस्थामै,0.32780739665031433,0.2677568793296814
किशोरकिशोरीहरू,0.32546576857566833,0.21562184393405914
किशोरकिशोरीले,0.3212631344795227,0.23631303012371063
किशोरीहरुलाई,0.32097092270851135,0.21991387009620667
किशोरीहरुको,0.31988435983657837,0.2299283891916275
किशोरसिंह,0.3193921446800232,0.2039182335138321
किशोरावस्थाका,0.3185780346393585,0.2604663372039795
किशोरकिशोरीको,0.3170376121997833,0.22970837354660034
किशोरीहरूलाई,0.3151719272136688,0.21147705614566803
किशोरीहरूको,0.31472107768058777,0.2108898013830185
किशोरकिशोरीहरुलाई,0.3137440085411072,0.23327547311782837
किशोरावस्थामा,0.3135169744491577,0.2825421392917633
किशोरावस्थाले,0.3110998868942261,0.2835580110549927
किशोरीहरूका,0.31107914447784424,0.2026984542608261
किशोरीलाल,0.31058797240257263,0.20750820636749268
किशोरीहरूमा,0.3090819716453552,0.21802395582199097
किशोरकिशोरीलाई,0.30890995264053345,0.23242723941802979
किशोरकिशोरीहरुको,0.30851712822914124,0.22065357863903046
किशोरहरुले,0.3064475953578949,0.24805554747581482
किशोरावस्थाको,0.3048139810562134,0.26965203881263733
किशोरीहरुले,0.3007127046585083,0.22231347858905792
किशोरहरुका,0.2995239496231079,0.21800360083580017
किशोरावस्थालाई,0.29876619577407837,0.2711475193500519
किशोरहरूमा,0.2978920340538025,0.23961715400218964
किशोरकिशोरीहरूका,0.2963571548461914,0.20191876590251923
किशोरकिशोरीहरूलाई,0.29607605934143066,0.21437688171863556
किशोरचन्द्र,0.29560887813568115,0.18859368562698364
किशोरनरसिंह,0.29539594054222107,0.1825130730867386
किशोरकिशोरीहरूले,0.2952808439731598,0.21494106948375702
किशोरमाथि,0.2950188219547272,0.22263771295547485
किशोरकिशोरीहरूको,0.2935412526130676,0.21107611060142517
किशोरकिशोरीहरूमा,0.2933385372161865,0.21901537477970123
किशोरीहरूले,0.29331836104393005,0.20710742473602295
किशोरीमाथि,0.2868315577507019,0.21824489533901215
डोलकिशोर,0.28582847118377686,0.16921797394752502
किशोरावस्थादेखि,0.2839891314506531,0.2374860942363739
बालकन्या,0.2827378511428833,0.16717827320098877
किशोरबहादुर,0.2821381092071533,0.18803928792476654
किशोरकिशोरीहरूसँग,0.2817842364311218,0.20204827189445496
किशोरहरुको,0.281779408454895,0.22004249691963196
युवकयुवती,0.2804015874862671,0.11126641184091568
किशोरहरूले,0.2796049416065216,0.23435473442077637
किशोरीको,0.2794814109802246,0.2181280553340912
किशोरीलाई,0.27897322177886963,0.199037566781044
किशोरीहरुमाथि,0.2781093418598175,0.1961946040391922
किशोरहरूको,0.272723913192749,0.22202609479427338
किशोरीहरूसँग,0.27199894189834595,0.18255087733268738
सुरकिशोर,0.27099382877349854,0.16572749614715576
वृजकिशोर,0.2663353681564331,0.19042709469795227
जवान,0.2660047113895416,0.3104965388774872
सुरकिशोरदास,0.26478540897369385,0.11825372278690338
किशोरहरूलाई,0.2636507451534271,0.21541078388690948
किशोरकुमार,0.26166436076164246,0.18719027936458588
उमेरै,0.26116910576820374,0.11372197419404984
किशोरीद्धारा,0.25898581743240356,0.15475216507911682
प्रेमकिशोर,0.2583434581756592,0.16552315652370453
युवतीः,0.2571169137954712,0.1045679897069931
श्रीकिशोरी,0.256916880607605,0.1874370574951172
बृजकिशोर,0.2557006776332855,0.18353202939033508
युगलकिशोर,0.25562864542007446,0.17435823380947113
अवधकिशोर,0.25541380047798157,0.20415890216827393
युवावस्था,0.2545706033706665,0.16657516360282898
रामकिशोर,0.25259286165237427,0.17855201661586761
युवति,0.24918213486671448,0.1132752001285553
युवतीमध्ये,0.2476716935634613,0.11250686645507812
तरुणावस्था,0.2472989410161972,0.17632539570331573
नंदकिशोर,0.24651336669921875,0.17420940101146698
युवतीकी,0.2458617091178894,0.1024261862039566
युवावस्थामा,0.2458028346300125,0.17005233466625214
युवती,0.24566900730133057,0.09591604769229889
यौवनानस्था,0.24534529447555542,0.14643168449401855
टिनएजका,0.24357545375823975,0.05437524616718292
तरुणी,0.24346761405467987,0.22710634768009186
युवावस्थामै,0.24298644065856934,0.14186371862888336
युवतीबाट,0.24181495606899261,0.10423480719327927
अमरकिशोर,0.24180307984352112,0.17312727868556976
तरुनीहरु,0.24024075269699097,0.10276418924331665
ब्रजकिशोर,0.23901191353797913,0.16982915997505188
उमेरैमा,0.23854674398899078,0.07577912509441376
युवतीसहित,0.23838259279727936,0.08885837346315384
युवतीसंग,0.23784884810447693,0.12392354011535645
जवाना,0.23783928155899048,0.15906573832035065
शुभकन्या,0.23685699701309204,0.20270010828971863
कुमाररुमा,0.23661752045154572,0.11659476161003113
यौवनावस्थामा,0.2366056591272354,0.17111442983150482
युवतिलाई,0.23656980693340302,0.1205914095044136
इन्दौरका,0.23648929595947266,0.10563717037439346
युवत,0.23641285300254822,0.0991482064127922
युवतीका,0.2359090894460678,0.1266544759273529
युवावस्थाको,0.23467275500297546,0.15033072233200073
कन्या,0.2345682829618454,0.3124024569988251
युवतीसाग,0.2344333529472351,0.11531931161880493
जवानबाट,0.23287838697433472,0.13419270515441895
कलिली,0.2323334813117981,0.1042102724313736
युवतीबीच,0.23137697577476501,0.11377519369125366
युवावस्थादेखि,0.23117490112781525,0.14230386912822723
युवतीकै,0.2305271029472351,0.09917689859867096
युवकबीच,0.23036989569664001,0.09144799411296844
युवावस्थाका,0.22927804291248322,0.14811451733112335
जन्मन्या,0.2290317416191101,0.07309368252754211
कलिलैमा,0.2288525104522705,0.07747021317481995
तरुनी,0.22861681878566742,0.03894113749265671
युवतीदेखि,0.22825446724891663,0.10279088467359543
युवतिको,0.22731202840805054,0.09241130948066711
पुनिता,0.22723376750946045,0.06325713545084
युवावस्थालाई,0.22702467441558838,0.1560489684343338
यौवनावस्था,0.22696472704410553,0.17442621290683746
बालकदेखि,0.226920485496521,0.07401663810014725
हिंडन्या,0.2267742156982422,0.09142472594976425
row16,0.22637657821178436,0.07225092500448227
भर्खरका,0.22606246173381805,0.1146247535943985
अधवैंसे,0.22593235969543457,0.10784490406513214
उमेरका,0.22575534880161285,0.11155281960964203
कन्यावेदिनश्च,0.2257542610168457,0.1806475669145584
युवतीमाझ,0.22574299573898315,0.09627094119787216
जवानि,0.225310280919075,0.20878097414970398
युवतीतिर,0.22526666522026062,0.11641473323106766
वृद्द,0.22504720091819763,0.12815211713314056
अधबैंसे,0.22497153282165527,0.10237210243940353
केटाहरू,0.22473213076591492,0.12259507179260254
झुत्रे,0.22455742955207825,0.1255931407213211
रुद्रकन्याभिर्नृत्यन्तीभिर्निषेवितः,0.2244710922241211,0.0741899162530899
यौवना,0.22434474527835846,0.10988494008779526
युवतिहरु,0.22431284189224243,0.1300952136516571
मोहापात्रा,0.22420331835746765,0.0945296511054039
युवागायक,0.2239929735660553,0.08153066784143448
प्रौढावस्था,0.22370031476020813,0.16277365386486053
डिस्ट्रिव्युसन,0.22360612452030182,0.09832199662923813
युवा,0.22346976399421692,0.11493613570928574
पद्यमकन्या,0.22291722893714905,0.15958739817142487
केटासाथी,0.2229098081588745,0.07051469385623932
उमेरदार,0.22218410670757294,0.07180068641901016
वर्षउमेरका,0.22216102480888367,0.07971020042896271
गर्भधरणाका,0.2218969166278839,0.0849691852927208
जवानीका,0.22158034145832062,0.12276573479175568
सुकन्या,0.22152870893478394,0.17351798713207245
युवायुवतीमध्ये,0.2214977741241455,0.09211698919534683
नवलकिशोर,0.22145415842533112,0.15422214567661285
वालिका,0.22076351940631866,0.06520028412342072
संगिनी,0.22052939236164093,0.04874878376722336
युवकसाग,0.22041334211826324,0.1075456514954567
उमेर,0.22009524703025818,0.12996900081634521
साथीसँगाती,0.21957601606845856,0.08272114396095276
युवतीसँगको,0.21956968307495117,0.11375004798173904
केटिहरू,0.21928797662258148,0.08460172265768051
मञ्जिला,0.2191966325044632,0.041161660104990005
टिनएजर्स,0.21884584426879883,0.04886728152632713
बालकथाहरु,0.21884499490261078,0.09657378494739532
शैशव,0.21870987117290497,0.07936038076877594
row18,0.2186325341463089,0.053376443684101105
उमेरसमूहका,0.21861454844474792,0.09922704100608826
भाइबहिनीहरु,0.21810182929039001,0.131428062915802
प्रनिता,0.2176922857761383,0.0642198994755745
मोडर्नकन्या,0.2176896631717682,0.17877782881259918
नानीराम,0.21759839355945587,0.04220066964626312
युवतीसँगै,0.21754862368106842,0.09609130769968033
बच्चामध्ये,0.21722805500030518,0.08966020494699478
युवतीझैं,0.21705865859985352,0.07667162269353867
उमेरकालाइ,0.21680475771427155,0.10116446018218994
कुन्दनले,0.21680408716201782,0.04803277924656868
राजकन्या,0.21666590869426727,0.18792864680290222
युवकका,0.21659696102142334,0.1273454874753952
बच्चादानी,0.216403529047966,0.04644152894616127
रञ्जीता,0.21638023853302002,0.08867679536342621
बूढाबुढी,0.21612001955509186,0.08700958639383316
युवतीहरु,0.21597975492477417,0.11898588389158249
लक्का,0.21589159965515137,0.18909430503845215
महिलाउमेर,0.21579797565937042,0.07655032724142075
यौवनले,0.2155885398387909,0.09233736991882324
केटीहरु,0.21556293964385986,0.13116900622844696
टेकन्या,0.21536296606063843,0.19958458840847015
एउटीलाई,0.21530237793922424,0.05927618592977524
नानीबाबु,0.21517203748226166,0.05847689509391785
केटासाथीसँग,0.21498805284500122,0.07451511174440384
बालवृद्धा,0.21474599838256836,0.05338390916585922
मनोरोगी,0.21473681926727295,0.07448799908161163
युवतीहरुमा,0.21459084749221802,0.116763636469841
केटाकेटि,0.21397073566913605,0.09192273765802383
उमेरकालाई,0.21394729614257812,0.10626646131277084
केटीहरुका,0.21390333771705627,0.10062345117330551
झुम्री,0.21383048593997955,0.06010926142334938
कन्याकी,0.21382611989974976,0.16838409006595612
केटाहरुलाई,0.21379706263542175,0.11839990317821503
जवानिको,0.21377591788768768,0.16180123388767242
महिलार,0.21370044350624084,0.09154979139566422
साथीसँगी,0.21352438628673553,0.06852313131093979
कन्यामध्ये,0.21342045068740845,0.13729818165302277
युवतीसित,0.21341140568256378,0.081959068775177
प्रौढलाई,0.2133929431438446,0.11143915355205536
बालकरूपी,0.21333599090576172,0.07230480015277863
युवकमा,0.2133220136165619,0.11512674391269684
अविवाहिता,0.21331286430358887,0.08036286383867264
देवनले,0.21289831399917603,0.05505440756678581
युवतीलाई,0.21287605166435242,0.08172351866960526
झ्न्डै,0.212831050157547,0.04933890327811241
किशोडावस्थादेखि,0.21279816329479218,0.15925206243991852
युवतीहरुका,0.21277126669883728,0.09953757375478745
केटाहरु,0.2125582993030548,0.12276877462863922
साथीसहित,0.21255147457122803,0.05603766813874245
केटाकै,0.2125054895877838,0.09040172398090363
मग्नी,0.21229442954063416,0.0677550807595253
तरुनो,0.21224860846996307,0.058766212314367294
युवावयका,0.21218425035476685,0.08462086319923401
दक्षकन्या,0.21212852001190186,0.16601279377937317
row39,0.2120792269706726,0.07075408846139908
वृद्धा,0.2120276242494583,0.09334810078144073
केटाकेटिले,0.21202582120895386,0.10356505215167999
बिदुवा,0.21177373826503754,0.05199713259935379
उमेरकी,0.21157550811767578,0.12142452597618103
गर्भवतीका,0.21136313676834106,0.07644591480493546
पाका,0.21103066205978394,0.10664918273687363
पुरुषमध्ये,0.2110057920217514,0.09984909743070602
जना,0.2110031545162201,0.08951757103204727
काँइली,0.21094708144664764,0.07382946461439133
सानुबाबु,0.21062415838241577,0.08283642679452896
केटीसंग,0.2106083482503891,0.09035924822092056
आइमाईहरु,0.21054291725158691,0.09171383827924728
मिथुनाकुल,0.21054214239120483,0.04795445129275322
भाइहरू.दिलिप,0.2102975696325302,0.0727929025888443
बालिकाहरु,0.20975682139396667,0.10263562202453613
युवतीहरुले,0.20973221957683563,0.11181756854057312
युवायुवती,0.20971187949180603,0.08214469254016876
वीणावादनमा,0.20968036353588104,0.05267268046736717
भर्खरकी,0.20967169106006622,0.08835233002901077
केटिलाइ,0.2095765471458435,0.08783692866563797
भाइबहिनी,0.20955651998519897,0.08977697789669037
महिलासँगै,0.20953336358070374,0.07885690033435822
महिलामध्ये,0.20953255891799927,0.08993145078420639
बालकैमा,0.2094954252243042,0.05455110967159271
केटासाग,0.2093709260225296,0.09742945432662964
बालबालिकामध्ये,0.20913304388523102,0.12599234282970428
युवतीहरुबाट,0.20912252366542816,0.10879325866699219
बृद्धावस्था,0.20901237428188324,0.1351039707660675
हाटीका,0.20892512798309326,0.084782674908638
कुन्दन,0.2088926136493683,0.08676587790250778
युवकहरु,0.20864997804164886,0.1371098905801773
बालकसित,0.20856758952140808,0.05754004418849945
केटाकेटीहरू,0.20856229960918427,0.1010407954454422
उमेरकाले,0.2084341049194336,0.1091809868812561
फेन्दुवा,0.20841088891029358,0.047966040670871735
केटी,0.20838938653469086,0.09353073686361313
युवतीहरुकै,0.20833957195281982,0.07917901128530502
वर्षकी,0.208165243268013,0.09413934499025345
आईमाईहरु,0.2081587314605713,0.08777546882629395
युवतिले,0.2080794870853424,0.11857770383358002
प्रोफाईलहरू,0.20799198746681213,0.0739946961402893
बहिनीमध्येकी,0.20796982944011688,0.09579117596149445
अनिशा,0.2079056054353714,0.11327072978019714
युवतीहरूले,0.20778492093086243,0.10045190900564194
महिलाएँ,0.20757263898849487,0.057780735194683075
आइमाइहरू,0.2075643539428711,0.08418038487434387
बालकझैँ,0.20748919248580933,0.056046679615974426
महिलाठेगाना,0.20736044645309448,0.07499933242797852
युवकतिर,0.2073218822479248,0.06951344013214111
जुलिता,0.20706939697265625,0.05260726064443588
जोइटिङ्ग्रे,0.20704016089439392,0.06646396219730377
गुल्पी,0.20700982213020325,0.059075068682432175
एन्जियोल्पाष्टी,0.20695017278194427,0.043792687356472015
कन्याकेटीहरू,0.2067340761423111,0.12692387402057648
titans,0.2066982090473175,0.06697232276201248
बालवालिका,0.20669801533222198,0.061774082481861115
पद्यकन्या,0.20669305324554443,0.17312775552272797
प्रौढ,0.20655931532382965,0.10024331510066986
विवेककुमार,0.20651842653751373,0.07652916014194489
वृद्धासम्म,0.20645467936992645,0.062373120337724686
गर्भवतीमा,0.206383615732193,0.08348266780376434
फुच्चाफुच्ची,0.206371009349823,0.08411635458469391
केटाहरुमा,0.20618224143981934,0.12763144075870514
केटीहरू,0.2061813771724701,0.1211208924651146
बालवालिकाहरु,0.2061110883951187,0.07966675609350204
बूढाहरु,0.2059856504201889,0.10529548674821854
हहरु,0.20581786334514618,0.10263501107692719
युवावयमा,0.20568569004535675,0.06353753060102463
विवाहयोग्य,0.20561380684375763,0.0648132786154747
उमेरपछि,0.20554064214229584,0.12981422245502472
तन्नेरीतरुनीहरू,0.2054709792137146,0.0894581750035286
तन्नेरीहरु,0.20543649792671204,0.12201537936925888
जहानवी,0.20522518455982208,0.0525314025580883
जागरिला,0.2052108198404312,0.03047439642250538
गाउँतिरका,0.20493178069591522,0.05891279876232147
कुमारकी,0.2048150897026062,0.07971823960542679
उमेरभन्दा,0.20473621785640717,0.11369679123163223
कटकबहादुर,0.2045225203037262,0.10545039921998978
मीनाकी,0.20452024042606354,0.03521701693534851
नागकन्या,0.20447732508182526,0.1976669877767563
कन्याइ,0.20446603000164032,0.17432188987731934
बालिकाकी,0.20440486073493958,0.07435990124940872
बालवयको,0.20439907908439636,0.06157655641436577
बैंसले,0.2043445110321045,0.06778321415185928
बालकाव्य,0.2043171375989914,0.056046467274427414
असलकन्या,0.20427095890045166,0.20478619635105133
दीपाका,0.2041664719581604,0.06382357329130173
हिमकन्या,0.2041434794664383,0.20546862483024597
महिलामध्येकी,0.20402798056602478,0.08650099486112595
नानीमाया,0.20388346910476685,0.029968220740556717
सप्तकन्या,0.20376113057136536,0.16538704931735992
बुढाखाडा,0.20375311374664307,0.05872626230120659
बच्चाबच्ची,0.20370575785636902,0.05352899059653282
स्कूलतिर,0.20366261899471283,0.07370737195014954
हाँसिखुसी,0.20363175868988037,0.05234396085143089
तिमीजस्ती,0.2035541534423828,0.0794324278831482
देवकन्या,0.20354777574539185,0.1744089275598526
चन्द्रप्रभावतीका,0.20353615283966064,0.07112857699394226
शिवेन्द्र,0.2035077065229416,0.12812042236328125
मगर्नी,0.20337848365306854,0.07158050686120987
राजुलाई,0.2033645659685135,0.08838335424661636
उमेर्देखि,0.2033218890428543,0.08205019682645798
१९७०का,0.20309369266033173,0.12316069006919861
हर्षदकुमार,0.20305943489074707,0.0473080612719059
बालिकामा,0.2029174566268921,0.06869752705097198
बालबालिकामा,0.20287172496318817,0.12929826974868774
जवानहरु,0.20286336541175842,0.1529182344675064
अभिभावकसँगै,0.20283523201942444,0.09063839912414551
भैलिनी,0.20276093482971191,0.04972090944647789
बैनीहरु,0.20266592502593994,0.11319953203201294
उमेरैको,0.20263001322746277,0.0503712072968483
विषकन्या,0.20260436832904816,0.1866140514612198
केटामा,0.20259085297584534,0.07585571706295013
केटाकेटीहरुका,0.20256686210632324,0.10350775718688965
उमेर्,0.20256316661834717,0.10615698993206024
विवाहिता,0.20244340598583221,0.0870707705616951
बालकालिका,0.20236341655254364,0.03313790634274483
व्यस्क,0.20235824584960938,0.071315698325634
सिम्प्सन्सका,0.20209380984306335,0.06490607559680939
केटीहरूले,0.20194867253303528,0.11224072426557541
मतदाताचुनाव,0.20183885097503662,0.07028365880250931
महिलासंग,0.201784148812294,0.08179979771375656
वृद्धाअवस्थामा,0.20174634456634521,0.10260473936796188
सिम्प्सनस्मा,0.20172791182994843,0.0679558664560318
टिनएजमै,0.20165301859378815,0.09391314536333084
उमेरहदका,0.20164184272289276,0.10843876749277115
वैदेहीकी,0.20161081850528717,0.07128774374723434
केटीभन्दा,0.20158305764198303,0.09310406446456909
महिलामाथिका,0.20156334340572357,0.09642505645751953
मैयादेवी,0.2015402615070343,0.06805889308452606
केटीकी,0.2015238106250763,0.07876752316951752
यौवनावस्थाको,0.20146861672401428,0.16343307495117188
प्युमोरी,0.20146560668945312,0.0511624738574028
केटाकेटी,0.2014164924621582,0.09266775101423264
युवादेखि,0.20138047635555267,0.07223537564277649
तेरीया,0.2012806534767151,0.02406657114624977
केटीयम,0.20125848054885864,0.07860641181468964
रन्जुमाया,0.2011876404285431,0.027529943734407425
गुल्पीका,0.20109739899635315,0.05699657276272774
कुमारमा,0.20108135044574738,0.06436551362276077
प्रेमयोगी,0.2010406106710434,0.05466935411095619
युवतीहरुलाई,0.20099897682666779,0.11432244628667831
बालकहरु,0.20098084211349487,0.09464159607887268
केटीहरूमा,0.20094360411167145,0.11815425753593445
विद्याचरण,0.2009211629629135,0.07622577995061874
बेनिता,0.20081067085266113,0.053541917353868484
बालिकाबाट,0.2006864994764328,0.058257319033145905
वृद्धामा,0.2006063163280487,0.08320225030183792
नानीहरु,0.20044967532157898,0.09048506617546082
केटीहरुमा,0.20044581592082977,0.10333168506622314
बालकबाट,0.20043927431106567,0.05946141108870506
चर्चिक,0.20043696463108063,0.05960247293114662
जवानका,0.20043447613716125,0.1622016280889511
तरुनीका,0.2001969814300537,0.057639509439468384
जवानीमै,0.20003077387809753,0.1437874138355255
विवाहहरु,0.2000233680009842,0.088072769343853
केटाहरुसंग,0.19994758069515228,0.11141933500766754
कुन्दनलाई,0.19991271197795868,0.055374909192323685
जागरिलो,0.19985537230968475,0.04475245997309685
युवतीहरूकहाँ,0.1998106688261032,0.08138435333967209
घाईतेमध्ये,0.19980460405349731,0.045624714344739914
सहपाठीको,0.19946523010730743,0.043681565672159195
ठिटा,0.19939546287059784,0.09288740158081055
बालिका,0.19938868284225464,0.09321226924657822
वैंशालु,0.19934353232383728,0.07783158868551254
बहिनीमध्ये,0.19933101534843445,0.07565108686685562
रञ्जीतले,0.1992703676223755,0.06203385442495346
भर्खर्की,0.1992577761411667,0.06293781846761703
बालिकाहरुलाई,0.19922976195812225,0.0940328985452652
तन्नेरीलाई,0.1992093175649643,0.10197266191244125
सुनीलबाबु,0.19917179644107819,0.07374675571918488
दीवाका,0.19916416704654694,0.07827576994895935
कन्यामकी,0.19916141033172607,0.1681421846151352
रञ्जन,0.1991400420665741,0.08909183740615845
देवीसरा,0.19911687076091766,0.04438569396734238
बच्चासहित,0.1990918219089508,0.06694240123033524
row25,0.19901826977729797,0.05828015133738518
बहिनीटीका,0.1990145444869995,0.0733197033405304
जेठीसासु,0.19897666573524475,0.045271649956703186
केटिका,0.1989383101463318,0.07187557220458984
तिनजना,0.19887478649616241,0.09808894246816635
निर्त्यकर्ता,0.19883772730827332,0.07883922010660172
बृद्धाआश्रममा,0.19878868758678436,0.06001821532845497
वर्षमुनीका,0.1987709105014801,0.06919273734092712
जुठपानी,0.19875457882881165,0.05420674383640289
युवतीहरुको,0.1987295001745224,0.11184027045965195
कोकिला,0.19872455298900604,0.05968528985977173
केटीपरिवार,0.19868789613246918,0.07254524528980255
सकन्या,0.19860175251960754,0.19678521156311035
उमेरकै,0.19859161972999573,0.11435582488775253
स्कूले,0.19859059154987335,0.09463920444250107
हिँडाइडुलाई,0.1985827088356018,0.08647460490465164
महिनावरी,0.198442742228508,0.10819784551858902
हाँसकुखुरा,0.19844025373458862,0.054625071585178375
म्यासेचुसेटमा,0.19831931591033936,0.07868791371583939
ऋषिकन्या,0.19831323623657227,0.19266170263290405
मिजासिली,0.19828416407108307,0.06723839789628983
बालक्लब,0.19825445115566254,0.06472722440958023
बच्चाबच्चीहरु,0.19810155034065247,0.09993814677000046
टिनएजर,0.19802966713905334,0.09069076180458069
बृद्धा,0.1979869306087494,0.04245597869157791
बुढाबुढी,0.1979595422744751,0.08705700188875198
प्रसादहरू,0.19793260097503662,0.04274606704711914
साथीसँग,0.197920024394989,0.06564565002918243
बच्चैमा,0.19786089658737183,0.0486455112695694
वृद्ध,0.19777581095695496,0.10501536726951599
केटाकेटीसंग,0.1977269947528839,0.09850401431322098
बृद्धाआश्रम,0.19769585132598877,0.03229285776615143
रुरुकन्या,0.19759176671504974,0.17298424243927002
युवकध्वज,0.19754339754581451,0.06043084338307381
चपरासी,0.1974603682756424,0.050650376826524734
आइमाइहरु,0.19741562008857727,0.08537348359823227
युवको,0.1973993480205536,0.09995310008525848
कन्यां,0.19739550352096558,0.19928595423698425
क्रिटोबालमा,0.19733065366744995,0.09868548810482025
बालकसँग,0.19732666015625,0.07111488282680511
अर्किड्स,0.1972217559814453,0.05860493332147598
बालकालिकाको,0.19722092151641846,0.04814751818776131
युवतीमा,0.19710971415042877,0.08595061302185059
सुकुट्टीकी,0.19710390269756317,0.045669522136449814
पुरुषपरीक्षा,0.1970648467540741,0.07170891761779785
भाइबहिनीका,0.19702288508415222,0.08146706968545914
कन्याकुमारीबाट,0.19700336456298828,0.10876649618148804
बाबुपात्रका,0.19692093133926392,0.05118216574192047
बुडीलाई,0.19686493277549744,0.0568300299346447
युवायुवतीमा,0.19685427844524384,0.08088149130344391
शिक्षिकाहरु,0.19683097302913666,0.07794266939163208
बच्चुराम,0.19682182371616364,0.06219683587551117
केटीहरुलाई,0.19680926203727722,0.10480354726314545
जागरका,0.19679945707321167,0.043316882103681564
अमादुच्ची,0.1967964768409729,0.06685347110033035
बालकहरुलाई,0.19677957892417908,0.08846988528966904
शिशुप्रसाद,0.19672013819217682,0.08789754658937454
फुच्ची,0.1967076063156128,0.07927341014146805
जवानहरू,0.19670195877552032,0.1402144581079483
युवतीसँग,0.19667336344718933,0.10847283899784088
केटीका,0.19665497541427612,0.07332497835159302
महिलासमेत,0.1966094672679901,0.06809422373771667
दिदिहरु,0.19656512141227722,0.10280133783817291
कन्यार्थ,0.19649188220500946,0.15086986124515533
टल्कन्या,0.19648322463035583,0.18555434048175812
रंगिनी,0.19646242260932922,0.0408194363117218
रामविनय,0.19646187126636505,0.06571946293115616
बूढोज्यामी,0.19644567370414734,0.055358074605464935
गढ़वाली,0.1964181512594223,0.04669651389122009
युवतीहरूका,0.19641728699207306,0.08203279972076416
राजेस,0.19639797508716583,0.07116618752479553
जवानदेखि,0.1962653249502182,0.11850222945213318
कलिलै,0.19626115262508392,0.1325082629919052
बच्चाकी,0.1962495744228363,0.06701693683862686
मस्तराम,0.19622905552387238,0.04894242063164711
एजुकेसनका,0.19621968269348145,0.059127215296030045
प्रेमयात्रा,0.1962132602930069,0.059634845703840256
सहपाठीहरु,0.19613170623779297,0.10073065757751465
महिलानै,0.19610318541526794,0.06538455188274384
वनभोजस्थलहरू,0.19607582688331604,0.050734758377075195
बच्ची,0.19601066410541534,0.06625223904848099
मजेदार,0.19597728550434113,0.07938764989376068
रामकाव्य,0.1959550678730011,0.07588273286819458
कन्यासग,0.19594481587409973,0.16988198459148407
मञ्जिलको,0.19592875242233276,0.044114045798778534
केटाकेटीलाई,0.19588905572891235,0.08639012277126312
चञ्चला,0.19587841629981995,0.06233427673578262
बेल्दार,0.19578814506530762,0.04519283026456833
प्रजिविहरु,0.19575563073158264,0.09571216255426407
केटीबीच,0.19574394822120667,0.1063288152217865
कन्याहरु,0.1957155168056488,0.16873407363891602
पूर्वावस्था,0.19570446014404297,0.16909478604793549
जवानीमा,0.19568036496639252,0.12461112439632416
पोस्टेरियर,0.1956786811351776,0.09004421532154083
सेठकन्या,0.19563119113445282,0.21078242361545563
केटीहरूलाई,0.1956031322479248,0.09931740909814835
हजारिका,0.19559143483638763,0.04104854539036751
तरुनीको,0.19558575749397278,0.06581614166498184
अध्यक्षकी,0.19554883241653442,0.055031731724739075
युवतीबीचको,0.19554445147514343,0.09761349111795425
मानसद्वन्द,0.19554153084754944,0.069807268679142
नाबालिका,0.1954873502254486,0.06553348898887634
केटीकै,0.19547095894813538,0.10668087750673294
युवायुवतीदेखि,0.19544389843940735,0.08700276911258698
जगद्विजयराजप्रतापमार्तण्डराजमत्तगजसिंहरिपुराजघनान्धकार,0.19543714821338654,0.04446616768836975
अकन्या,0.19542618095874786,0.20895808935165405
युवाबस्था,0.19542372226715088,0.06538987904787064
अमल्दार,0.19540126621723175,0.06563875824213028
सालोकेटो,0.19536885619163513,0.051667265594005585
पोथीमा,0.195354163646698,0.07968641072511673
विद्यार्थीमध्ये,0.19533301889896393,0.09622397273778915
बूढाबूढी,0.19528646767139435,0.10093828290700912
रामकान्त,0.19523750245571136,0.05731666833162308
देवीसिंह,0.19521944224834442,0.05099201947450638
गणेशकुमारकी,0.19519510865211487,0.05835294350981712
तन्नेरी,0.19517792761325836,0.09475531429052353
केटासँगै,0.1951110064983368,0.07134364545345306
कालीमुन्टेलाई,0.1951078176498413,0.0488036684691906
शैशावावस्था,0.19505926966667175,0.19280825555324554
स्वाल,0.19498604536056519,0.06493517011404037
row21,0.1949809193611145,0.051513172686100006
मिस्ट,0.1949480026960373,0.05576863884925842
केटीहरुको,0.19487281143665314,0.11550182849168777
बिंदुओं,0.1948470175266266,0.06066902354359627
इन्सेटमा,0.19478446245193481,0.07666277885437012
धरमपुरका,0.19477805495262146,0.040948286652565
महिलासंघ,0.19473569095134735,0.0599655956029892
भैनीको,0.19471411406993866,0.05725681409239769
सीतामैंया,0.19468888640403748,0.0875706821680069
ड्राइवर,0.1946835219860077,0.06884501129388809
साथिभाइहरु,0.1946624368429184,0.07697542756795883
लीलासिंह,0.19465306401252747,0.04646048694849014
बच्चादेखि,0.19465094804763794,0.10068533569574356
छात्राहरु,0.19463491439819336,0.08871591836214066
मुलायमसिंह,0.19460749626159668,0.047780975699424744
श्रीमतीमध्ये,0.19457495212554932,0.07116109877824783
युवतीलाइ,0.1945524513721466,0.07099482417106628
row10,0.19451290369033813,0.055068012326955795
आमाछोरी,0.1943984031677246,0.0634102076292038
मिक्सन,0.1943294256925583,0.0997593104839325
केटामान्छे,0.19422698020935059,0.09457337856292725
युवतीहरू,0.19418121874332428,0.08574213087558746
बालकुमार,0.19417497515678406,0.07218467444181442
युवतीहरूमा,0.1941518783569336,0.1175740510225296
केटासित,0.19392237067222595,0.09183056652545929
मास्टर्नी,0.19391438364982605,0.05583900213241577
महिलाबीच,0.19385097920894623,0.08463989198207855
row17,0.19384156167507172,0.059342700988054276
शुकवीर,0.1937246322631836,0.051105666905641556
बर्षकी,0.1937146782875061,0.08862289041280746
सानुमाया,0.1936487853527069,0.052865028381347656
सुरजसिंह,0.19362615048885345,0.06344359368085861
युवायुवतीबीच,0.19357948005199432,0.09173838049173355
मीनाका,0.19355802237987518,0.04066760838031769
दाँतहरु,0.19351443648338318,0.09804252535104752
बालवालिकाको,0.1934545338153839,0.06067827343940735
यादवराज,0.1934075653553009,0.07401978969573975
साथीसंगीहरु,0.193374902009964,0.11390076577663422
सुबिनको,0.19335781037807465,0.052785031497478485
केटाकेटीहरु,0.19334787130355835,0.11682647466659546
बाबूछोरी,0.1933303028345108,0.053231727331876755
अञ्जिला,0.19332756102085114,0.030668973922729492
बिदेसिए,0.19328172504901886,0.06370296329259872
गर्भवति,0.19326743483543396,0.08830592036247253
छात्रामध्ये,0.19325023889541626,0.07705964148044586
row27,0.1932373046875,0.05247332155704498
अविबाहित,0.1931699812412262,0.055417876690626144
जीवनगाथा,0.19315332174301147,0.058017000555992126
रक्तशीर्ष,0.19314643740653992,0.0419573038816452
इरिका,0.19309274852275848,0.05421704426407814
मनिसा,0.19308947026729584,0.05815887078642845
सानीआमालाई,0.1930658370256424,0.05001436173915863
उमेरद्ध्वार,0.1930575668811798,0.06671198457479477
युवकबाट,0.19295740127563477,0.08040425181388855
बूढाबूढीहरू,0.19295313954353333,0.10904381424188614
कन्याकुमारी,0.19289186596870422,0.1227191686630249
निशाकुशुम,0.19289128482341766,0.034626565873622894
आइमार्इ,0.1928895264863968,0.06814190000295639
केटाहरूको,0.19287383556365967,0.11273809522390366
मञ्जिल,0.1928611397743225,0.05752807855606079
मञ्जन,0.19284915924072266,0.07163580507040024
आमाछोरीलाई,0.19278289377689362,0.07714738696813583
आइमाईहरुको,0.19277021288871765,0.0768522098660469
आमासित,0.19276723265647888,0.06930125504732132
कुन्दनराज,0.19276370108127594,0.07428434491157532
रोजमेरी,0.19274018704891205,0.04284530133008957
नर्सिंह,0.19272905588150024,0.042042557150125504
महिलामाथी,0.19271603226661682,0.09236094355583191
उमेरसमुहका,0.19270731508731842,0.07736249268054962
एन्जाइटी,0.19269976019859314,0.08873554319143295
पंचकन्या,0.19268910586833954,0.18964505195617676
रञ्जितसिंह,0.19266171753406525,0.06729886680841446
रुक़य्याह,0.19262604415416718,0.0694737434387207
row13,0.19261565804481506,0.03949648141860962
अविवाहिताले,0.19257831573486328,0.09196409583091736
सौजन्या,0.19252166152000427,0.10185081511735916
युवतीहरूमाझ,0.1924634724855423,0.08884485065937042
भाईशिशिर,0.19240081310272217,0.060042012482881546
प्रहरिका,0.1923922747373581,0.11511344462633133
नर्वाल,0.19238945841789246,0.06799577176570892
काखीमुनिका,0.19238799810409546,0.04663940146565437
नैना,0.19237421452999115,0.0684720054268837
मैयाँनानी,0.1923372745513916,0.058273013681173325
वृद्धाले,0.192325159907341,0.0797659158706665
निशाकुसुम,0.1922798454761505,0.05581265687942505
सातबहिनी,0.19226482510566711,0.0499163381755352
इलिना,0.19226069748401642,0.06089748442173004
युवकसँग,0.19225972890853882,0.08994823694229126
प्रौढशिक्षा,0.1921955794095993,0.07489759474992752
कुन्तीदेवी,0.19219377636909485,0.04547566547989845
पोथीसङ्ग,0.19216009974479675,0.06549091637134552
सिल्की,0.19215935468673706,0.05809399113059044
केटीलाइ,0.19213537871837616,0.09718054533004761
कन्यामाईको,0.19211208820343018,0.14992287755012512
च्यान्टेबहादुरका,0.19210590422153473,0.0425243154168129
प्यारिसलाई,0.1920379102230072,0.09468527138233185
तीनकन्या,0.19203776121139526,0.16991199553012848
इलामकी,0.19202545285224915,0.06259112805128098
यौनसाथीसँग,0.19199974834918976,0.08830560743808746
सेलेब्रेटी,0.19195275008678436,0.06680822372436523
वषर्भन्दा,0.19194264709949493,0.08762612193822861
केटीलाई,0.19192662835121155,0.10714360326528549
हाँसीखुसी,0.19190719723701477,0.08848448097705841
पढाइतिर,0.1918993443250656,0.08329813927412033
सुपाठ्य,0.19189110398292542,0.04794865474104881
विनिता,0.19186705350875854,0.0661889910697937
उमेरम,0.19184502959251404,0.08512239158153534
गर्भअबस्था,0.1918228566646576,0.0801796093583107
मिस्रीदेवी,0.19179730117321014,0.036323368549346924
बांगाटिंगा,0.1917319893836975,0.0579877533018589
छोराछोरीकी,0.19171182811260223,0.05865134298801422
टिनएजमा,0.1916993409395218,0.10868336260318756
उमेरजन्य,0.19168183207511902,0.09563268721103668
कटेका,0.19168053567409515,0.07649033516645432
युवतीको,0.19167885184288025,0.0992693305015564
अन्जेल्स,0.19165511429309845,0.06653458625078201
शिक्षकमध्ये,0.1916484832763672,0.06980230659246445
साथिहरूने,0.1916472166776657,0.048384442925453186
कर्णध्वज,0.1916464865207672,0.06232479587197304
दाँतोला,0.1916421353816986,0.041883718222379684
महिलासंगै,0.19161894917488098,0.06369379907846451
सानुबाबा,0.19157014787197113,0.05585455149412155
छात्तीसगढी,0.191559836268425,0.05739060044288635
सिम्प्सनकी,0.19148775935173035,0.0663662701845169
इम्याजिनेसन,0.19147664308547974,0.07017871737480164
रञ्जुलाई,0.19144585728645325,0.09170694649219513
युबाहरु,0.19144022464752197,0.10158614069223404
भालेपोथी,0.1914011389017105,0.06804671138525009
श्वेतसरितसमलङ्कृतपरिसरप्रदेशामुदुम्वरपुरीमधिवसन्ततुलभुजब,0.191383957862854,0.05596422404050827
बूढीआमा,0.19137488305568695,0.06709764897823334
शैशावस्था,0.19135010242462158,0.2026381939649582
हिरोनीहरु,0.19130739569664001,0.10848946869373322
बालकलाकारका,0.1913003921508789,0.0486239492893219
मञ्जिता,0.1912728250026703,0.04660356789827347
केटीमा,0.19123786687850952,0.13144248723983765
गायीकाहर,0.19117645919322968,0.05039297044277191
पुरुषः,0.19117167592048645,0.05072202533483505
प्रेमिकादेखि,0.19116319715976715,0.051920998841524124
अधबैंशे,0.19109416007995605,0.14419420063495636
निषादहरू,0.19109010696411133,0.05781085789203644
सिम्प्सनका,0.19107551872730255,0.043947432190179825
एञ्जिला,0.19100745022296906,0.026333870366215706
एलिना,0.19097332656383514,0.07611113041639328
पिनाकी,0.19096651673316956,0.04558589309453964
सञ्जन,0.1909041404724121,0.06685049086809158
बहिनिहरु,0.1908605694770813,0.08601795881986618
आयुष्मा,0.19082528352737427,0.057946618646383286
डेगेन्द्र,0.1908096969127655,0.060858722776174545
अर्धवयस्क,0.19070115685462952,0.0791068896651268
केटाकेटीहरुमा,0.19067533314228058,0.11777957528829575
कालीचनले,0.19062483310699463,0.05772710219025612
उमेर24,0.1905968338251114,0.10675064474344254
केटाहरुबाट,0.19055861234664917,0.11492179334163666
ईग्लिस,0.1905209720134735,0.06250569969415665
घँसी,0.19050046801567078,0.08528502285480499
प्रेमराजेश्वरीले,0.19048148393630981,0.09576751291751862
जवानहरूलाई,0.19043801724910736,0.13193613290786743
बालकजस्तै,0.19043292105197906,0.06486739218235016
युवाजोडीका,0.19039581716060638,0.051979850977659225
चबेगु,0.19036921858787537,0.053054552525281906
जुमा,0.1903320550918579,0.06093751639127731
साथीसंग,0.1903257966041565,0.07908540964126587
युवायुवतीहरु,0.19032475352287292,0.09695395082235336
शम्भुकुमार,0.19032204151153564,0.07133211195468903
दीक्षामौञ्जीविवाहमुण्डनमपूर्व,0.19026637077331543,0.06184687465429306
अध्ययरत,0.19021935760974884,0.06904493272304535
केटीहरुले,0.1901884227991104,0.10683692991733551
वर्षी,0.19014129042625427,0.07875154167413712
रुन्छे,0.19012948870658875,0.03635012358427048
बालक,0.19012807309627533,0.08129829168319702
विधवाका,0.1901118904352188,0.07288534194231033
कलेजस्कूलतालिका,0.19010356068611145,0.03993631526827812
लेखकर,0.1900807023048401,0.05229288712143898
युवतीप्रति,0.19006794691085815,0.09461969137191772
गर्भे,0.19006188213825226,0.06980715692043304
बालकहरुको,0.19002997875213623,0.08344373106956482
चन्द्रकिशोरको,0.1900230497121811,0.11587360501289368
वृद्धोऽपि,0.19002176821231842,0.08336514979600906
केटासगँ,0.18998302519321442,0.08288377523422241
मंगलीमाया,0.1899692416191101,0.039335038512945175
अक्याडेमिया,0.1899513304233551,0.06198148429393768
जवानीसँगै,0.18993796408176422,0.1113315299153328
हाँसियो,0.1898389756679535,0.0656864121556282
इनरुवाका,0.18982566893100739,0.03580397367477417
दुर्गाकुमार,0.18980063498020172,0.06491056829690933
युवतीले,0.18980030715465546,0.09116050601005554
उमेरसंगै,0.1897989958524704,0.0999947264790535
सुकुलहरू,0.18978650867938995,0.07623988389968872
जमुनीसित,0.18976695835590363,0.03310549631714821
चक्रबहिलनेरबाट,0.1897324025630951,0.05861712247133255
आइमाईका,0.18969285488128662,0.06997805088758469
प्रमोदकुमार,0.18967199325561523,0.08607855439186096
वृद्धपुरुषहरु,0.18964646756649017,0.06946195662021637
प्रेमिकाहरु,0.18964144587516785,0.0791226476430893
आमाहरु,0.18963657319545746,0.10537325590848923
प्रेमपात्रका,0.18961860239505768,0.04395662620663643
रिश्तेदार,0.18959017097949982,0.0526641346514225
जीवनप्रसाद,0.18957260251045227,0.06935089081525803
अधबैँसे,0.1895480901002884,0.10055996477603912
भाइबहिनीहरू,0.18951912224292755,0.0941542461514473
भाइबहिनिहरुले,0.18948596715927124,0.09520618617534637
फुटबलरहरूमध्ये,0.18942826986312866,0.09245332330465317
नानीहरुका,0.18933548033237457,0.07201606780290604
महिलासँगविभिन्नसंयोजनहरूहुन्छन्,0.18933507800102234,0.03786756098270416
केयरका,0.18930166959762573,0.07421690970659256
कौशलकुमार,0.18929924070835114,0.08136501163244247
उमेरसमूह,0.18928299844264984,0.07848712056875229
कन्ये,0.18926815688610077,0.1296360343694687
हाङ्लिसा,0.18922728300094604,0.047505367547273636
दर्शकमध्ये,0.1892177164554596,0.07869923859834671
आईमाई,0.18918514251708984,0.10024268925189972
प्रभादेवी,0.18917563557624817,0.06472359597682953
केटाकेटीहरुको,0.1890886425971985,0.1201372817158699
कामदेवकी,0.18907999992370605,0.06050824373960495
कुइनेटाहरु,0.1890312284231186,0.11530350148677826
ग्याफ्नी,0.18902012705802917,0.06828533113002777
कन्यामका,0.1889982968568802,0.13228847086429596
anabigya,0.1889776736497879,0.045398373156785965
केटाकेटीहरुलाई,0.188945472240448,0.11158345639705658
गोलैया,0.1888900250196457,0.059492483735084534
गाउन्नन्,0.1888892948627472,0.05930238589644432
प्यारासुटबाट,0.18881434202194214,0.06393201649188995
लेखहरूउपन्याससिड्नी,0.1887720227241516,0.05460529401898384
जुनिता,0.18876460194587708,0.03162714093923569
कुमारका,0.18876227736473083,0.06700640916824341
केटामाइन,0.1887528896331787,0.05940721929073334
केटासंग,0.188661590218544,0.08774908632040024
मतदाताबीच,0.18864813446998596,0.07880782335996628
आइमाइलाई,0.1886366605758667,0.10055235773324966
विनीता,0.18859490752220154,0.031374018639326096
युवायुवतीका,0.1885627657175064,0.08879469335079193
कुन्देन्दुतुषारहारधवला,0.18853145837783813,0.032983098179101944
बिमलाले,0.18851667642593384,0.06596510112285614
कालीमाटीका,0.18851645290851593,0.05245056748390198
मैनाकी,0.18851466476917267,0.06127974018454552
बृद्धबृद्धा,0.18847441673278809,0.060501012951135635
महिलाजति,0.18846657872200012,0.07777617871761322
ब्लोकबस्टर,0.18845060467720032,0.06522471457719803
दुर्विनीत,0.1884077489376068,0.047779880464076996
कन्याकुमारीसम्म,0.18836526572704315,0.11585048586130142
क्रिश्मस,0.18836376070976257,0.06396374106407166
ब्वाईफे्रन्ड,0.1883220672607422,0.062289200723171234
प्रसूतिले,0.18826407194137573,0.06509899348020554
थर्डक्लास,0.18826068937778473,0.08220676332712173
विटामिन्स,0.1882430613040924,0.0713764950633049
वर्षसौतेनी,0.18823906779289246,0.05418188124895096
सर्कैडियन,0.18822309374809265,0.08573104441165924
बच्चीले,0.18821880221366882,0.07528454810380936
कलिला,0.18821151554584503,0.09312750399112701
तीर्थमाया,0.18819287419319153,0.061243701726198196
वर्षबीचका,0.18815560638904572,0.08981490135192871
समानकी,0.1881476789712906,0.06297057867050171
साथीसाथी,0.18814381957054138,0.08135604858398438
पूर्ववयस्कवस्था,0.18812403082847595,0.10831613093614578
तरुनीहरुलाई,0.18810346722602844,0.09329809248447418
भाइहरूमध्ये,0.18806254863739014,0.05373498424887657
फिस्टर,0.18806228041648865,0.08222547173500061
मदरसाका,0.18805795907974243,0.046382393687963486
एजुकेयर,0.18803253769874573,0.08846519887447357
सारुमगर,0.187993124127388,0.05423826724290848
चान्डालिका,0.1879657804965973,0.04033280909061432
बेघा,0.18796156346797943,0.052522044628858566
बालबालिका,0.18792851269245148,0.1167776882648468
केटीसित,0.18791109323501587,0.10232798755168915
बूढाबा,0.18788601458072662,0.07786741107702255
सोनामाईको,0.18787917494773865,0.04158177226781845
दुवैथरिका,0.18786582350730896,0.05507441610097885
छोराछोरि,0.18786081671714783,0.05901527777314186
बुढाकी,0.1878540813922882,0.05076976120471954
रिसिका,0.18783381581306458,0.05764629691839218
हबल्दार,0.18783217668533325,0.11501171439886093
कन्याका,0.18779580295085907,0.15678808093070984
कुमारमेनका,0.1877591907978058,0.06465163081884384
आइटमका,0.18775419890880585,0.06893826276063919
राजपुतकन्या,0.18773698806762695,0.14298102259635925
जोशिया,0.18768616020679474,0.051540348678827286
भैरवसिंह,0.18767817318439484,0.034342389553785324
युवायुवतीहरुलाई,0.1876312792301178,0.1025962233543396
हल्दार,0.18761307001113892,0.07105803489685059
बालकालिकाहरु,0.18759889900684357,0.07026799768209457
रुपेन्द्र,0.1875980943441391,0.08657179772853851
योनीहरु,0.18759265542030334,0.08823695033788681
खोटांगमा,0.18756817281246185,0.0716104507446289
भान्जीको,0.18753455579280853,0.0616806223988533
बालिकाका,0.18753397464752197,0.07100047916173935
२०७३चर्चित,0.18747887015342712,0.06933733075857162
लाउँन्या,0.18746811151504517,0.13352985680103302
कन्याउँदै,0.18745921552181244,0.14507320523262024
पत्निका,0.18744418025016785,0.06878186017274857
सोबिता,0.187401682138443,0.042121484875679016
दन्तचिकित्सक,0.18730762600898743,0.07854071259498596
प्रावस्थाहरु,0.18730658292770386,0.15723182260990143
पूर्वजिल्ला,0.1873054951429367,0.07797808945178986
बाइसेक्सुअल,0.18729683756828308,0.0620943121612072
युवतिसँग,0.18727755546569824,0.06724771112203598
रोशना,0.18727152049541473,0.05992333963513374
छोरासहित,0.18726171553134918,0.0558975413441658
बालविनोद,0.18725363910198212,0.06999511271715164
लिङ्मा,0.18725216388702393,0.07066454738378525
विमलालाई,0.18722426891326904,0.06089431792497635
सुजनमा,0.1872205287218094,0.07491430640220642
भेजिना,0.18721331655979156,0.05964973568916321
सानोबाबु,0.1871957629919052,0.042662933468818665
युवामध्ये,0.18713080883026123,0.08781859278678894
युवावयको,0.18713077902793884,0.06937851011753082
प्राव,0.18709200620651245,0.05984070152044296
अनाहिता,0.1870865523815155,0.045177917927503586
mcbotostrong,0.1870618760585785,0.05638035759329796
बिवाहिता,0.1869964897632599,0.08554662764072418
परामर्शकर्ता,0.1869843304157257,0.04434186592698097
वृद्धसम्मले,0.18695303797721863,0.055104248225688934
वीर्यवाहिनी,0.18690545856952667,0.05704712122678757
राजकिशोर,0.18689168989658356,0.1111384928226471
हरिनसिंह,0.18688590824604034,0.044096071273088455
सानैमा,0.18685291707515717,0.07886771857738495
गुलाटीले,0.1868450790643692,0.07556403428316116
ब्राह्मिनी,0.18682093918323517,0.06811263412237167
पाँचथोप्ले,0.1868194043636322,0.048198994249105453
महिलाः,0.1868189573287964,0.055932529270648956
row22,0.18681570887565613,0.036039795726537704
तरुनीसँग,0.1867467164993286,0.08836693316698074
प्रवृद्ध,0.1867443174123764,0.03779375180602074
नन्दु,0.18672822415828705,0.06731570512056351
क्षयकुष्ठगुदावर्तगुल्माजीर्णपुरोगमाः,0.18669794499874115,0.0500800684094429
मार्मी,0.18668034672737122,0.03673584386706352
केटाहरुको,0.18666847050189972,0.11766727268695831
ड्राइपेटिस,0.1866629421710968,0.04327825456857681
कुमारध्वज,0.18665452301502228,0.06433204561471939
युबतीहरु,0.18664945662021637,0.12715595960617065
पंचीमाया,0.1866401880979538,0.023899609223008156
भाइबहिनीहरुलाई,0.18663406372070312,0.11332116276025772
मञ्जय,0.1866256147623062,0.06278353184461594
स्वयंसेविकाहरु,0.18661703169345856,0.09452224522829056
कन्यासँग,0.18660308420658112,0.14053314924240112
संगीता,0.18658699095249176,0.05214053392410278
साहबदेखि,0.1865854412317276,0.05742361396551132
प्रीपरेटरी,0.1865200698375702,0.04430124908685684
कन्याउने,0.1865132451057434,0.14143308997154236
जन्मकर्ता,0.18650123476982117,0.06144307181239128
अरबिन,0.18649335205554962,0.03982549160718918
तिनकन्या,0.1864737868309021,0.18516923487186432
एन्जलजोहनी,0.18644382059574127,0.0804450586438179
बेहुलीका,0.18641981482505798,0.07274027913808823
वैदेही,0.18636047840118408,0.07274994254112244
तारावीर,0.1863512098789215,0.04457195848226547
जवानीलाई,0.186347097158432,0.11859315633773804
अन्जुलाई,0.18634441494941711,0.06344177573919296
नन्दिकेशर,0.18632809817790985,0.06320064514875412
सिपाइली,0.18631775677204132,0.0523645244538784
एजुकेसनमा,0.18630075454711914,0.057306405156850815
अधवैँशे,0.18630020320415497,0.11387203633785248
एघारजना,0.18629774451255798,0.041707027703523636
वन्या,0.1862482726573944,0.12313775718212128
जयपुरीलाई,0.1862020194530487,0.1093350201845169
बालकमा,0.18619512021541595,0.0853908583521843
वालिकाहरु,0.18617409467697144,0.07338835299015045
होस्टेलमा,0.1861674189567566,0.061138857156038284
बूढाबूढीको,0.18616311252117157,0.10717140138149261
उमेरकोट,0.1861581802368164,0.08021926879882812
गाउँटोलका,0.18614864349365234,0.042963214218616486
जोरपाटीका,0.18612933158874512,0.06498552858829498
छोरामध्येका,0.18612772226333618,0.06846971064805984
ढाँगर,0.1861150562763214,0.062019720673561096
प्रजनित,0.1861128956079483,0.06156662851572037
च्यानडाँडा,0.18611213564872742,0.05612223222851753
गुलाटी,0.18611158430576324,0.04904415085911751
रिश्मा,0.1860998272895813,0.06099247187376022
ठिटाठिटी,0.18606998026371002,0.05700601264834404
uprightnail,0.18604958057403564,0.10511211305856705
रोशनराज,0.18602286279201508,0.06392937898635864
लज्जावशदेखि,0.18601292371749878,0.043150048702955246
महिनावरीको,0.18601159751415253,0.10168594121932983
युवतीमाथि,0.1860075294971466,0.1064365804195404
सुजनको,0.18598857522010803,0.06340912729501724
डाइलोग,0.1859501451253891,0.04291634261608124
अमृतराज,0.18594126403331757,0.06124458834528923
भिल्लकुमार,0.18593989312648773,0.07400309294462204
सानीसानी,0.18593615293502808,0.04282746836543083
चैतन्या,0.18585523962974548,0.11155662685632706
नातिबाबु,0.18583618104457855,0.048886239528656006
बुढाका,0.18580423295497894,0.04914531484246254
बालबालिकाबाट,0.18580400943756104,0.10453084111213684
वीणावादिनी,0.18579524755477905,0.06492350995540619
बालिकादेखि,0.18579523265361786,0.06714741885662079
वृद्धाहरू,0.18578797578811646,0.10077107697725296
कन्यासित,0.18577231466770172,0.15981382131576538
बुवाका,0.1857570856809616,0.07225733995437622
वर्षकि,0.18575285375118256,0.05130712315440178
शुक्रकीटमध्ये,0.18575036525726318,0.07726887613534927
विद्यालयमा,0.185709148645401,0.07979408651590347
पुरुषजस्तो,0.1856984943151474,0.08124123513698578
वृद्धसम्म,0.18568533658981323,0.05845876410603523
तरुनीले,0.18567173182964325,0.06410441547632217
पुरूषबीचको,0.18566909432411194,0.08118370175361633
ढल्के,0.18565987050533295,0.08822936564683914
स्वास्नीहरु,0.18564358353614807,0.08719681948423386
युवायुवतीसँग,0.18563312292099,0.08710501343011856
साथीलाइ,0.18559925258159637,0.07558484375476837
हुर्काउन्या,0.18557149171829224,0.06476099789142609
दौडाई,0.18555879592895508,0.050899699330329895
बृद्धबृद्धासम्म,0.185557022690773,0.0470559298992157
शिशुहरू,0.1855546236038208,0.07607018202543259
EÈÉÊËÆ3,0.18554173409938812,0.0472385473549366
सुजेन्द्र,0.18549537658691406,0.07946015894412994
कर्णेलहरू,0.18548735976219177,0.058856964111328125
सिल्पी,0.18546374142169952,0.07198305428028107
बालकसहित,0.18543046712875366,0.05125128850340843
उमेरामुहका,0.18542557954788208,0.10189058631658554
कुञ्जन,0.18534770607948303,0.05510333925485611
होस्टे,0.18534420430660248,0.047473471611738205
बूढाका,0.1853315532207489,0.04431389644742012
नवविवाहित,0.1853272169828415,0.0710931122303009
साथीको,0.18527847528457642,0.08095183223485947
मेहरचंद,0.18526947498321533,0.045807186514139175
हाँसिदेऊ,0.18524082005023956,0.05500531941652298
आजकलका,0.18519678711891174,0.0828794613480568
वृद्धत्वास्तशिशुत्वईज्यसितयोर्न्यूनाधिमासे,0.18519386649131775,0.047506749629974365
शिशुकालमा,0.18517044186592102,0.04754675552248955
देशमुखको,0.18516521155834198,0.04478548467159271
गियरले,0.18513022363185883,0.11662330478429794
सरोजप्रताप,0.18511845171451569,0.06795255839824677
जवानीचाहिँ,0.18510767817497253,0.12702248990535736
कक्षाका,0.18510034680366516,0.06266851723194122
भाइबहिनीको,0.18509407341480255,0.07944003492593765
चौकाचँदुवा,0.18509149551391602,0.06582540273666382
बद्रीनरसिंह,0.1850639134645462,0.07190703600645065
सुनीमाया,0.1850610375404358,0.04258173704147339
गर्भजाँच,0.18500356376171112,0.05675644800066948
पुल्लिंग,0.1849808692932129,0.054240882396698
तन्नेरीले,0.18498064577579498,0.07982651889324188
हाँस्थी,0.18497243523597717,0.06753505766391754
यौवनावस्थासम्म,0.184966042637825,0.11625973135232925
कुमारमै,0.184950053691864,0.04887394607067108
बहिनीहरु,0.1849484145641327,0.10581839829683304
पुरूषसँग,0.18493975698947906,0.08101976662874222
बच्चानजीक,0.18491558730602264,0.05049818381667137
भाइहरूका,0.18491043150424957,0.05436178296804428
साथीसँगको,0.18489804863929749,0.08634401112794876
बूढाबूढीलाई,0.18489257991313934,0.11885450780391693
बालकोसेली,0.18487758934497833,0.026014408096671104
रञ्जनाले,0.18487553298473358,0.07383988052606583
उत्ताउली,0.18486687541007996,0.04195104539394379
पुरुषबाट,0.18485380709171295,0.11498219519853592
बच्चाहरु,0.18483558297157288,0.08933372050523758
प्रेमीसंग,0.18482457101345062,0.07342348247766495
पढ्नेमध्ये,0.1848241537809372,0.07879769802093506
अटिजम,0.18482300639152527,0.11098872125148773
विशिकादुला,0.18481451272964478,0.05033411458134651
गर्भावती,0.18478164076805115,0.03799372911453247
हेम्बे,0.1847516894340515,0.03827820345759392
छोरीमैया,0.18473941087722778,0.07926812022924423
सुरजकुमार,0.18473047018051147,0.0786096453666687
कल्कलाउँदी,0.18472185730934143,0.10075254738330841
अमेरिमाया,0.18471992015838623,0.04925023764371872
छोरासित,0.18471726775169373,0.08985564857721329
पूर्वशिक्षक,0.18471144139766693,0.06830208003520966
हेयरका,0.18468926846981049,0.06620854884386063
गर्भवतीले,0.18467359244823456,0.05535012483596802
सुवानी,0.18466883897781372,0.033012617379426956
एन्जिला,0.18451610207557678,0.05806802213191986
जोन्छे,0.1844887137413025,0.06442086398601532
मामाकी,0.1844801902770996,0.026958245784044266
राजुबाबु,0.18445231020450592,0.08600585162639618
महिनाबारी,0.18443512916564941,0.06563492119312286
बिबाहित,0.18440014123916626,0.06997327506542206
