विभिन्न,1.3959143161773682,1.1737542152404785,1.0389999151229858
पूर्व,1.0499732494354248,0.8013742566108704,1.2317270040512085
काठमाडौँ,1.2170319557189941,1.0635520219802856,1.1600489616394043
link,1.1243646144866943,0.8292495012283325,0.8996657133102417
सिंह,1.4178258180618286,1.011784553527832,1.2019106149673462
आकर्षण,0.8097583055496216,1.2353090047836304,0.9194861650466919
जनकपुर,1.3916547298431396,1.0328515768051147,0.8863430023193359
For,1.0892093181610107,0.9095994830131531,1.115118384361267
भारतका,1.3840742111206055,1.2205554246902466,1.1519004106521606
any,0.9114627838134766,0.8718621134757996,1.0371719598770142
हेलिकप्टर,1.386066198348999,1.202329158782959,0.8560491800308228
बिभिन्न,1.6153582334518433,1.5112714767456055,1.4648234844207764
सफाइ,1.1325329542160034,0.8754249811172485,0.9166881442070007
कोरिया,1.135908842086792,0.8107823729515076,0.8060670495033264
user,1.3186396360397339,0.8862326145172119,1.114446759223938
नोभेम्बर,0.8306175470352173,1.0869264602661133,1.0607634782791138
ललितपुर,1.2422559261322021,1.4218695163726807,1.14205801486969
New,0.8778741359710693,1.0495327711105347,0.8676045536994934
आवेदन,0.9679983258247375,0.9398607015609741,0.9490141868591309
एण्ड,1.303153395652771,1.0468206405639648,1.1553711891174316
गर्नुहोस,0.8588619232177734,0.9168796539306641,1.001567006111145
एन्ड,1.269665241241455,1.2222555875778198,1.0188748836517334
नेपालीमा,1.0742436647415161,1.0730870962142944,1.078847050666809
आ.प्र,1.0963125228881836,1.1480205059051514,0.9371691942214966
गच्छदार,1.0585569143295288,0.8019457459449768,1.299724817276001
क्लिक,1.2286248207092285,1.4441319704055786,1.0335962772369385
ट्याक्सी,0.9224388599395752,1.2283822298049927,1.0644210577011108
दूत,1.0499507188796997,0.8796535730361938,0.9914538264274597
रमेश,0.8532923460006714,0.8031064867973328,1.1850165128707886
काली,1.3045424222946167,1.0769609212875366,1.2697736024856567
राय,1.065134048461914,0.9180175065994263,1.0201280117034912
यार्सागुम्बा,0.8940655589103699,0.8578460216522217,1.3947561979293823
प्रमुखमा,1.110514760017395,0.890600323677063,1.1151741743087769
भैरव,1.4850887060165405,1.4173109531402588,1.1754653453826904
ओहोदाको,0.8583866357803345,1.3336893320083618,1.109423041343689
अग्र्यानिक,1.1583986282348633,1.3201031684875488,0.8667632937431335
केन्द्रहरुको,0.9729726314544678,0.8456593751907349,0.8077347278594971
भक्तपुरलाई,1.4213588237762451,1.0208812952041626,0.904282808303833
अपडेट,0.8483460545539856,1.0778632164001465,1.0723717212677002
किशोर,0.8282831311225891,0.937637448310852,0.8315796256065369
डाउनलोड,1.0768344402313232,0.9194481372833252,1.0560030937194824
अभियानका,1.0778706073760986,0.9056935906410217,0.8551506400108337
विद्रोही,0.9914494156837463,0.9098500609397888,0.9101560711860657
नायब,1.4796620607376099,0.973288893699646,1.1949578523635864
गभर्नर,1.215505838394165,1.0011323690414429,1.2007898092269897
start,0.8496584296226501,0.8196645379066467,0.9631658792495728
द्वितीय,0.9103116393089294,1.1308084726333618,1.263883113861084
न्यू,1.4766815900802612,1.250972867012024,0.8096873760223389
click,1.540838599205017,1.149809718132019,1.4354543685913086
जाम,1.0665340423583984,1.172906756401062,0.993930995464325
पठाइएको,1.0821648836135864,1.0317788124084473,0.8742767572402954
ध्वनि,1.4122827053070068,1.22929048538208,1.3425172567367554
पुगेपछि,1.0818209648132324,0.9336356520652771,0.8663148283958435
गर्ल,1.2911629676818848,1.0661965608596802,1.0355223417282104
key,1.1664525270462036,0.8729704022407532,1.379058837890625
पृष्ठको,1.0338726043701172,0.8235797882080078,1.236465573310852
मुक्तिनाथ,1.4469455480575562,1.1835980415344238,0.9381765723228455
URL,0.8506793975830078,1.1836178302764893,1.0582447052001953
भक्ति,1.1326453685760498,1.0275198221206665,1.0654977560043335
कार्कीले,1.1592934131622314,0.9813652634620667,1.1618168354034424
विद्रोह,1.1689691543579102,0.8565141558647156,1.0674829483032227
शायद,0.8224547505378723,1.104561448097229,1.1788806915283203
अमात्य,1.3437588214874268,0.8273739814758301,1.5674744844436646
राजधानीका,0.9256583452224731,1.4148848056793213,1.514097809791565
अमेरिकाका,1.0943799018859863,1.1579670906066895,1.2975560426712036
नेशनल,0.8696415424346924,1.4774036407470703,0.9397111535072327
मिश्र,1.2339928150177002,0.935706377029419,1.1043169498443604
गर्नुहोस्फेसबूक,1.0305087566375732,1.0528978109359741,0.8890785574913025
जोडीलाई,0.9802868366241455,1.156032681465149,0.87490314245224
नेटवर्क,1.2222020626068115,1.284643530845642,1.1081652641296387
सिलसिलामा,0.9527673125267029,1.2676409482955933,1.19762122631073
हडताल,1.2075738906860352,0.9343559741973877,0.9851371049880981
जानका,0.9593432545661926,1.2163294553756714,1.0105293989181519
रक्सौल,1.4986048936843872,1.161963939666748,1.2617441415786743
गर्छौँ,0.819008469581604,0.8945131897926331,1.0856913328170776
पम्प,1.3633862733840942,1.0364923477172852,0.9904428124427795
काभ्रेपलाञ्चोक,1.052490472793579,1.212493658065796,1.2279561758041382
भागको,1.2246952056884766,0.809912383556366,0.9968903660774231
मेगा,0.890062689781189,1.3922990560531616,0.8697226643562317
फेयर,1.2604273557662964,1.4032164812088013,0.8531987071037292
लाग्नुभएका,0.8691087961196899,1.0466796159744263,1.0191237926483154
एलपी,1.451246738433838,1.4475573301315308,0.8293206691741943
पोष्ट,0.9494026899337769,0.938583493232727,0.8814764618873596
हेल्लो,1.4414007663726807,1.033158779144287,1.0093038082122803
इलामका,1.3661233186721802,1.0291993618011475,1.1968179941177368
उपराष्ट्रपतिको,1.0367313623428345,1.08486807346344,1.3061000108718872
javascript,1.4035046100616455,1.2138402462005615,1.5107165575027466
बीबीसीलाई,1.1612613201141357,1.3290112018585205,1.0096687078475952
बचे,1.126861333847046,0.9071159958839417,1.0050837993621826
पब्लिकेसन्स,1.1181883811950684,1.0796582698822021,0.8427985310554504
राजदूतमा,0.9726263880729675,0.8027437925338745,0.9108999371528625
खानेपानीका,1.2656916379928589,1.0384571552276611,1.135082483291626
कोशीटप्पु,1.2782539129257202,1.036415934562683,1.3650755882263184
रेलमार्गको,1.162210464477539,1.40691339969635,1.3798198699951172
पदमार्गको,1.0623302459716797,1.0240622758865356,1.133182406425476
आवतजावतमा,0.8404286503791809,1.0016884803771973,0.8135676383972168
आधुनिकीकरणको,0.9935725927352905,1.1485737562179565,1.1643035411834717
गूगल,1.4126769304275513,1.5722863674163818,1.2456434965133667
सहरहरुमा,1.0376858711242676,1.2134201526641846,1.1852198839187622
नीलबाराही,1.4700493812561035,1.3582836389541626,0.8768181204795837
घण्टाका,0.8116346001625061,1.5696799755096436,1.0232703685760498
कृषकहरुका,1.0536028146743774,0.9179813265800476,0.8606512546539307
विद्रोहीद्वारा,1.2157630920410156,1.2157739400863647,0.9729194641113281
General,0.9777498245239258,0.9031251668930054,1.0620152950286865
क्यालिफोर्निया,1.1986596584320068,0.8461401462554932,1.1657253503799438
दज्र्यानी,1.4125397205352783,1.0521047115325928,0.8158119916915894
बक्स,0.8444211483001709,1.225234031677246,1.3039906024932861
दूतमा,1.2242165803909302,1.0533782243728638,1.0145639181137085
काण्ड,1.2467402219772339,1.160502314567566,1.2329427003860474
भिठ्ठामोड,1.2317194938659668,0.9801167249679565,0.8653390407562256
राजदूतबाट,0.8333019018173218,1.2336158752441406,1.2002846002578735
न्यूनचापीय,1.2455391883850098,1.1427268981933594,0.8390114903450012
बीरगंजका,1.4286226034164429,0.9943519234657288,1.3227344751358032
सिम्रिकको,1.0731364488601685,1.3502709865570068,1.1846222877502441
जलमार्गको,1.3871419429779053,1.5106642246246338,1.1808351278305054
भक्तपुरवासी,1.0985479354858398,1.1147538423538208,1.0344173908233643
समझदारीकै,1.0949223041534424,1.1401128768920898,0.9901135563850403
उपत्यकाकाका,0.8454621434211731,0.8917458653450012,0.8643139600753784
भेटः,1.0965529680252075,0.9391325116157532,1.0475457906723022
सञ्चालकद्वारा,1.3097463846206665,1.3485509157180786,0.8357391953468323
विपक्षिले,1.342961072921753,1.3795146942138672,1.3691706657409668
रू.साढे,1.2542095184326172,0.8584108352661133,1.4789392948150635
स्थानबाट,1.5605149269104004,0.995600700378418,0.8223586082458496
१९७७,0.8123842477798462,1.256726861000061,1.232094407081604
पटना,0.9502462148666382,1.0375173091888428,0.8960467576980591
लेखहरूलाई,0.9439662098884583,0.8318783640861511,1.1571706533432007
अंग्रेजीमा,0.999741792678833,0.9728842973709106,0.9111776351928711
गुगल,0.8973665833473206,0.9581835269927979,1.0889041423797607
काठमाडौंबाट,1.5194268226623535,1.1999545097351074,0.9683941602706909
१९७२,0.8821883201599121,1.0463777780532837,0.9518468379974365
आधुनिकीकरण,0.8331910967826843,1.100687861442566,1.166399598121643
संगीतमा,0.985380232334137,0.8505000472068787,0.954675018787384
District,1.210384726524353,1.054818868637085,0.840944230556488
पदहरुको,0.9817876815795898,0.8711802959442139,1.5819565057754517
Link,1.0674850940704346,0.9250617027282715,1.0921087265014648
काठमाडौंका,1.2346301078796387,1.2864491939544678,1.2284812927246094
तीमध्ये,0.8199159502983093,1.1463792324066162,1.0087745189666748
copy,0.8521804809570312,0.9584962129592896,0.952402651309967
Germany,0.8954631090164185,0.8977048993110657,0.9852337837219238
कमलः,1.1674054861068726,1.0962214469909668,0.818626880645752
लिंक,1.2295525074005127,1.0686314105987549,0.8347783088684082
गया,0.8260526657104492,0.8648514747619629,1.1256972551345825
correct,1.00136399269104,0.8639812469482422,1.248744249343872
कार्कीको,0.9876133799552917,0.8902825713157654,1.3097864389419556
portal,0.8788296580314636,0.8469106554985046,0.8379416465759277
रुसी,1.1135485172271729,0.960170567035675,0.9907264113426208
अंग्रेज,1.0718638896942139,1.0103354454040527,1.2790770530700684
Google,1.3464378118515015,1.3000454902648926,0.9435447454452515
बीबीसी,1.0679770708084106,0.9324356913566589,1.1335865259170532
फ्रि,1.0755246877670288,0.8855828046798706,0.9866883754730225
user:Nirjal,0.8548330664634705,0.9080561399459839,1.0791890621185303
index.php,1.2451673746109009,0.8915336728096008,1.3981478214263916
काठमाण्डौं,0.9812783598899841,1.1655458211898804,1.436031460762024
फास्ट,1.0910764932632446,1.1220906972885132,1.3574542999267578
फुटसल,1.1396400928497314,1.200655221939087,0.8251973986625671
ग्रेट,1.241655945777893,0.9642589688301086,0.9954642057418823
रुट,1.0547276735305786,1.2735981941223145,1.0189422369003296
१९६५,1.1239737272262573,1.4171831607818604,1.28397536277771
ह्वाइट,0.9327003359794617,1.186299204826355,0.904898464679718
कम्प्यूटर,1.100692629814148,1.297685980796814,1.0095200538635254
१९६३,1.0241657495498657,1.6882375478744507,1.419944167137146
स्टेशन,0.953931450843811,1.079409122467041,0.9129945039749146
Windows,0.8418999314308167,1.245627522468567,1.2788901329040527
भट्टले,1.2965699434280396,0.8740950226783752,0.9951654076576233
jQuery,1.2772432565689087,0.9872279167175293,1.353313684463501
नगरकोट,0.9632216691970825,1.376649260520935,1.355686068534851
मिली,1.3489066362380981,1.0304547548294067,0.9373380541801453
सर्भिस,1.1636818647384644,1.0156158208847046,1.0652170181274414
White,0.8167040944099426,1.0233814716339111,0.8031692504882812
जिएनयु,1.155920386314392,1.2453309297561646,1.1837217807769775
न्यूयोर्क,0.8620991110801697,0.932559609413147,1.2086442708969116
वेबसाईट,1.286609172821045,1.0889291763305664,1.1042529344558716
कलकत्ता,1.0831414461135864,1.094160795211792,1.0794423818588257
रेशम,0.9794418811798096,1.0051836967468262,0.9768311977386475
director,1.1497111320495605,1.3675639629364014,0.9958124756813049
प्ले,1.3233468532562256,1.3532284498214722,1.0936410427093506
रवीन्द्र,1.246864676475525,0.935490608215332,1.3262615203857422
धुलिखेल,0.9827251434326172,1.1160556077957153,1.0374823808670044
स्मिथ,1.6426962614059448,0.88896644115448,1.083277702331543
रेलवे,1.1290556192398071,1.0100224018096924,0.9121602177619934
अगाथा,1.4297493696212769,1.3121031522750854,1.4536298513412476
People's,1.2523536682128906,1.0428104400634766,1.1136940717697144
क्रिस्टीद्वारा,1.2727566957473755,1.2013121843338013,0.926422655582428
हाइ,1.3712855577468872,0.8019315600395203,1.0590242147445679
oldid,1.4410614967346191,1.1940983533859253,0.99251389503479
बहाना,1.1939465999603271,0.8392818570137024,1.0697431564331055
प्रयोगात्मक,1.0435333251953125,1.3586947917938232,0.9764837622642517
संपर्क,1.353551983833313,1.3394262790679932,1.532421588897705
सर्च,1.1499269008636475,1.3723560571670532,1.2397433519363403
फोर्स,0.960427463054657,1.094056487083435,1.2833067178726196
विद्रोहको,0.8685081005096436,0.8881773948669434,0.8739733099937439
सनराइजर्स,1.122099757194519,0.8035863637924194,0.8515285849571228
केन,1.3872714042663574,1.4008662700653076,0.8223099112510681
रेडक्रस,1.297450304031372,0.8876380324363708,0.9029844999313354
जयपुर,1.2981759309768677,1.3440762758255005,1.0457942485809326
हरुमा,0.8547191619873047,1.104570746421814,0.8624021410942078
युनिट,0.8636258244514465,0.9707112908363342,0.9064500331878662
१९२३,0.8562717437744141,1.2165273427963257,1.2453198432922363
मलेशिया,1.3817514181137085,1.2888765335083008,1.195360779762268
च्याट,0.8651396632194519,0.9721323251724243,1.2575660943984985
प्राध्यापन,1.0834635496139526,1.019616961479187,0.8747668862342834
काठमाडाैं,1.167790412902832,1.0080736875534058,1.0592601299285889
जगदीश,1.377433180809021,1.0693638324737549,1.346294641494751
प्रमोद,1.328943133354187,1.340197205543518,1.346046805381775
Special,1.2693790197372437,1.2543281316757202,1.5116372108459473
एसपी,1.3154630661010742,0.8053421974182129,0.8415093421936035
डार्क,0.987062394618988,0.862976610660553,0.9797156453132629
अदालतबाट,1.2187931537628174,0.9120004773139954,1.1369025707244873
बटन,1.0635637044906616,0.9426148533821106,0.8139092922210693
वार,1.6529176235198975,1.3665143251419067,1.3020439147949219
strong,0.8472619652748108,0.8880007266998291,0.9802935123443604
उपन्यासका,1.3243666887283325,1.0422714948654175,1.325304627418518
Check,1.1481943130493164,1.0452035665512085,0.9388281106948853
१९४०,1.0561884641647339,1.4342856407165527,1.5359617471694946
Search,1.31618070602417,0.8114770650863647,0.9055889844894409
रबिन,1.0429233312606812,1.0103051662445068,0.9697785377502441
वाल्मीकि,1.5960650444030762,0.9189963340759277,1.0638048648834229
modern,0.8652724027633667,1.1449528932571411,1.0512069463729858
नगरेका,1.1964020729064941,0.8911653757095337,1.4044125080108643
कुराकानीको,0.8103480935096741,0.9306201338768005,1.06514310836792
प्रभात,1.3165158033370972,0.9162169694900513,1.0236034393310547
अमेरिकाबाट,1.563224196434021,0.8570996522903442,1.0247818231582642
Music,1.1362090110778809,1.0141133069992065,0.8525750041007996
हिन्दीमा,1.070206642150879,1.3251420259475708,1.0656015872955322
रसिया,1.1907986402511597,1.2687212228775024,1.2318931818008423
कालीमाटी,1.4000530242919922,1.4564266204833984,1.0477583408355713
Network,0.9737950563430786,1.1111105680465698,0.914700448513031
उत्तरतर्फ,0.8754340410232544,0.9322968125343323,1.1359796524047852
विकिपीडियालाई,0.939304769039154,1.368487000465393,0.8720037937164307
हेल्प,1.3469548225402832,1.1182595491409302,0.870561420917511
बिबिसी,1.3522214889526367,0.8704018592834473,0.8625027537345886
स्टोर,1.2460711002349854,0.9329102039337158,1.046303629875183
कैलेंडर,1.0395387411117554,0.9086644649505615,1.3235011100769043
सर्वनाम,0.9736763834953308,1.0633717775344849,1.0389094352722168
वर्क,1.2413904666900635,1.0496684312820435,0.8393360376358032
सुल्तान,0.9416351914405823,1.0656771659851074,1.4132280349731445
प्लेयर,0.8269391655921936,1.0797059535980225,1.1473058462142944
फायर,1.2197022438049316,1.162182331085205,1.1998062133789062
हाउ,0.9697133898735046,1.1274750232696533,1.0532816648483276
आर्कषण,0.9575373530387878,1.1976755857467651,1.140120029449463
विजयपुर,1.1456973552703857,0.9301197528839111,0.9499370455741882
भिमसेन,0.820965588092804,0.8697553277015686,0.897340714931488
लाइट,1.1901297569274902,1.0379716157913208,0.835686445236206
म्यागेजिन,1.3059605360031128,1.24088454246521,0.8186779022216797
१९०५,0.8965176343917847,1.127558946609497,1.1772310733795166
विथ,1.0144174098968506,1.0939280986785889,1.2132847309112549
मेमोरी,1.0009857416152954,0.9858713150024414,1.0123590230941772
ट्रेल,1.0598419904708862,1.141777753829956,0.9952386617660522
सुन्निएको,0.8814318180084229,0.8472719788551331,1.1322295665740967
Times,1.1225917339324951,1.1522585153579712,1.2213634252548218
Thai,0.9673458933830261,1.0221171379089355,1.2377020120620728
स्थानहरुमा,1.2343189716339111,1.0054147243499756,1.1665220260620117
क्लास,1.1739251613616943,1.1238950490951538,0.9546082615852356
Photo,0.8921435475349426,1.1874207258224487,1.2507693767547607
स्टोरी,1.1680234670639038,0.8413132429122925,1.0575551986694336
१८५७,0.8630381226539612,1.0233196020126343,1.321171760559082
Players,1.0604379177093506,1.0750138759613037,1.3947769403457642
पुने,0.8046249151229858,1.0742284059524536,1.0496305227279663
फेडोरा,1.047895908355713,1.194820523262024,0.9268416166305542
youtu.be,1.3391937017440796,1.1399458646774292,1.2872483730316162
मिश्रले,1.093726396560669,1.0010086297988892,1.2029107809066772
रामायणको,1.3003156185150146,1.2337195873260498,1.1747019290924072
थापाथली,1.0412431955337524,1.07937490940094,0.8209137916564941
मणिपुर,1.5465699434280396,1.4370113611221313,0.9155060648918152
फेस,0.8112027049064636,1.1516518592834473,1.1921676397323608
1967,0.811349093914032,1.0073022842407227,1.0967535972595215
चेष्टा,0.8027790188789368,0.8487198948860168,0.8155527710914612
गौर,1.342913269996643,1.4517197608947754,0.8092656135559082
begin,0.9883897304534912,1.0642553567886353,0.9212098717689514
१७३,0.8593591451644897,0.8788357377052307,0.8538805246353149
जोडने,1.022081971168518,1.1289377212524414,0.9549325108528137
direct,1.0744236707687378,0.8786107301712036,1.0745190382003784
माइ,0.9383132457733154,0.8367988467216492,1.008591890335083
interface,1.357255220413208,0.874001145362854,0.8411740660667419
रणजीत,1.364856481552124,1.2719509601593018,1.3904047012329102
अवधिभर,1.2973591089248657,1.0795974731445312,0.8046106696128845
१९२८,1.0154951810836792,1.3494775295257568,1.1658892631530762
मद्रास,0.8641514182090759,0.962379515171051,0.8883224725723267
स्काई,1.2127243280410767,1.2185628414154053,0.8639034032821655
दृश्यावलोकन,0.9350839257240295,1.3681021928787231,1.4448652267456055
j8GXlmSBbbk,1.084224820137024,0.9222546815872192,1.1577636003494263
Series,1.0563867092132568,0.9186619520187378,0.8446413278579712
ग्यासका,1.2321981191635132,1.10627019405365,1.1145228147506714
दिल्लीबाट,1.2571845054626465,0.958869218826294,0.8828333020210266
मतपेटिका,1.1367789506912231,1.2445099353790283,0.8346220254898071
१९१९,0.9122461080551147,1.1708118915557861,1.5670335292816162
लिंकमा,1.4942209720611572,1.0631942749023438,0.9902686476707458
समूहबाट,1.1428041458129883,1.0365012884140015,1.0198009014129639
आर्काइभ,1.3307368755340576,1.038993000984192,1.2182767391204834
फागु,1.136494755744934,1.3195801973342896,0.8978003859519958
इलेक्ट्रोनिक्स,1.222165584564209,0.8777147531509399,0.8327945470809937
उपकरणको,1.1098226308822632,1.410496473312378,1.1025457382202148
न्यूजअभियान,0.9435834884643555,1.005117416381836,0.8691486716270447
यीमध्ये,1.3123869895935059,1.5141648054122925,0.9952753186225891
१९१२,0.9302223920822144,0.8248828649520874,1.36638605594635
नोवेम्बर,0.8398489356040955,1.1056795120239258,0.9496671557426453
सुनियो,1.2307904958724976,0.9149313569068909,0.8733709454536438
विवेचन,1.1372251510620117,1.0491080284118652,1.3779008388519287
फिल्ड,1.0518097877502441,1.1690640449523926,1.026917576789856
सागीतीक,0.9985013008117676,0.8462531566619873,0.8430887460708618
संपादक,1.4027496576309204,1.002158522605896,1.4605389833450317
कमर्स,1.142942190170288,0.8421692848205566,0.9784039855003357
मेहता,1.1045764684677124,1.2122321128845215,1.0746212005615234
रात्रि,0.918146550655365,1.388408899307251,0.9288673996925354
डीआईजी,1.2268036603927612,0.8672052025794983,1.1347087621688843
टोले,0.9600005745887756,0.9705038666725159,0.9334619045257568
राइ,1.2768521308898926,0.9784331321716309,1.5453500747680664
एम्,1.0410194396972656,0.9887871146202087,0.9875098466873169
पुग्नुभयो,0.8014320135116577,1.146675705909729,1.215579867362976
रविन,1.2148230075836182,1.186808466911316,1.2087280750274658
वर्ड,1.051454782485962,1.1826441287994385,0.8405478000640869
हाललाई,1.3254090547561646,1.1034349203109741,1.2989915609359741
फ्रम,1.3090581893920898,0.8126059770584106,0.9353784918785095
Opens,1.0538833141326904,1.1770288944244385,1.1157424449920654
langue,1.0996938943862915,1.1575977802276611,1.3896149396896362
रिपब्लिक,1.0973230600357056,1.2451890707015991,1.1495870351791382
आइटी,0.9512255787849426,1.2186206579208374,1.091988444328308
असमिया,0.9832882285118103,0.9492536187171936,0.808194100856781
स्ट्रिट,1.0814107656478882,1.0253750085830688,0.8097516894340515
Player,0.864753246307373,1.1017616987228394,1.2317882776260376
हिंदी,1.0841549634933472,1.1544549465179443,0.9120578169822693
सम्वाद,0.9572574496269226,1.0355933904647827,0.9639720320701599
संभावित,1.2660791873931885,1.5487033128738403,1.4051408767700195
फौजले,1.309539794921875,1.1643081903457642,0.9035358428955078
अनुप,1.536516547203064,0.9678057432174683,1.4116616249084473
स्थलहरु,1.479116439819336,1.178322196006775,0.9685406684875488
मेरठ,1.4428247213363647,1.3114075660705566,1.3479340076446533
कोटेश्वर,1.0775684118270874,0.9803029298782349,0.8331283330917358
वकील,1.0409817695617676,0.8447666764259338,0.9131913185119629
कुमाऊँ,1.061834692955017,0.8491300344467163,0.8998003602027893
भ्याली,1.289588212966919,1.2023494243621826,1.14189875125885
क्याफे,0.8573023676872253,1.0210037231445312,1.0094531774520874
ज्वलन्त,0.9096193313598633,0.9905573129653931,1.1175458431243896
भर्चुअल,0.9887547492980957,1.2592763900756836,0.8988460302352905
रेन्डेलद्वारा,0.9201089143753052,0.9214037656784058,1.3101555109024048
अन्यजानकारी,0.9053931832313538,1.0355215072631836,0.9715054631233215
End,0.8321580290794373,1.1138137578964233,0.9374082088470459
बंगला,1.3372942209243774,1.504974603652954,1.0514875650405884
राजभण्डारी,1.245344877243042,0.8232977986335754,0.8620201349258423
वर्णनात्मक,1.3893183469772339,1.1025406122207642,1.3534400463104248
हेयरद्वारा,1.151930809020996,0.901654064655304,0.9115639328956604
मीमांसा,1.135867714881897,1.003256916999817,0.9814621210098267
tools.wmflabs.org,1.3034216165542603,0.9668763875961304,1.2454571723937988
ईपीएस,1.126055121421814,1.361229658126831,1.237165927886963
रिचर्ड,1.0390483140945435,0.9557836651802063,1.1966925859451294
इंडियन,1.1108407974243164,1.0743390321731567,0.8461704850196838
अमरीकी,0.8979687094688416,1.4273995161056519,0.8916439414024353
पहिलोपोस्ट,1.053503155708313,1.0365020036697388,1.0628243684768677
उपन्यासहर,1.5290782451629639,1.0546244382858276,0.8737090826034546
पहिलादेखि,1.1152106523513794,1.3087146282196045,1.0725501775741577
खबरका,1.0560283660888672,1.2366034984588623,1.138939380645752
केरुङ,1.292413353919983,0.8360212445259094,0.8047452569007874
अर्यालको,1.146732211112976,1.0434597730636597,1.2923179864883423
Publisher,0.9244897365570068,1.289984107017517,0.8418492078781128
सुबोध,1.423654317855835,1.187280297279358,0.9687422513961792
प्रलोभन,1.307235836982727,1.1155009269714355,1.0206776857376099
अप्राविधिक,1.3683521747589111,1.2504152059555054,1.1131396293640137
औजारबट्टा,0.8669020533561707,0.8257105350494385,0.8950933218002319
studio,0.9619243741035461,1.377785086631775,0.8127028346061707
सोसियल,1.2000006437301636,1.0354323387145996,1.1439138650894165
लगा,0.9611021280288696,1.1550042629241943,1.0977336168289185
खोज्नेनेपालीमा,1.2323389053344727,1.0062768459320068,1.3671696186065674
तपाईसँग,1.390912413597107,0.8442267775535583,0.8799055218696594
बोस्निया,1.1583305597305298,0.9903734922409058,1.2073785066604614
photos,1.2786509990692139,1.2140700817108154,0.8795391917228699
गितमा,1.0581433773040771,1.0970990657806396,1.1396645307540894
च्यालेन्ज,1.3652981519699097,0.8359422087669373,0.8740577697753906
गर्नुहोस्रित्ता,1.0242866277694702,0.8874075412750244,1.4278769493103027
विद,1.2920302152633667,0.8948742747306824,0.8961569666862488
वाजपेयी,1.0331921577453613,1.1704996824264526,1.1104470491409302
चन्द्रशेखर,1.2642780542373657,0.8936755657196045,1.0472755432128906
रिमोट,0.821818470954895,1.0396145582199097,0.9296098351478577
डंगोल,1.0429319143295288,1.1481997966766357,0.9920135140419006
pronounced,0.9711586236953735,1.0360887050628662,1.1205642223358154
यूएइमा,1.2867646217346191,0.8888592720031738,0.8599821329116821
परासी,1.7471150159835815,0.8627948760986328,1.2037811279296875
रावत,1.2905657291412354,0.9943309426307678,1.011307716369629
रचनाका,0.8815786838531494,1.2329890727996826,1.0864605903625488
सुपरजायन्ट्स,0.915126621723175,1.2571760416030884,0.9332866072654724
अन्तवार्ता,0.8040838241577148,0.8509291410446167,0.9543015956878662
स्पिन,0.8605128526687622,1.0684573650360107,0.944014310836792
राधेश्याम,1.0406877994537354,0.922730028629303,1.5336074829101562
सुगर,1.5020028352737427,1.0025025606155396,1.2327176332473755
अमेरिकाली,0.9007665514945984,1.1780742406845093,1.2539772987365723
टार्जन,1.070185899734497,0.8836711049079895,1.2510935068130493
लिखी,1.2160100936889648,1.5067647695541382,1.2874659299850464
Police,1.243304967880249,0.9891695380210876,0.9500414133071899
राजुराज,1.1160920858383179,1.0155352354049683,1.041238784790039
Director,1.1952427625656128,1.3758528232574463,1.241187334060669
क्लिन्टन,1.237586259841919,1.0883872509002686,0.8494368195533752
गुवाहाटी,0.9942602515220642,1.2235928773880005,1.1886146068572998
क्लिन,1.312544584274292,1.3652821779251099,1.0872173309326172
सहलेखन,1.0143506526947021,1.0159770250320435,1.0148131847381592
भास्कर,1.47038733959198,1.2285088300704956,0.82036954164505
७८४,1.4081898927688599,0.901056706905365,0.9748467206954956
स्कट,0.858814001083374,1.2418574094772339,0.8098382949829102
इयान,1.2629671096801758,1.001184344291687,0.9018847942352295
सेफ,1.2520043849945068,0.9215147495269775,0.9703795313835144
हार्डवेयर,0.9330500364303589,0.94242262840271,0.8055127263069153
समात्ने,1.0165637731552124,1.048210859298706,1.0071380138397217
२००३मा,1.4000792503356934,1.4859782457351685,1.3244102001190186
Hungarian,0.8059927225112915,0.9821417331695557,1.1899054050445557
Address,1.4580639600753784,1.2464852333068848,0.8594265580177307
piped,1.120376706123352,1.3016389608383179,1.0341732501983643
लिङ्कमा,1.4476263523101807,1.2433297634124756,0.8259012699127197
यजुर्वेदीय,1.254478096961975,0.9658127427101135,0.8176050186157227
रुटमा,1.0901751518249512,1.428339958190918,1.2837458848953247
लेखहरुलाई,1.381370186805725,1.0181714296340942,1.1918408870697021
army,1.0054080486297607,0.867064893245697,0.9198240637779236
विपिन,0.9434204697608948,0.8576561808586121,0.8809958696365356
मेघराज,1.538172960281372,1.0515915155410767,1.3582911491394043
Yahoo,1.150148868560791,1.134476661682129,1.046258568763733
डिल्लीबजार,0.9796506762504578,1.0414962768554688,0.8330932855606079
अनूदित,0.9160840511322021,0.8912426829338074,1.0246260166168213
राज्यलक्ष्मी,1.1530611515045166,0.8253369331359863,0.8902939558029175
देसाई,1.0737440586090088,1.1937274932861328,1.05515718460083
Persian,0.8206924200057983,1.0312150716781616,1.3293544054031372
१८९३,1.0097787380218506,1.080572247505188,1.0469847917556763
रञ्जना,1.303468942642212,1.1921616792678833,0.9347968697547913
584,1.2328804731369019,1.0414955615997314,1.2768107652664185
अप्रकाशित,1.0053969621658325,0.8176758289337158,0.8882843852043152
लिखा,1.007564663887024,1.3982505798339844,1.0641010999679565
एबी,0.9103864431381226,0.955802857875824,0.9051762819290161
लैनसिंह,1.0239843130111694,1.0780694484710693,1.2085093259811401
कालीप्रसाद,1.3829314708709717,1.0223721265792847,1.0663961172103882
cinematography,1.3811311721801758,1.011917233467102,1.1114332675933838
अदर,0.9969508051872253,1.058384895324707,0.9371028542518616
खिलाफ,0.9476375579833984,1.0345770120620728,1.0581040382385254
वैंग्लौर,1.1975138187408447,0.8303322792053223,1.0204315185546875
ग्रान्ड,0.8416890501976013,1.1486613750457764,0.9186301231384277
लोकतान्त्रिकका,1.092718243598938,0.8164278268814087,1.3086259365081787
गृहपृष्ठकथा,1.0273168087005615,0.8737223148345947,0.8605865240097046
काठमान्डौ,1.3137236833572388,1.0966084003448486,1.3729653358459473
काठमाण्डौँ,1.1923348903656006,0.9256132245063782,0.9863869547843933
2016सात,1.02147376537323,0.9850056767463684,1.1171166896820068
रोमानिया,0.915993332862854,0.841107189655304,1.0426809787750244
रूपक,1.3204982280731201,1.2824714183807373,1.3554011583328247
पृतना,0.8593925833702087,0.897653341293335,1.0699071884155273
विकिडेटा,1.1341969966888428,0.9311157464981079,1.147505521774292
क्लासिक,0.8471238017082214,1.2121400833129883,0.8519882559776306
अयान,1.446267008781433,1.1988216638565063,0.9748026132583618
ट्र,1.2050144672393799,1.349365472793579,1.0308223962783813
Message,1.1343607902526855,0.8580363392829895,1.1502068042755127
अपिलकोरियाको,1.35690438747406,1.4854623079299927,0.916095495223999
आइएमई,1.04985511302948,1.166067123413086,0.892254114151001
अर्थोडक्स,1.0123637914657593,0.8977606296539307,0.9100882411003113
JavaScript,1.285386085510254,0.8286228179931641,1.1843788623809814
सिन्धुलीगढी,0.8692396879196167,1.2911320924758911,1.2187530994415283
paragraph,1.0574886798858643,1.1835315227508545,0.9765114784240723
क्ल्यान्सीद्वारा,1.3355894088745117,0.9057235717773438,1.103187918663025
Notable,0.9428930282592773,1.0499684810638428,0.8214566707611084
Chaurasia,1.5303117036819458,1.1854605674743652,1.0366020202636719
ग्राफिक्स,0.87156742811203,1.145885705947876,1.1669564247131348
बारह,1.1411786079406738,1.2155799865722656,0.8658518195152283
इण्डियन्स,1.312452793121338,1.0963821411132812,1.0958240032196045
फ्रांसीसी,1.1575641632080078,1.5631072521209717,1.5786974430084229
मेचीदेखि,0.980769157409668,0.9612460732460022,1.2141668796539307
हिस्ट्री,1.4030225276947021,1.072796106338501,1.1613891124725342
शहरहरुमा,0.9397997856140137,0.9455568194389343,1.2472556829452515
वीणा,1.0280275344848633,1.1656490564346313,1.280476689338684
भुषाल,1.3228785991668701,1.1911232471466064,0.9155312180519104
कुकद्वारा,1.4369337558746338,1.091678261756897,1.018153429031372
डिज्नी,0.8615239262580872,1.1086585521697998,1.0831822156906128
पढेँ,0.826974630355835,0.9077610373497009,0.8880994319915771
डीसी,0.8725008964538574,1.0255428552627563,0.9253519773483276
द्वितिय,1.5439451932907104,1.0231022834777832,0.8480622172355652
स्टोरिज,1.4927468299865723,1.0836293697357178,0.9682228565216064
किट्स,1.1492642164230347,1.0945217609405518,1.2377594709396362
आत्मपरक,0.9135297536849976,0.9434328675270081,0.8197515606880188
बुक्स,1.367508053779602,0.8303982615470886,1.2567428350448608
छायाङ्कन,0.989179790019989,1.1997312307357788,1.195768117904663
space:nowrap,1.0318586826324463,0.8671003580093384,0.8851003050804138
विद्रोहका,1.0018181800842285,1.0209085941314697,0.925637423992157
सिटि,0.954432487487793,0.973814845085144,0.9104507565498352
प्रभाकर,1.0202133655548096,0.8312624096870422,0.8439959287643433
फ्रन्ट,0.9384947419166565,0.9064308404922485,0.9196402430534363
यीबाट,1.0471725463867188,1.0650840997695923,0.8697025179862976
आर्किटेक्चर,1.2153416872024536,1.5448570251464844,1.3071165084838867
क्राइम,1.4372574090957642,1.2005397081375122,0.8766485452651978
पारिजातद्वारा,0.826325535774231,1.1333606243133545,0.8827108144760132
aware,1.1325002908706665,1.1015793085098267,0.8123582601547241
developer,1.1411211490631104,1.3898475170135498,1.1226861476898193
काँकडभिट्टा,1.2139784097671509,1.213738203048706,0.8742033839225769
डिक,0.8359202146530151,0.8119969964027405,0.8211036920547485
कम्प्यूटरमा,0.8328400254249573,0.9481856226921082,0.9202225804328918
Select,1.3851070404052734,1.12594473361969,0.9657765626907349
फोर्ट,1.4468425512313843,1.218725562095642,1.0563571453094482
सर्विस,1.3031970262527466,1.0657217502593994,1.3657960891723633
पटियाला,1.2587817907333374,1.3780109882354736,0.9467648863792419
आहृवान,0.8353558778762817,0.8647158741950989,0.9257007241249084
कमर्सियल,1.0519434213638306,0.9358987808227539,1.1266323328018188
चाबहिल,0.8892474174499512,1.0383522510528564,1.300742268562317
कमिक,0.8319495320320129,1.057560682296753,1.1756960153579712
हिपहप,1.0534672737121582,1.0992522239685059,0.8677498698234558
दृष्यावलोकन,1.470063328742981,1.4565746784210205,1.4661157131195068
सविन,1.2217875719070435,0.870710551738739,0.8030351996421814
दिल्लीस्थित,0.9386443495750427,0.8810656666755676,0.8125807046890259
कोलकत्ता,1.1505190134048462,1.3055232763290405,0.8604677319526672
ड्रिम,0.9364240765571594,0.8515175580978394,0.9307764172554016
अनिलकुमार,1.2131695747375488,1.1706109046936035,1.2246450185775757
डीएसपी,1.3267408609390259,0.9179079532623291,0.8076002597808838
स्थलहर,1.5517479181289673,1.0665085315704346,1.2554652690887451
स्विच,1.0120775699615479,0.9244229793548584,0.9435672163963318
मेलाका,1.080742597579956,1.0332269668579102,0.856996476650238
वर्षम्म,1.0406514406204224,1.0028029680252075,0.9159876108169556
उपमेयरका,0.9861982464790344,0.9913647174835205,0.9147388339042664
अध्येता,0.9235296249389648,1.0214241743087769,1.3797305822372437
कि.मी.को,0.8171194195747375,1.066089391708374,0.8161226511001587
देहरादुन,1.2011609077453613,1.0753880739212036,1.0721800327301025
लेफ्टिनेन्ट,1.0766185522079468,0.8322586417198181,1.1387877464294434
टुरिजम,0.8244284987449646,0.9068797826766968,0.8487736582756042
लिपिका,1.0326863527297974,0.9866244792938232,1.0960599184036255
क्लियर,1.0959585905075073,0.8905048966407776,1.267317533493042
रामबाबु,1.0993012189865112,0.9613272547721863,0.9465156197547913
Travel,1.00429368019104,0.9384496808052063,1.2034196853637695
नयनराज,1.4901169538497925,1.0840184688568115,1.3975701332092285
Finnish,0.8480632305145264,0.841977059841156,0.8102450966835022
बडि,0.9666751623153687,1.1270314455032349,1.1270325183868408
स्थलहरुको,1.3082908391952515,1.1479934453964233,1.1844226121902466
पिपुल्स,1.351170539855957,1.2017585039138794,0.8524828553199768
काठमाण्डू,0.9727312326431274,0.9349689483642578,1.352360725402832
टर्मिनल,1.2406573295593262,1.058303713798523,0.9038177132606506
ओपनर,0.9529893398284912,0.9774117469787598,1.0243518352508545
टर्कीका,1.2694578170776367,0.8817306160926819,0.8833944797515869
फेस्टिभल,1.033544898033142,0.9304474592208862,1.1173465251922607
lookup,1.656172275543213,0.9764020442962646,1.0068527460098267
थेन,0.853317141532898,0.8712884783744812,0.8831697702407837
काठमाण्डौबाट,1.078629493713379,0.904319167137146,1.039232611656189
हाइवे,1.2324928045272827,0.8219945430755615,1.237359881401062
म्यूजियम,1.1359143257141113,0.8260095715522766,0.8543341755867004
MoFALD,1.3096319437026978,1.0741122961044312,0.8538286089897156
द्वितीयले,1.3363568782806396,1.2732032537460327,0.9816508293151855
बम्बई,0.8929685354232788,1.0891697406768799,1.0158571004867554
चम्पा,1.1841527223587036,1.3663444519042969,0.8998338580131531
रेजिना,1.1814556121826172,0.8736880421638489,1.2241541147232056
रंजित,0.9123801589012146,0.9531918168067932,1.3392138481140137
चौदण्डी,1.1567686796188354,0.9394503235816956,1.149644374847412
लखनउ,1.2671475410461426,0.9397475719451904,0.8436683416366577
मैतीदेवी,1.6004797220230103,1.0539113283157349,1.006850004196167
सोसाइटीका,1.2801457643508911,1.101679801940918,0.9589905142784119
एड्रियन,1.4775530099868774,1.2901904582977295,1.3403337001800537
एरिजोना,1.3309403657913208,0.9540572762489319,1.2365347146987915
मिक्स,0.9245749115943909,1.1669975519180298,1.1036350727081299
१८७८,1.6775879859924316,1.0975526571273804,0.9100432991981506
स्वयंवर,1.0719245672225952,1.3002760410308838,0.956019937992096
phonetic,0.84675133228302,1.1930053234100342,1.007792353630066
ढकाललाई,1.412513017654419,1.1887431144714355,1.3686833381652832
मनमाउथशायर,1.0956406593322754,0.8940627574920654,1.1888965368270874
बीबीसीको,1.0067917108535767,0.9393210411071777,1.1749584674835205
ट्याकको,1.2628008127212524,1.2760120630264282,1.4158940315246582
स्पीड,1.1435779333114624,0.9919029474258423,0.9922074675559998
सौजन्य,1.0076122283935547,1.173096776008606,0.9870959520339966
आईपी,1.1594161987304688,1.3939985036849976,0.9528859257698059
send,1.310787558555603,1.1860049962997437,1.1051180362701416
Metropolitan,1.026068091392517,1.0263011455535889,0.8078610897064209
पिपुल,1.1779193878173828,1.0392056703567505,1.1110599040985107
Process,1.3230475187301636,0.955585777759552,0.8510094881057739
प्रेमध्वज,1.3921645879745483,1.006787657737732,1.4667047262191772
१८७७,1.2688101530075073,0.8690723776817322,0.9783433675765991
न्यूयोर्कको,0.9282169342041016,0.8140861392021179,1.0942025184631348
जीबी,0.9557003974914551,0.9623968005180359,0.963554859161377
क्लिन्टनले,0.9336622953414917,1.0343081951141357,0.8826525211334229
बनाईएका,1.0161800384521484,1.1200228929519653,0.9984709024429321
मनीष,1.291639804840088,0.8135871291160583,0.838596761226654
बीबीसीका,1.1329364776611328,1.0283864736557007,1.0018380880355835
dialect,0.8830979466438293,0.9225639700889587,1.1832153797149658
चितवनिक्स,0.9946985244750977,1.294541358947754,1.0784450769424438
समूहसँग,0.9000109434127808,0.891334593296051,1.1574201583862305
गूगलले,1.1542245149612427,1.481156826019287,1.1794193983078003
प्रविण,1.4395992755889893,1.0139399766921997,0.8361911177635193
नारायणघाट,1.352338194847107,1.1195812225341797,0.8125661611557007
लिसा,1.2052597999572754,1.2460027933120728,1.248347520828247
हेरिटेज,1.1256630420684814,1.0834362506866455,0.8486781120300293
ड्राइव,0.9392372369766235,1.2648159265518188,1.1032092571258545
भिलेज,0.9484944343566895,1.2262005805969238,0.8419581651687622
हेमचन्द्र,1.4361544847488403,1.2729891538619995,1.1843050718307495
प्रपञ्च,1.0390595197677612,0.8076282143592834,0.8381736874580383
नकर्मी,1.2144722938537598,0.8726010322570801,0.9579171538352966
स्पोर्टस्,1.1221333742141724,1.1814303398132324,0.8154736757278442
Alpha,1.1148285865783691,1.1223753690719604,1.1879611015319824
प्रकरणलाई,0.8434755206108093,0.8347480893135071,1.3196289539337158
खम्पा,0.9096289277076721,0.9264070391654968,1.0252646207809448
जीपीएस,1.270896553993225,1.5224347114562988,1.3660047054290771
ड्यानियल,0.9591601490974426,1.1953760385513306,1.2676664590835571
चन्द्रप्रसाद,1.331102967262268,0.8173450231552124,1.0527925491333008
Forward,1.4993425607681274,1.3664069175720215,1.2467998266220093
नवल,0.9936646223068237,0.8207452893257141,0.9312215447425842
जोएल,0.9081683158874512,0.9532156586647034,1.5264290571212769
संजीव,1.0632878541946411,1.0164909362792969,1.103331208229065
पठान,0.8861751556396484,1.0541940927505493,0.9801227450370789
singular,0.9234323501586914,1.0684913396835327,0.9051902890205383
सारिका,1.118402361869812,0.8852277398109436,0.9799134135246277
Jungle,0.9512077569961548,1.0784950256347656,1.0751196146011353
किसी,1.2668770551681519,1.3620713949203491,1.3847070932388306
पल्पसा,0.9015201330184937,0.9297395944595337,1.0028843879699707
Fedora,0.9783897995948792,1.5212419033050537,1.2866172790527344
मंगेशकर,1.3001558780670166,0.9143885374069214,0.8888500928878784
युनिक,1.0610229969024658,0.8201307058334351,0.8088381290435791
थिच्नुहोस्,0.9433126449584961,1.053091287612915,1.0022143125534058
नेचर,1.259163737297058,0.8925595879554749,1.0619293451309204
लिटरेचर,1.410529613494873,1.499918818473816,1.3525668382644653
गान्धार,0.8196582794189453,0.998729944229126,0.9429221153259277
पन्ध्रौ,1.10816490650177,0.9524312019348145,1.301040768623352
वाइफाइ,1.0705764293670654,0.8565461039543152,1.1980299949645996
internet,1.103239893913269,1.1291191577911377,0.8558996915817261
अनामनगर,0.9820796251296997,1.2903128862380981,0.9814695715904236
बाईक,0.8199707865715027,1.0486578941345215,0.8419294357299805
जनजागरण,1.0387110710144043,1.078816294670105,1.1145448684692383
साँगा,0.934015691280365,0.8586783409118652,1.02274489402771
दल्ने,0.9467206597328186,1.052546501159668,1.0159329175949097
सिविल,1.0219987630844116,0.8155967593193054,0.9148380756378174
बासु,1.2385268211364746,0.8641194105148315,0.8660738468170166
बिजयपुर,0.9526240229606628,0.82411128282547,0.9534333348274231
तलदेखि,1.178891658782959,0.9003802537918091,0.9791508316993713
रसेल,0.9081909656524658,0.9298272728919983,1.0936098098754883
लगनखेल,1.4950443506240845,1.5371930599212646,1.113187313079834
टेम्पल,0.9323288798332214,1.225733757019043,0.8370725512504578
डेमोक्रेसी,0.9691274762153625,0.8037694692611694,1.4333337545394897
सभागृह,0.829078197479248,1.0113277435302734,0.8383909463882446
पंकज,0.9294407963752747,0.9659597277641296,1.0200185775756836
mouse,1.275489330291748,1.0939208269119263,1.2204564809799194
काठमान्डु,1.395369529724121,1.1746344566345215,1.5049536228179932
ने.नि.क,1.4562146663665771,0.8433560729026794,1.5753512382507324
जोडिनुहोस्,1.2980082035064697,1.2563896179199219,1.254704475402832
ख्वप,0.9455092549324036,1.2630614042282104,0.8234450817108154
Play,1.1086950302124023,1.4570081233978271,1.1495774984359741
हलन्त,1.0235021114349365,0.8518608808517456,1.1034834384918213
कांगडा,0.9775195121765137,0.8690226078033447,1.0712270736694336
आर्किटेक्ट,1.263992428779602,1.4086482524871826,1.4973036050796509
Biratnagar,0.8485763669013977,0.931169867515564,0.9119940996170044
काठमाडौंसम्म,1.230921983718872,1.175068736076355,0.9790491461753845
राजकिशोर,1.402241826057434,0.9820754528045654,1.0269137620925903
अङ्ग्रेजहरूको,0.8398616313934326,0.962730884552002,1.1102674007415771
स्पिनर,0.8309242725372314,0.9740843772888184,0.8087817430496216
जनकपुरका,1.378440260887146,1.0366522073745728,0.8283501863479614
वेमा,0.8516948819160461,1.1246477365493774,1.033887267112732
सुबिसु,1.15966796875,1.0569257736206055,0.8361333012580872
डाउन्लोड,1.0709301233291626,1.0717324018478394,0.8952464461326599
Titans,1.149078130722046,1.4177865982055664,1.1030339002609253
मेरिल्याण्ड,1.4270085096359253,1.011330246925354,0.8090604543685913
बाहिनी,1.3440759181976318,1.1877541542053223,1.2384802103042603
नलिना,0.9050663709640503,1.2346664667129517,0.9893231391906738
डिस,0.8477630019187927,0.9826726317405701,0.8414217233657837
नगरकोटमा,1.191136121749878,1.0269254446029663,1.1026302576065063
सुग्रीव,1.112376093864441,1.3329617977142334,0.8064717054367065
ग्रास,1.2112418413162231,1.000593900680542,1.0865612030029297
परेडको,0.8484659194946289,0.8088846802711487,0.8701805472373962
सेल्स,1.2644834518432617,1.4179784059524536,0.9545256495475769
फाइनान्सियल,1.094051480293274,0.8065481781959534,0.8186354637145996
१८९१,0.9562894701957703,0.876030683517456,1.035292625427246
ब्रेस्टेड,0.918968141078949,1.0463745594024658,0.8650028109550476
उपन्यासहरूमा,1.1207042932510376,0.9894410967826843,0.8377251625061035
Special:Search,1.4496990442276,1.3549139499664307,1.2943761348724365
डँगोलले,0.9650501012802124,0.9377460479736328,0.8841013312339783
विजयहरि,1.2410175800323486,0.893465518951416,1.1467629671096802
चिनियाँनवनियुक्त,1.0783092975616455,0.9464648365974426,1.3794087171554565
ने.नि.क.यु.सं.झापा,1.2962884902954102,1.0594135522842407,1.2303768396377563
Kalika,0.9234672784805298,1.0763598680496216,1.049444556236267
अर्ली,1.042655110359192,0.8675538897514343,1.0111569166183472
१०२४,0.9057593941688538,0.9349146485328674,0.8186989426612854
१७९०,1.6103739738464355,1.0699703693389893,1.13043212890625
वाल्ट,1.04575514793396,1.2340166568756104,1.0949254035949707
भेगबाट,1.4818593263626099,1.398290991783142,0.9399673938751221
दन्तकाली,1.3018053770065308,1.027948260307312,1.2388155460357666
मार्कस,1.2857335805892944,1.4037566184997559,1.1496682167053223
आफ्टर,1.156603455543518,1.2190263271331787,0.9504346251487732
उपन्यासकारले,1.1658506393432617,0.924120306968689,1.0486751794815063
केभी,1.0335721969604492,0.9223443269729614,0.9252786040306091
हेनुहोस,1.1881921291351318,0.9365822076797485,0.9573872089385986
जेठदेखि,0.8314165472984314,0.9364688992500305,1.0212754011154175
ब्युटिसियन,0.8173778057098389,0.8857043385505676,0.9980857372283936
कोलकत्तालाई,1.185675024986267,1.273486614227295,0.8247712850570679
dress,1.2314831018447876,1.481153130531311,0.8297697901725769
समसुद्दिन,1.217790961265564,0.9687047600746155,1.2606145143508911
शायर,0.9695332050323486,1.226381778717041,1.3102718591690063
कारगिल,1.200134038925171,1.0948213338851929,1.085237979888916
सिवान,1.026973843574524,0.9442999958992004,1.0581376552581787
कुनियत,0.9248140454292297,1.0861164331436157,1.0606781244277954
Chrome,1.1814794540405273,1.074967622756958,0.8937864899635315
मन्दिरहरुमा,1.0941017866134644,0.9889475703239441,0.9971351623535156
साइडमा,1.053021788597107,1.0407752990722656,1.3368257284164429
युटुब,0.9731203317642212,1.009904146194458,0.944754958152771
टिकट’को,1.168735146522522,0.9071152210235596,1.4873608350753784
डेमोक्र्याटिक,1.0395060777664185,1.2257342338562012,1.2338204383850098
युक्रेनी,0.8589522838592529,1.1492340564727783,0.8533626198768616
डेज,0.9665254950523376,1.0316044092178345,0.9702488780021667
इभान,0.8760438561439514,0.9043900966644287,1.0132195949554443
शंखमुल,1.0127366781234741,1.5103678703308105,1.0625550746917725
जोगिनुहोस्,1.0277491807937622,0.9399840235710144,0.805702269077301
टण्डन,1.4689440727233887,1.0973255634307861,0.830397367477417
वेबकैम,0.9442802667617798,1.1320637464523315,0.8250598907470703
दिक्पाल,1.3988231420516968,1.0330324172973633,0.893281877040863
हिन्दीका,0.9563339352607727,0.8594526052474976,1.3880435228347778
नेक्स्ट,0.9391987323760986,1.2164967060089111,1.0243703126907349
संस्करणका,0.887540876865387,1.033968448638916,1.0513266324996948
आर्क,1.2760869264602661,1.1870472431182861,1.2764500379562378
सोनू,0.8490589261054993,1.0157238245010376,1.054296612739563
PokhrelIt’s,0.9696979522705078,0.9616190195083618,1.1991004943847656
छ्यु,1.2745047807693481,1.006036400794983,1.0048320293426514
राजदल,1.188955545425415,0.8958131670951843,0.9440720677375793
टार्गेट,1.0997450351715088,1.123691439628601,0.8481997847557068
भाटिया,0.9397120475769043,0.8462976813316345,0.8525634407997131
ट्राभल्स,0.9817994236946106,0.9484283924102783,0.928146481513977
ओरिएन्टल,1.4968669414520264,1.2391912937164307,1.065964698791504
देहरादूनमा,1.2749871015548706,0.8118841052055359,1.0731457471847534
१९७६मा,1.212630033493042,1.5071810483932495,1.4352539777755737
कलकत्ताबाट,0.8128067255020142,1.2476252317428589,1.041479229927063
मून,0.9491002559661865,0.973561704158783,1.631426453590393
नैकाप,1.349483847618103,1.1079394817352295,1.0882693529129028
याओ,0.9000680446624756,1.0798320770263672,0.9801586270332336
लोकमार्गको,1.0046062469482422,1.250766634941101,1.1699590682983398
स्थिरखाना,1.0665733814239502,0.9300158023834229,0.8608952164649963
पुरुषः,1.1756157875061035,1.1668100357055664,0.8036808371543884
खुल्दा,1.0017188787460327,0.8557407855987549,0.8520097136497498
सुमित,1.4034698009490967,1.291073203086853,1.2426432371139526
सिन्धुलीका,1.2695492506027222,1.2482086420059204,0.8388910293579102
Futsal,0.9320309162139893,1.4901854991912842,1.0361051559448242
Direct,1.1408255100250244,1.0787529945373535,1.072292685508728
ट्रेन्ट,1.463536262512207,0.9667704105377197,0.8065298795700073
सिजो,0.9260862469673157,0.9851711988449097,1.3409775495529175
वर्कसप,1.1674039363861084,1.5781768560409546,1.1684657335281372
इन्ट्री,0.973852813243866,1.0067065954208374,0.9667221307754517
Collapsible,1.16791832447052,0.965320348739624,0.8337720036506653
युनिटी,1.3560539484024048,1.3666523694992065,1.0712817907333374
आर.के.नारायणद्वारा,1.4428061246871948,1.1837663650512695,1.325534462928772
संबाद,0.8504486083984375,1.1819701194763184,1.058512568473816
फ्रांस,1.0394048690795898,1.3448477983474731,1.4561518430709839
खुफिया,0.9970102310180664,0.8653969168663025,0.8893118500709534
पिसी,0.9561094045639038,1.1763906478881836,0.8482717275619507
स्लो,1.1127831935882568,1.0970723628997803,1.10364830493927
ड्रप,0.9889891147613525,1.1940321922302246,0.9507230520248413
संगठीत,0.8566983938217163,0.8522619009017944,1.0256168842315674
लिंकका,1.2282218933105469,0.9233786463737488,0.9548690319061279
मुम्वईद्धारा,1.5048021078109741,1.1077864170074463,0.9776024222373962
जगजीत,1.069177269935608,1.3006641864776611,1.0947670936584473
हमासका,1.4723429679870605,1.1185362339019775,0.9650576114654541
काउन्सिलमा,0.9339717030525208,0.9150609374046326,0.9789089560508728
कन्भेक्स,1.0370441675186157,1.131006121635437,1.0681315660476685
वीरगाथा,1.2153195142745972,0.8277053236961365,1.248378872871399
स्काइ,0.9451277256011963,1.1370909214019775,0.8587354421615601
इलाभेन,1.3554959297180176,1.2513506412506104,0.9159963726997375
द्याट,1.093738317489624,0.9484018087387085,1.168745517730713
राईजर्सद्धारा,1.2865148782730103,0.8595330715179443,0.8008605241775513
छान्नुहोस्,0.9003495573997498,1.0251370668411255,1.457290530204773
वैंग्लौरको,1.318744421005249,1.0757322311401367,1.26314377784729
डीपीआर,1.0332688093185425,1.3513948917388916,1.0940498113632202
तुर्कमेनिस्तान,1.295292615890503,1.1976622343063354,0.8187327980995178
स्विफ्ट,0.8103827834129333,1.1640615463256836,0.8804438710212708
म्याप,1.1503021717071533,0.901587188243866,0.9615287780761719
connection,1.0809262990951538,1.2231340408325195,1.0561772584915161
कोशको,1.2978756427764893,1.1785922050476074,0.815943717956543
Tourist,0.8918178081512451,1.29359769821167,0.9584065079689026
LinkedIn,0.9627689719200134,0.9889543056488037,0.8866651654243469
टेल्ड,1.1678367853164673,1.1380856037139893,0.9953702688217163
वेबसाइटहरुको,0.805496096611023,0.8086721301078796,0.8021491169929504
नैना,1.2520802021026611,1.3443242311477661,0.8343237638473511
काण्डका,0.8136850595474243,0.9351961016654968,1.0807875394821167
जौनपुर,1.2425965070724487,1.2103488445281982,1.131048560142517
सन्जीव,0.962685763835907,1.0968605279922485,1.2616524696350098
मन्द्र,1.3024791479110718,0.9449120759963989,1.3114513158798218
राईट,1.2152694463729858,1.2489466667175293,1.0105539560317993
कर्नल,1.5059974193572998,1.3340927362442017,0.9143292307853699
बख्तावर,1.457062840461731,1.4127719402313232,1.340460181236267
आर्काइव,1.5795091390609741,1.5136598348617554,1.309781789779663
राजेन्द्रप्रसाद,1.2787361145019531,0.8020055890083313,1.0924654006958008
रामेश,1.5157535076141357,1.1808664798736572,1.5008301734924316
Bronze,1.1009429693222046,1.2690402269363403,0.9622659087181091
Panasonic,1.0249536037445068,1.152065634727478,0.8818188309669495
ठेगानाः,0.9115928411483765,0.8902495503425598,0.851320207118988
सूधपा,1.1475849151611328,1.2048379182815552,1.2235231399536133
चर्चा'एनआइसी,0.8831532597541809,0.8431811332702637,1.112160325050354
अफेयर,1.0672669410705566,1.111491084098816,0.9063054919242859
sambac,1.1269923448562622,1.0142465829849243,0.9835847020149231
www.google.com,1.2596732378005981,1.1502156257629395,0.994814932346344
काभ्रेपलाञ्चोकको,0.9244512915611267,1.2398769855499268,1.1679449081420898
glottorefname,0.9457234740257263,1.1934939622879028,0.9905270338058472
असोजदेखि,0.8624314665794373,0.8179463744163513,0.8037062883377075
होहल्लाबीच,1.0305100679397583,0.9575994610786438,0.8477457165718079
स्ट्रिप,1.0427539348602295,1.3461217880249023,0.9009149670600891
एडवर्ड्स,1.2518470287322998,1.4434547424316406,1.1399165391921997
Rikoooo,1.112841010093689,1.3347601890563965,1.1717159748077393
हरिप्रभा,1.1464933156967163,0.9096856117248535,0.9372467398643494
प्राध्यापनमा,1.2697802782058716,1.0490448474884033,0.9055966734886169
समूहबीच,0.925503671169281,1.3003079891204834,1.0296136140823364
पब्लिकेशन,1.519055724143982,1.260725736618042,1.152255892753601
वाकर,1.4220081567764282,0.8841594457626343,1.078451156616211
ब्रतकथा,1.4698398113250732,1.2307831048965454,0.9634662866592407
१७९८,1.0716097354888916,0.9686793088912964,1.205938458442688
पपगायक,1.153777003288269,0.9177671670913696,1.0411878824234009
उग्रचण्डी,1.138741374015808,1.3450781106948853,1.0500633716583252
जिनका,1.334267497062683,1.130954623222351,1.0691499710083008
फ्लो,1.0546261072158813,1.0404895544052124,1.1157296895980835
टप्पा,1.2076036930084229,0.8974772691726685,0.9162299036979675
अंशः,0.822134256362915,0.9247816205024719,1.0363250970840454
वेयर,0.8444876670837402,1.3599958419799805,1.138464093208313
युरासियन,0.9279005527496338,1.2007490396499634,0.8215081691741943
उल्लू,0.8460500240325928,1.1715210676193237,1.184638261795044
नेटवर्किङ,0.8852971792221069,1.0433378219604492,0.9206394553184509
चौकीडाँडा,1.2170499563217163,0.8404430747032166,0.8337729573249817
फरेन,1.1462041139602661,1.0350213050842285,1.0362125635147095
Pokhrel,0.9951074123382568,0.8192506432533264,1.2849398851394653
मानसिंह,1.4250738620758057,0.8061135411262512,1.191422700881958
सहाना,1.0975373983383179,0.8874402642250061,0.8849998712539673
स्काइप,0.9615817666053772,1.2388994693756104,1.0763463973999023
कुमारीघर,0.9545886516571045,0.8272321820259094,0.8754166960716248
१८४१,1.0888463258743286,1.298677682876587,1.232226848602295
चतुर्वेदी,1.648030400276184,0.8475356101989746,1.024348497390747
कोहेल्होद्धारा,1.1964277029037476,1.147266149520874,0.8683859705924988
ट्रैक,1.2474884986877441,1.0442161560058594,0.8958408236503601
port,0.9359841346740723,1.0918831825256348,0.8973247408866882
बागबजारमा,1.1713638305664062,1.487046241760254,0.9701017141342163
फस्र्ट,1.400327444076538,1.2398040294647217,1.1892277002334595
कलकत्ताको,0.8182992935180664,1.3500335216522217,1.3887979984283447
फ्रेन्ड्स,1.2713570594787598,1.0209940671920776,0.9668921828269958
काण्डले,0.9241228103637695,0.9161063432693481,1.1116552352905273
इलेक्ट्रनिक्स,1.0379741191864014,0.9577172994613647,0.8669929504394531
विक्सनरी,0.9108289480209351,1.0657477378845215,0.9802939891815186
Films,1.0820107460021973,1.3866515159606934,0.9108100533485413
डीभी,1.091585636138916,0.962283194065094,0.8783351182937622
मिस्ट्री,1.5910464525222778,0.9784606099128723,1.378872275352478
क्लिन्टनको,1.0419479608535767,0.9759529829025269,1.2498246431350708
धरमसेना,1.3820573091506958,1.181259036064148,0.8448097705841064
allegiance,0.8980297446250916,0.9210130572319031,1.141514539718628
दिस,0.8256630301475525,1.0999068021774292,0.9317746162414551
कस्टम,0.9244368076324463,1.3336917161941528,1.1412993669509888
Fashionistas,1.3620208501815796,1.2011698484420776,0.9650436639785767
greek,0.8199949264526367,1.1208581924438477,0.9443870186805725
wgPageName,1.0867656469345093,0.9507004618644714,1.306739091873169
वन्स,1.1597074270248413,1.3266805410385132,1.1578450202941895
राल्फ,1.0240901708602905,0.8786932229995728,0.9282203912734985
उदेश्यका,1.5081175565719604,1.2503149509429932,1.1684468984603882
mirmireonline.com,0.9589314460754395,1.2892141342163086,1.1961556673049927
गरिदिनुहोस्,0.9450548887252808,0.9238577485084534,1.0948429107666016
राजस्थानी,0.846085786819458,0.8017609715461731,1.1152000427246094
जुलूस,0.9890666604042053,0.8080262541770935,0.9937852025032043
क्यालेन्डरको,0.9379943609237671,0.8745295405387878,1.1686667203903198
भंसार,1.1211122274398804,1.1384339332580566,1.0176244974136353
सरोजिनी,1.4347954988479614,1.1036971807479858,1.1565744876861572
अनुसन्धाता,0.8074941039085388,0.9638925790786743,1.0986363887786865
तथ्यहरुलाई,0.82277512550354,1.0496406555175781,0.8645420670509338
सरावल,1.6339137554168701,0.8701169490814209,0.8065146207809448
कन्सेप्ट,0.8690266013145447,1.0182024240493774,1.0735751390457153
सर्भ,0.8175633549690247,1.0046499967575073,0.8798326849937439
कलिंग,0.8048251271247864,1.1657887697219849,1.1217433214187622
अङग्रेजी,1.1276960372924805,1.2666722536087036,1.3531423807144165
एक्सेल,0.9582061767578125,1.2251747846603394,1.1219912767410278
प्रध्यापक,1.3457058668136597,1.1394095420837402,1.2252438068389893
बागबजार,1.3041105270385742,1.6155592203140259,1.5061396360397339
अबलोकन,1.1426231861114502,1.2794269323349,0.9701825380325317
स्ट्रीट,1.1958284378051758,1.332222819328308,1.1382801532745361
एफएममा,1.249732255935669,1.1495038270950317,0.9846442937850952
केटिएम,1.3821793794631958,1.2365275621414185,0.8395949006080627
प्रमुखताका,0.9396713376045227,1.0736202001571655,1.2332066297531128
काठमाडौका,1.2378463745117188,1.20438814163208,0.8315805196762085
रोकिदैन,0.8712676167488098,1.0496169328689575,1.3582251071929932
अंग्रेजहरु,1.005164384841919,0.9007296562194824,1.0648802518844604
ड्रागन,0.9619432091712952,1.4889159202575684,1.0661884546279907
रत्नराज्य,1.3557847738265991,1.1854521036148071,0.8469095826148987
निंग,1.0333842039108276,0.8987940549850464,0.9875265955924988
दिल्लीदेखि,1.3366146087646484,1.3046441078186035,1.412475824356079
सूरदास,0.9010416269302368,0.8009756803512573,0.934574544429779
स्थानहरुको,1.015947699546814,1.0399097204208374,1.3206381797790527
किङ्सलाई,0.8465104699134827,0.9478861093521118,0.8575049042701721
फोर्समा,1.0114203691482544,1.0367175340652466,0.9991585612297058
गाएक,1.0226073265075684,1.1131081581115723,1.0301406383514404
भट्टराईद्धारा,1.2467259168624878,0.9326483011245728,1.2480106353759766
वर्णनको,1.0346009731292725,0.8342529535293579,0.8391422629356384
गर्डन,1.2294156551361084,0.8095214366912842,1.3084498643875122
सहरहर,1.035423755645752,0.9748825430870056,0.8951631188392639
मिल्टन,1.194948673248291,0.8421016335487366,1.340213418006897
वाल्कर,1.3030446767807007,0.8921504020690918,1.0679073333740234
arrow,0.9439781904220581,1.317417025566101,1.026779055595398
प्रोड्युसर,0.8642551898956299,1.2732805013656616,1.1480276584625244
टुरिज्म,0.8785686492919922,0.968603789806366,1.271418571472168
Navigare,1.1705422401428223,1.1124176979064941,1.1879688501358032
राईसँगको,1.0913606882095337,0.913223385810852,0.9376295208930969
इलेक्ट्रो,0.8990259766578674,0.9078523516654968,1.1624752283096313
अङ्ग्रेजीका,1.2246637344360352,1.2500598430633545,1.1287152767181396
shortlink,1.5084307193756104,1.0025463104248047,1.0180987119674683
बाजपेयी,1.008719801902771,1.409780502319336,1.2003588676452637
अबललष्लन,1.5655524730682373,1.0140397548675537,1.4925193786621094
सडकदेखि,1.3163352012634277,0.9222778677940369,1.0696525573730469
वातचीत,1.5267791748046875,1.1924434900283813,1.1078890562057495
Reviewer,1.274758219718933,0.8129668235778809,0.901089608669281
नीरज,1.0749602317810059,1.2170689105987549,1.3046880960464478
जेनरल,0.9663209319114685,0.8207865953445435,0.9372780919075012
कमेडियन,0.8477504253387451,0.980149507522583,0.8201321959495544
द्यौराली,1.0877947807312012,1.0239354372024536,0.8976349830627441
बेदी,0.892355740070343,1.2143168449401855,1.0404528379440308
एरेन्ज,1.1517404317855835,0.9370068311691284,0.8168973326683044
९१६,0.8556161522865295,1.2369319200515747,1.038199543952942
लार्क,1.261019229888916,1.0994975566864014,0.8941444158554077
सत्येन्द्र,1.5285990238189697,0.8943097591400146,0.8089337944984436
अविजीत,1.2412503957748413,1.396489143371582,0.822296679019928
ब्रजभाषामा,0.8118621706962585,1.1979868412017822,0.8821800947189331
स्वयम्भूदेखि,1.2517303228378296,1.0222208499908447,0.9455336332321167
द्वितीयको,0.9131753444671631,1.0699645280838013,1.1971172094345093
printer,1.1091582775115967,0.9066200256347656,0.9670069813728333
मिरिक,0.9429316520690918,1.071660041809082,0.9333871603012085
गिटारिष्ट,0.9513058662414551,0.9613635540008545,1.3011054992675781
दृश्यावलोकनका,0.9504684805870056,1.5112773180007935,1.3352888822555542
रूपनारायण,1.0710619688034058,0.9087369441986084,0.8003382086753845
वर्ण्य,0.9190499782562256,0.9891927242279053,0.9712068438529968
एम्बेसडर,1.0458710193634033,1.006210207939148,0.8017278909683228
फोनिक्स,1.4678274393081665,1.053917407989502,0.9934842586517334
क्लिन्टनलाई,1.171748399734497,0.9306732416152954,1.0479347705841064
च्याम्बर,1.227325201034546,0.9624195098876953,1.3940837383270264
छापिए,1.0548869371414185,1.0595301389694214,1.0326443910598755
श्याँग,1.1550456285476685,0.9529379606246948,1.081703543663025
प्लेब्वाई,0.9128514528274536,1.4150807857513428,1.0667060613632202
Navigation,1.256169080734253,1.1049754619598389,1.1475580930709839
सर्भरमा,1.1114301681518555,1.1015759706497192,0.9176687002182007
१८४४,0.8791847229003906,1.2042587995529175,0.9783627390861511
सोसायटी,0.9623973369598389,1.4400514364242554,0.8118748068809509
Strong,1.0651651620864868,1.077460765838623,0.8894529342651367
ओडिया,1.5963743925094604,1.271658182144165,1.148430585861206
किनलोक,0.809233546257019,1.389643907546997,0.8297232389450073
सेभिङ,0.9776620268821716,1.5670080184936523,1.4228055477142334
क्यासल,1.5020010471343994,1.2059022188186646,1.464417815208435
मुकारुङसंग,0.9779245257377625,0.8599883913993835,1.0804829597473145
मिडनाइट,1.2630599737167358,1.067936897277832,1.0650653839111328
टाईम्स,0.9644333720207214,1.2557250261306763,0.8866638541221619
docs.google.com,1.1253783702850342,1.3834733963012695,0.9155919551849365
अरेन्ज,1.4016566276550293,1.1143598556518555,1.2572870254516602
अनुपलब्ध,0.8926072120666504,1.0682176351547241,0.8403216004371643
बनभोजसंगै,0.8074177503585815,0.9570236206054688,0.8121769428253174
पान्डे,1.2291228771209717,0.994468092918396,1.2933883666992188
प्रमोसन,0.8834002614021301,1.0034242868423462,1.2512986660003662
Abhishek,1.1168789863586426,1.1158738136291504,1.098022222518921
सारनाथ,1.2803566455841064,0.8305956721305847,1.0032261610031128
employer,1.3596532344818115,1.109671950340271,0.9761590957641602
काठमांडू,1.3067798614501953,1.2501225471496582,1.440205693244934
पुग्नलाई,0.9321324825286865,0.9737757444381714,0.8917369842529297
तराईसँग,1.0990421772003174,1.283776879310608,0.960910439491272
जंक्शन,1.012326955795288,1.4869511127471924,1.0458347797393799
त्वरित,0.8287971615791321,1.4770132303237915,1.3030658960342407
काठमाडौंँ,0.8588047623634338,0.8610389232635498,0.9288902878761292
काठमाडाँै,1.4295488595962524,1.103548288345337,1.1203243732452393
वर्णक,0.8827788233757019,0.9779422283172607,0.8393183946609497
नटआउट,1.01643705368042,1.0995678901672363,0.8390125036239624
कमा४८डर,1.0513741970062256,0.9566423892974854,0.8110468983650208
काठमाडाैँ,0.9407547116279602,1.2525434494018555,1.0325437784194946
कुराकानीः,0.9371550679206848,0.8403756618499756,0.9485715627670288
instrumental.ogg,0.9926941394805908,1.4316107034683228,0.9602962732315063
श्रेणी:काभ्रेपलाञ्चोक,1.225211501121521,0.8485585451126099,1.2144306898117065
लिटरेरी,1.1818418502807617,1.1930136680603027,0.8232045769691467
अशिष्मा,1.2660523653030396,1.0770694017410278,0.8937747478485107
Generate,1.1328502893447876,0.8980432152748108,0.8488918542861938
सुललित,0.9601663947105408,1.0700143575668335,0.9209567904472351
ब्लाक,1.0615062713623047,1.0975943803787231,0.8328344225883484
शेरे,0.8327144384384155,0.843117356300354,1.0651196241378784
उपमेयरलाई,1.2668483257293701,1.026507019996643,1.104461669921875
क्यानाडाका,1.0337131023406982,0.9460130333900452,0.9193949699401855
स्पिच,0.8247937560081482,1.347715139389038,0.9473843574523926
दीपेश,1.096022367477417,1.098513126373291,0.9194319844245911
सिवा,1.267613410949707,1.1326162815093994,1.018546223640442
च्यासल,1.2186685800552368,1.0618245601654053,1.072009801864624
जिसमा,1.0516881942749023,0.8991415500640869,0.8048354983329773
Darjeeling,0.95150226354599,0.8239737749099731,0.8822906017303467
सुल्तानको,1.0853843688964844,0.9343120455741882,1.226277232170105
निबंध,0.8181824088096619,1.5203924179077148,1.085116982460022
हिजरी,1.2387754917144775,1.184230923652649,0.8887717127799988
वाइफाई,1.194967269897461,0.9986172318458557,1.02976655960083
भाष्कर,0.8227919936180115,0.9943878650665283,1.3656396865844727
शोधकर्ता,0.9063436388969421,0.9851497411727905,0.9310474395751953
भृकुटीमण्डप,0.9247882962226868,0.8954525589942932,0.8791150450706482
सुल्तानले,1.0889254808425903,0.9416672587394714,0.9788025617599487
Wrong,1.1903228759765625,0.8628359436988831,0.9460731744766235
कैपिटल,1.2022680044174194,1.3101847171783447,1.5096124410629272
बेइजिङस्थित,1.063270092010498,1.3700456619262695,1.2116942405700684
हिमांशु,1.4823572635650635,0.9868858456611633,0.9435497522354126
न्युजिल्यान्डका,1.1296478509902954,0.9494975209236145,0.9409544467926025
सर्भिसेज,1.064056396484375,1.1490286588668823,1.0079470872879028
हटाउनुहोस्,0.9602212309837341,0.8236612677574158,1.213154673576355
हुड्डा,1.362771987915039,0.9936886429786682,1.0045552253723145
अपरेटिभ,1.0964759588241577,1.1765483617782593,1.1131558418273926
एलिना,1.1980284452438354,1.1342930793762207,0.9659678339958191
Sundanese,1.243822455406189,0.8728072047233582,0.9899963140487671
Guardian,1.6263357400894165,0.9919289946556091,1.2421889305114746
शिंग,1.1134893894195557,0.8357678651809692,0.9406799674034119
मध्यपश्चिमका,1.4295986890792847,1.0304889678955078,0.8234574794769287
चिंग,1.1461994647979736,0.9040437340736389,1.1698812246322632
रणजोर,1.1470975875854492,1.2079436779022217,1.2909266948699951
मौसमविद्,0.9482371807098389,0.9609102606773376,1.0117876529693604
Apply,1.3689239025115967,0.8404071927070618,0.9785947203636169
नेपालसंग,0.9984273314476013,0.8380852341651917,1.2251455783843994
ट्याकट्याके,1.3572418689727783,1.0012341737747192,1.0613934993743896
र्‍यान्समवेयर,1.0250182151794434,1.2556089162826538,0.8985191583633423
एम.एस,1.2880839109420776,0.9354280233383179,0.9944329857826233
हन्ट,1.517181634902954,1.2873667478561401,0.8909611701965332
Sparrow,1.4313793182373047,1.3741869926452637,1.0031042098999023
जयनारायण,1.3663325309753418,0.804046094417572,1.102803349494934
Priyanka,1.2441563606262207,1.0028764009475708,0.9585755467414856
६२४,1.0866345167160034,0.9016708731651306,1.071633219718933
addNamed,1.3833520412445068,0.9527458548545837,0.8951290845870972
पेंगुइन,1.0796353816986084,1.0914264917373657,1.0634678602218628
हेन्री,1.3804644346237183,0.8971977233886719,1.3083207607269287
रे॒,1.507012963294983,1.1946672201156616,1.0705530643463135
Window.addFooterLink,1.182845950126648,1.0919511318206787,1.2943729162216187
Transcript,0.8893004059791565,0.9445593357086182,1.0645588636398315
