teenage,0.8004732728004456,0.11343979835510254
teenagers,0.7438666820526123,0.14019224047660828
teenager,0.7335755228996277,0.15070858597755432
teens,0.7204408645629883,0.18474721908569336
adolescent,0.6886131167411804,0.15387508273124695
teen,0.6718889474868774,0.21116621792316437
teenaged,0.6666631102561951,0.17697955667972565
pre-teen,0.6492093205451965,0.07363373786211014
young,0.631974995136261,0.09862682223320007
adolescence,0.6035564541816711,0.19912000000476837
teen-age,0.5767159461975098,0.13353805243968964
adolescents,0.571722149848938,0.15460197627544403
girls,0.5602846741676331,0.15457996726036072
girl,0.5517171025276184,0.16038307547569275
younger,0.5430259704589844,0.07751470804214478
adulthood,0.5400604009628296,0.18002238869667053
pre-teens,0.5348359942436218,0.0911419466137886
youngsters,0.530451238155365,0.11278033256530762
boy,0.5283008813858032,0.1209074854850769
boys,0.5266457796096802,0.10249023139476776
youths,0.5236911773681641,0.10812236368656158
adult,0.5200828313827515,0.10474508255720139
child,0.5167798399925232,0.06330797076225281
schoolgirl,0.516594409942627,0.1591983437538147
youngster,0.510897696018219,0.11003365367650986
16-year-old,0.5103076100349426,0.16678273677825928
adults,0.5078348517417908,0.12525294721126556
underage,0.5077295303344727,0.12941719591617584
15-year-old,0.5056853890419006,0.15833024680614471
youth,0.5047252178192139,0.0806431993842125
kid,0.5014567375183105,0.10543697327375412
childhood,0.49929845333099365,0.11271920055150986
14-year-old,0.4991146922111511,0.16188274323940277
high-school,0.4987046420574188,0.08787807822227478
lesbian,0.4975898861885071,0.17239293456077576
prepubescent,0.49566778540611267,0.0958835780620575
17-year-old,0.4942454397678375,0.16649296879768372
teen-agers,0.4917265474796295,0.10822402685880661
sex,0.4915641248226166,0.1706249862909317
13-year-old,0.4904366135597229,0.15204821527004242
parents,0.4889184236526489,0.09200629591941833
middle-aged,0.48888668417930603,0.10885507613420486
twenties,0.48831212520599365,0.09645495563745499
kids,0.4852355718612671,0.11924343556165695
college-age,0.483080118894577,0.10373151302337646
18-year-old,0.4825436472892761,0.15705299377441406
puberty,0.48199743032455444,0.12466105073690414
lesbians,0.48126453161239624,0.16197092831134796
sexually,0.4780636131763458,0.053982045501470566
children,0.4769936800003052,0.09551292657852173
schoolers,0.4767540991306305,0.10622107982635498
preteen,0.47602957487106323,0.1451793909072876
pregnant,0.47562670707702637,0.07085923850536346
teen-aged,0.4740886688232422,0.1656900942325592
schoolgirls,0.4735429883003235,0.1314009130001068
sexual,0.47287794947624207,0.06907748430967331
mothers,0.4719548225402832,0.08005774021148682
moms,0.4708404541015625,0.13129094243049622
precocious,0.4706554412841797,0.12331417202949524
12-year-old,0.4699765741825104,0.15038836002349854
woman,0.46831315755844116,0.12892958521842957
older,0.4681509733200073,0.0610794760286808
college-aged,0.46769729256629944,0.11408490687608719
grown-up,0.4655686616897583,0.07533416152000427
preteens,0.46512848138809204,0.12096595764160156
impressionable,0.4648468792438507,0.09421934187412262
tweens,0.4639790654182434,0.08752688020467758
20-something,0.46247902512550354,0.12461206316947937
school-aged,0.4544200897216797,0.09952138364315033
youthful,0.453044056892395,0.06758176535367966
pre-pubescent,0.45146405696868896,0.12718556821346283
gay,0.4496341347694397,0.1394118368625641
girlfriends,0.4495047330856323,0.12301605939865112
teen-ager,0.4494006335735321,0.12705570459365845
mom,0.44897228479385376,0.12686064839363098
horny,0.44887468218803406,0.1445535123348236
porn,0.447019100189209,0.1988791525363922
innocent,0.4456944763660431,0.09851457178592682
year-old,0.4447234869003296,0.12719550728797913
age,0.4441004991531372,0.0712427869439125
youngest,0.44378718733787537,0.09268569201231003
nubile,0.4429796636104584,0.10485563427209854
sexuality,0.44256532192230225,0.07994238287210464
daughters,0.4423649311065674,0.08567540347576141
girlfriend,0.44166964292526245,0.14320948719978333
drunk,0.44156578183174133,0.1197824478149414
chubby,0.4414930045604706,0.1301150768995285
olds,0.44143104553222656,0.09468073397874832
middle-school,0.4410533905029297,0.08117929100990295
schoolboy,0.44065818190574646,0.11703252792358398
toddlers,0.4401355981826782,0.09214776754379272
Teenage,0.4400865435600281,0.07915304601192474
19-year-old,0.438174307346344,0.16621145606040955
chicks,0.4380876421928406,0.10989739745855331
blonde,0.43678563833236694,0.1811513453722
pre-adolescent,0.4366736114025116,0.15378530323505402
naked,0.4363462030887604,0.1737910956144333
tween,0.43593326210975647,0.04578671231865883
mature,0.4356623888015747,0.13634727895259857
Teenagers,0.43533065915107727,0.11102864146232605
overweight,0.43527284264564514,0.0711287185549736
school-age,0.4352467358112335,0.09642577916383743
rape,0.43462470173835754,0.10782952606678009
autistic,0.4345908463001251,0.08049123734235764
11-year-old,0.43368324637413025,0.154405415058136
naughty,0.4334374964237213,0.1378382295370102
mother,0.4332280158996582,0.09924677014350891
juvenile,0.43271690607070923,0.07372504472732544
boyfriends,0.4323107898235321,0.07430791109800339
twenty-something,0.4321839213371277,0.13327842950820923
masturbating,0.43189549446105957,0.15996471047401428
toddler,0.431885302066803,0.06310580670833588
troubled,0.43107086420059204,0.06811491400003433
women,0.4309520423412323,0.10294509679079056
boyfriend,0.43046921491622925,0.12664222717285156
sluts,0.4300614893436432,0.17000804841518402
dads,0.42975276708602905,0.08401407301425934
female,0.4294438660144806,0.08187898993492126
angst,0.4265255033969879,0.0670599639415741
nudist,0.42597559094429016,0.150246262550354
elderly,0.4254322648048401,0.07813414186239243
incest,0.4243905246257782,0.12715597450733185
10-year-old,0.42392078042030334,0.14660930633544922
slutty,0.4229044020175934,0.13005657494068146
abused,0.42191141843795776,0.06992768496274948
Teen,0.42155203223228455,0.18171897530555725
redhead,0.421421080827713,0.17422062158584595
bullying,0.42053717374801636,0.06652753055095673
babes,0.42002174258232117,0.16921955347061157
teenie,0.4193716049194336,0.15587390959262848
chick,0.41936933994293213,0.1384580135345459
drunken,0.4183754026889801,0.0949934720993042
daughter,0.4173683822154999,0.11260686069726944
pornography,0.4172786474227905,0.07640628516674042
thirties,0.41712453961372375,0.09125298261642456
twenty-somethings,0.41709211468696594,0.10214653611183167
siblings,0.41704005002975464,0.08981695026159286
college,0.4169970452785492,0.08321424573659897
blond,0.41648632287979126,0.12723030149936676
rebellious,0.4160141050815582,0.09158290922641754
masturbation,0.41574862599372864,0.133103609085083
emo,0.4152240753173828,0.10085295885801315
raped,0.4151112139225006,0.11632269620895386
suicidal,0.41413548588752747,0.0812220349907875
male,0.4137256443500519,0.06663799285888672
asian,0.4133305251598358,0.19714891910552979
ages,0.4132305979728699,0.10348393023014069
hardcore,0.4119134843349457,0.16691510379314423
brunette,0.4110817015171051,0.17974896728992462
angst-ridden,0.41064774990081787,0.11996790766716003
babysitter,0.41040968894958496,0.11499014496803284
bisexual,0.4104064404964447,0.10130326449871063
females,0.41035792231559753,0.06936079263687134
20-somethings,0.40966641902923584,0.09852529317140579
males,0.4094855785369873,0.07373689860105515
obese,0.40939974784851074,0.06957122683525085
unwed,0.4092194437980652,0.07541385293006897
sexy,0.4090889096260071,0.17334102094173431
20-year-old,0.4088929295539856,0.1598818302154541
nude,0.4087527096271515,0.18704861402511597
erotic,0.40815791487693787,0.13028360903263092
schooler,0.4080474376678467,0.10057734698057175
suicide,0.4080095589160919,0.06856704503297806
school,0.40703508257865906,0.094648078083992
violent,0.4065151512622833,0.05717770382761955
virginity,0.4058540463447571,0.04144265875220299
gang,0.4055546522140503,0.1060868576169014
angsty,0.40537479519844055,0.0942535251379013
twentysomething,0.4042057991027832,0.13000360131263733
slut,0.4037417769432068,0.18257857859134674
bullied,0.40357646346092224,0.08396362513303757
hairy,0.4027969241142273,0.12642085552215576
infancy,0.40243417024612427,0.13277557492256165
ten-year-old,0.40231382846832275,0.1626761257648468
shy,0.4020237922668457,0.06079446151852608
at-risk,0.40200144052505493,0.08258884400129318
housewife,0.4017845690250397,0.13943390548229218
parenting,0.40063419938087463,0.08252201974391937
self-esteem,0.4002326428890228,0.09314560890197754
immature,0.4000924229621887,0.08472238481044769
pubescent,0.3997546434402466,0.05491092801094055
eight-year-old,0.3997533619403839,0.16218924522399902
fantasies,0.39951813220977783,0.043999481946229935
cuties,0.3992081880569458,0.12347712367773056
coed,0.3986057937145233,0.13365940749645233
goth,0.39832937717437744,0.09895876795053482
skinny,0.39823824167251587,0.10140952467918396
underaged,0.39762359857559204,0.09506029635667801
crazed,0.39758557081222534,0.1070483848452568
kindergarten,0.39706704020500183,0.050544481724500656
virgins,0.3968344032764435,0.11311639100313187
anal,0.396095871925354,0.16639742255210876
twins,0.39573556184768677,0.060078587383031845
twinks,0.3953187167644501,0.12694470584392548
hotties,0.3950512111186981,0.14174199104309082
preadolescent,0.39469581842422485,0.1470564901828766
homosexual,0.3946765065193176,0.04967275261878967
year-olds,0.39371564984321594,0.09567781537771225
interracial,0.3937145471572876,0.16268332302570343
amateur,0.39355599880218506,0.1744592785835266
aged,0.39239898324012756,0.055882107466459274
highschool,0.39212214946746826,0.05409669503569603
classmates,0.3920973241329193,0.07944441586732864
fucking,0.39153578877449036,0.14935599267482758
bratty,0.39122942090034485,0.08182138204574585
drugged,0.39118412137031555,0.07688269764184952
lad,0.3909212052822113,0.09725186228752136
aspiring,0.3907134234905243,0.08791285008192062
schoolchildren,0.3907129764556885,0.1018759086728096
stepdaughter,0.390503466129303,0.11718390882015228
dad,0.39041563868522644,0.11403916776180267
addicted,0.3900211453437805,0.05152059718966484
8-year-old,0.389821857213974,0.14468149840831757
busty,0.38823679089546204,0.1927165985107422
pussy,0.38776895403862,0.1929529905319214
abuse,0.38748699426651,0.07804378122091293
heroine,0.38658514618873596,0.09959127753973007
babe,0.38654497265815735,0.18128584325313568
teeny,0.38639533519744873,0.10256835073232651
preschoolers,0.3859574794769287,0.09174585342407227
babies,0.38586995005607605,0.0710848942399025
mentally,0.3858567476272583,0.0728343054652214
cutie,0.38580289483070374,0.14151495695114136
obsessed,0.3856956660747528,0.09019148349761963
eighteen,0.3855651915073395,0.037691954523324966
sixteen-year-old,0.3854615092277527,0.15458159148693085
forties,0.38529786467552185,0.08498292416334152
teenages,0.38501450419425964,0.05243087559938431
seventeen,0.38465654850006104,0.05601629242300987
middle-age,0.38463878631591797,0.11276455223560333
pregnancy,0.38451170921325684,0.07711095362901688
nine-year-old,0.38450586795806885,0.16351750493049622
posing,0.3840087950229645,0.12367146462202072
masturbate,0.38379478454589844,0.10956452041864395
tgp,0.38349634408950806,0.18065330386161804
emotional,0.3831726610660553,0.0926336720585823
violence,0.38314178586006165,0.0692690759897232
prostitute,0.3828311860561371,0.10625097900629044
unmarried,0.3828146755695343,0.07185830920934677
fucked,0.38254639506340027,0.17008361220359802
nudists,0.38250187039375305,0.12591420114040375
sisters,0.3820970356464386,0.09672065079212189
schoolboys,0.38199836015701294,0.0663173571228981
eager,0.38180550932884216,0.06691115349531174
transsexual,0.3816922605037689,0.08388372510671616
heterosexual,0.38158294558525085,0.06728290021419525
her,0.38137906789779663,0.08052147924900055
protagonists,0.3809640407562256,0.10891464352607727
naive,0.3809450566768646,0.07027004659175873
seduce,0.38093698024749756,0.08354688435792923
kissing,0.3808838427066803,0.1133563369512558
Teens,0.3790908455848694,0.1723591387271881
smoking,0.37890398502349854,0.07846905291080475
niece,0.37861862778663635,0.12859827280044556
struggling,0.37841862440109253,0.07593018561601639
seven-year-old,0.3783588707447052,0.15913721919059753
Teenager,0.37822669744491577,0.09993748366832733
expectant,0.3781944215297699,0.06334085017442703
fifteen-year-old,0.37785568833351135,0.16335982084274292
fourteen-year-old,0.37748831510543823,0.16748806834220886
twentysomethings,0.3774246275424957,0.08889728039503098
petite,0.37720200419425964,0.1273622363805771
transgender,0.37719300389289856,0.046949297189712524
nerdy,0.3768106997013092,0.07478300482034683
five-year-old,0.3765644431114197,0.1529323160648346
preschooler,0.37645918130874634,0.05779771879315376
mid-twenties,0.37629586458206177,0.11079591512680054
stranger,0.3762035667896271,0.09204546362161636
seventies,0.3761756718158722,0.04806021600961685
9-year-old,0.3761739730834961,0.14987961947917938
six-year-old,0.3761672377586365,0.15566092729568481
twelve-year-old,0.3759758174419403,0.16565454006195068
stories,0.3757931590080261,0.09865238517522812
gays,0.37578293681144714,0.0981447845697403
classmate,0.37574487924575806,0.11597838252782822
blondes,0.3757357895374298,0.13767683506011963
student,0.37556734681129456,0.07619143277406693
eighteen-year-old,0.37549832463264465,0.14426423609256744
nudes,0.37528547644615173,0.1447659134864807
grownup,0.37494009733200073,0.08166845887899399
sucking,0.37487512826919556,0.1502758413553238
redheaded,0.3747689723968506,0.12765219807624817
lives,0.3745599389076233,0.07168950140476227
budding,0.37425655126571655,0.0671173632144928
emotionally,0.3742506802082062,0.0692596584558487
reluctant,0.3741300702095032,0.07032870501279831
she,0.3741147518157959,0.08446360379457474
taboo,0.37404701113700867,0.07279671728610992
molested,0.37399381399154663,0.07507219165563583
father,0.37356138229370117,0.11083902418613434
sibling,0.3735577464103699,0.06862572580575943
virgin,0.37326279282569885,0.12056940793991089
dudes,0.37296438217163086,0.09965866059064865
alcoholism,0.3728708326816559,0.09714597463607788
protagonist,0.37280458211898804,0.13321758806705475
seducing,0.3727632761001587,0.09807378053665161
grown-ups,0.37267303466796875,0.09390713274478912
innocence,0.37254607677459717,0.06078215688467026
stepfather,0.3723698854446411,0.11475452035665512
herself,0.3722277879714966,0.09069185703992844
men,0.3720671534538269,0.08807853609323502
addiction,0.3716564476490021,0.0864509865641594
haired,0.3715653121471405,0.11892060935497284
teasing,0.3712451457977295,0.07757661491632462
couples,0.3711737394332886,0.10117118060588837
tattooed,0.37107744812965393,0.0868765339255333
lonely,0.3705989420413971,0.06484732031822205
coming-of-age,0.3704390227794647,0.07403314858675003
bullies,0.3704341650009155,0.06859252601861954
formative,0.3703896999359131,0.1161428913474083
anorexic,0.37016189098358154,0.046040937304496765
sweethearts,0.3701261579990387,0.05821438878774643
cheerleader,0.3701249063014984,0.13308905065059662
fuck,0.37007370591163635,0.1633119136095047
depressed,0.3700527846813202,0.07633831351995468
preschool,0.3700198829174042,0.05794623866677284
parental,0.36998677253723145,0.08846426010131836
threesome,0.36980023980140686,0.16350845992565155
fathers,0.3695160150527954,0.05999598279595375
grownups,0.3694232106208801,0.09485790878534317
little,0.3692224323749542,0.07510223984718323
psychotic,0.3690541386604309,0.11496793478727341
orgy,0.3690115213394165,0.1515543907880783
hottie,0.36882349848747253,0.15366820991039276
latina,0.3687833845615387,0.17685100436210632
thirteen-year-old,0.3686864674091339,0.1680179089307785
giggling,0.3686010539531708,0.07689513266086578
teenies,0.36838096380233765,0.11194689571857452
attitudes,0.36832618713378906,0.1081760972738266
inner-city,0.3682638108730316,0.06183629482984543
wives,0.36807429790496826,0.10535609722137451
infant,0.36789602041244507,0.04867289587855339
twink,0.3676702082157135,0.10773441195487976
homeless,0.36761438846588135,0.08282624185085297
addicts,0.36758965253829956,0.08530107140541077
seduced,0.36755847930908203,0.09037605673074722
obsession,0.36677953600883484,0.07014594227075577
fucks,0.36669591069221497,0.16551676392555237
sister,0.3663620054721832,0.12030214816331863
ex-girlfriend,0.3659723103046417,0.12569651007652283
childish,0.3658307194709778,0.06944110989570618
seniors,0.3655894994735718,0.10171911865472794
gals,0.36554449796676636,0.10685639828443527
amateurs,0.3655434250831604,0.12991441786289215
kinky,0.36543941497802734,0.10776972025632858
girlie,0.3653624951839447,0.0785897746682167
tormented,0.36526352167129517,0.08286815136671066
victim,0.3649316430091858,0.09758201986551285
7-year-old,0.3645172417163849,0.1358702927827835
spanking,0.3644823431968689,0.11223269253969193
terrified,0.3641768991947174,0.10401033610105515
boyhood,0.3641265034675598,0.12522558867931366
eighties,0.3636664152145386,0.05711445212364197
starlets,0.36331409215927124,0.06929481774568558
starlet,0.3631121814250946,0.10936521738767624
traumatized,0.3630785346031189,0.08464017510414124
lolita,0.3628828823566437,0.14984957873821259
tits,0.3627939820289612,0.18246158957481384
seventeen-year-old,0.3627578318119049,0.16814686357975006
21-year-old,0.36257338523864746,0.16089071333408356
cock,0.36256808042526245,0.15730035305023193
porno,0.36242637038230896,0.1770147979259491
runaway,0.3619179427623749,0.08375783264636993
anxious,0.3613702058792114,0.0639311671257019
lesbo,0.36130163073539734,0.14535987377166748
cocks,0.36128756403923035,0.12231376767158508
awkward,0.361083447933197,0.06466038525104523
partying,0.3610268533229828,0.07725216448307037
divorced,0.36089760065078735,0.07153927534818649
desperate,0.36062851548194885,0.07524163275957108
12-year-olds,0.3605594336986542,0.08706144243478775
nudity,0.3605070114135742,0.09040183573961258
sixties,0.36037349700927734,0.06410165131092072
upbringing,0.3603045642375946,0.11785031855106354
barely,0.3599087595939636,0.057938747107982635
unsuspecting,0.3598400354385376,0.09990125149488449
couple,0.3598109781742096,0.103617362678051
autism,0.35964545607566833,0.09643275290727615
punk,0.35923898220062256,0.07563260197639465
dreams,0.35911399126052856,0.04815427213907242
amature,0.35911282896995544,0.16990317404270172
teacher,0.35897406935691833,0.09212727099657059
fresh-faced,0.35878416895866394,0.09768795967102051
pre-school,0.35853394865989685,0.06073073297739029
peeing,0.35822516679763794,0.10365475714206696
middle-class,0.3579917848110199,0.08653059601783752
queer,0.35780224204063416,0.036558713763952255
mental,0.3577617108821869,0.10120835155248642
blowjob,0.3575459122657776,0.1942950040102005
infatuation,0.35725119709968567,0.09543336927890778
lust,0.3572428822517395,0.04694800823926926
infants,0.3571968078613281,0.09151057153940201
addict,0.357175350189209,0.054399922490119934
infatuated,0.3568092882633209,0.11292821913957596
strangers,0.3566269874572754,0.07928568869829178
blowjobs,0.3566042482852936,0.15737460553646088
5-year-old,0.35652968287467957,0.12257982790470123
stereotypical,0.3564812242984772,0.08545750379562378
husbands,0.35634252429008484,0.06738672405481339
pissing,0.3563151955604553,0.132154643535614
binge,0.3561946153640747,0.0778307244181633
inexperienced,0.3558741807937622,0.08263596892356873
antisocial,0.35563331842422485,0.1114439070224762
raping,0.3555629253387451,0.1104048416018486
runaways,0.35551971197128296,0.05337807163596153
nasty,0.3550203740596771,0.09925349801778793
banging,0.3549668490886688,0.09054358303546906
boyish,0.3549251854419708,0.08443363010883331
punks,0.3548513650894165,0.09001921862363815
housewives,0.35467836260795593,0.1130850538611412
helpless,0.35443317890167236,0.07243233919143677
milf,0.3542291522026062,0.20269575715065002
whores,0.35422542691230774,0.12857042253017426
erotica,0.3539595901966095,0.11821957677602768
voyeur,0.3538174331188202,0.15146607160568237
wide-eyed,0.35371628403663635,0.11207085847854614
girlhood,0.35366061329841614,0.13266028463840485
frat,0.35365328192710876,0.06399058550596237
22-year-old,0.35352280735969543,0.16493459045886993
psychological,0.3533822298049927,0.11253004521131516
behaviors,0.35324370861053467,0.12027448415756226
lady,0.35316017270088196,0.12743832170963287
parenthood,0.353057324886322,0.08376382291316986
juveniles,0.3529851734638214,0.06452836841344833
lusty,0.3529101014137268,0.08255495131015778
xxx,0.3529067933559418,0.19043086469173431
pregnancies,0.35276710987091064,0.07902329415082932
frightened,0.35212093591690063,0.08875472098588943
hyperactive,0.35211968421936035,0.09741640836000443
russian,0.35208860039711,0.15576426684856415
parent,0.3520769774913788,0.045812271535396576
lustful,0.3520767092704773,0.05897693708539009
unaware,0.3519018590450287,0.08239272236824036
flirting,0.3518962860107422,0.054309844970703125
man,0.35185664892196655,0.11088818311691284
hispanic,0.3517701327800751,0.07146482169628143
college-bound,0.35168594121932983,0.06830134242773056
coping,0.3515661656856537,0.10040713101625443
struggles,0.3513668179512024,0.06880298256874084
bizarre,0.3513438403606415,0.06052238121628761
mid-20s,0.3512674868106842,0.09171660989522934
disorder,0.35110050439834595,0.11608827114105225
sons,0.3509499728679657,0.07761859148740768
immigrant,0.3509383201599121,0.0679842159152031
pussies,0.350569486618042,0.10737573355436325
beauties,0.3501250743865967,0.08347645401954651
tomboy,0.34998443722724915,0.10676359385251999
wife,0.34986358880996704,0.12385359406471252
orgasm,0.3498496115207672,0.09915664792060852
pimply,0.3496934473514557,0.09908818453550339
homeschooled,0.34959593415260315,0.07871532440185547
son,0.3492790460586548,0.09406301379203796
subculture,0.3492782711982727,0.057796087116003036
stereotype,0.3491923213005066,0.0678107887506485
intercourse,0.3489685654640198,0.044480033218860626
spoiled,0.34875014424324036,0.08053258061408997
offspring,0.3486868441104889,0.08876386284828186
molesting,0.3484213650226593,0.08606233447790146
life,0.34804025292396545,0.07119161635637283
high-schoolers,0.34795325994491577,0.09863128513097763
eleven-year-old,0.34791043400764465,0.15577998757362366
boobs,0.34781426191329956,0.15837346017360687
feelings,0.3477559983730316,0.06775036454200745
30-something,0.34746310114860535,0.12950141727924347
gifted,0.3472398519515991,0.06598767638206482
drinking,0.3468002676963806,0.07172201573848724
offenders,0.3467898666858673,0.07877660542726517
17-year-olds,0.3466619849205017,0.0719481110572815
childlike,0.346570760011673,0.09290851652622223
y.o.,0.34655556082725525,0.053226739168167114
angry,0.34652888774871826,0.09115245193243027
abusing,0.34652599692344666,0.07683758437633514
perverted,0.34629935026168823,0.051848020404577255
working-class,0.3462616801261902,0.10523384809494019
elementary,0.3461949825286865,0.06096271798014641
delinquents,0.34617918729782104,0.08224707096815109
elder,0.34613025188446045,0.053214069455862045
ladies,0.34587475657463074,0.11248265951871872
misfit,0.3457224369049072,0.116665780544281
amatuer,0.34547659754753113,0.1595466136932373
habits,0.3452109694480896,0.08551371842622757
shocking,0.345081627368927,0.06437955796718597
lesbos,0.3450799286365509,0.12585851550102234
obesity,0.34499144554138184,0.11615172773599625
bald,0.3449898958206177,0.07309125363826752
real-life,0.34496259689331055,0.07103376090526581
fascination,0.3448082506656647,0.08112328499555588
wanting,0.344605028629303,0.089198037981987
forced,0.34450453519821167,0.07864103466272354
confronted,0.34449905157089233,0.09020410478115082
vulnerable,0.34447944164276123,0.05625437572598457
ebony,0.3444133996963501,0.16332745552062988
tragic,0.3443417251110077,0.07766246795654297
four-year-old,0.34433236718177795,0.14285869896411896
bikini,0.3442111313343048,0.16224779188632965
romance,0.34415292739868164,0.04820866137742996
peers,0.34410345554351807,0.07211722433567047
ass,0.3440674841403961,0.15760788321495056
unruly,0.3438323736190796,0.0706394836306572
students,0.34377264976501465,0.10188822448253632
girlies,0.3436160683631897,0.07650010287761688
roommate,0.34360796213150024,0.11129292845726013
6-year-old,0.34349751472473145,0.12830078601837158
suburban,0.3434779942035675,0.06292705982923508
coeds,0.343392014503479,0.13211828470230103
stepson,0.34334245324134827,0.12065304070711136
newlywed,0.34328722953796387,0.0845506563782692
childbearing,0.34300458431243896,0.11612007021903992
prostitutes,0.34286731481552124,0.0831698328256607
spunky,0.34272119402885437,0.0919712632894516
Young,0.34255436062812805,0.09759693592786789
distraught,0.34235742688179016,0.1260632425546646
grannies,0.3418717682361603,0.12362579256296158
sex-crazed,0.3414381444454193,0.06587853282690048
schoolteacher,0.3414227068424225,0.1310451179742813
stereotypes,0.3413164019584656,0.05896899849176407
brat,0.3413125276565552,0.07332777231931686
raunchy,0.3412986993789673,0.06887076050043106
assaulted,0.34119755029678345,0.1113143265247345
crazy,0.34109315276145935,0.0974912941455841
23-year-old,0.34104272723197937,0.15948592126369476
gangs,0.3409970998764038,0.07901600748300552
dick,0.340905100107193,0.14754284918308258
struggle,0.3406377136707306,0.0700417160987854
lads,0.34040141105651855,0.0772697702050209
oversexed,0.3402191698551178,0.06668012589216232
motherhood,0.34018459916114807,0.07968229055404663
lured,0.33994296193122864,0.09253080934286118
18-year-olds,0.33976635336875916,0.07896918803453445
baby,0.3396897315979004,0.06432659178972244
who,0.3396150767803192,0.10192432254552841
hairless,0.3394181728363037,0.05371721088886261
cunts,0.3393279016017914,0.1273336261510849
nineteen,0.339190274477005,0.051359813660383224
cunt,0.33918052911758423,0.13775226473808289
dicks,0.339042067527771,0.12957985699176788
fifties,0.3389871120452881,0.06088500842452049
heroines,0.3389529287815094,0.06332043558359146
distracted,0.3387301564216614,0.06977297365665436
nerd,0.3386063873767853,0.07064357399940491
midlife,0.3385995030403137,0.1268642246723175
newborn,0.3385508954524994,0.05095965415239334
dysfunctional,0.3385242819786072,0.0992775559425354
childhoods,0.3385043144226074,0.1092405617237091
brutally,0.3384162187576294,0.08240414410829544
behavior,0.33831602334976196,0.08977270871400833
anorexia,0.33831527829170227,0.08796794712543488
panties,0.3382472097873688,0.1495460420846939
aunt,0.3380662500858307,0.10411564260721207
perky,0.33795949816703796,0.09388349205255508
grieving,0.3379402458667755,0.07943949848413467
fetish,0.33778271079063416,0.15117661654949188
depression,0.33752915263175964,0.11524414271116257
old,0.3375203013420105,0.07485108077526093
lover,0.33746522665023804,0.10340104252099991
nympho,0.337380588054657,0.12004992365837097
insecure,0.337220698595047,0.07062489539384842
husband,0.33719944953918457,0.10683827847242355
24-year-old,0.3368953466415405,0.15811623632907867
pretending,0.33689138293266296,0.09803807735443115
topless,0.3366945683956146,0.1416553556919098
rambunctious,0.3365442156791687,0.10353163629770279
freak,0.3364159166812897,0.08006424456834793
finds,0.3363690972328186,0.0678529441356659
impulsive,0.3363510072231293,0.08298793435096741
cute,0.3361683189868927,0.1111336201429367
alcoholics,0.3360896110534668,0.09075125306844711
seduces,0.33607688546180725,0.11119291931390762
wayward,0.33603090047836304,0.09833046793937683
manhood,0.33590900897979736,0.05710854381322861
breasts,0.3358941674232483,0.08500712364912033
portrayed,0.335493266582489,0.08208847045898438
insatiable,0.3354516923427582,0.03510357439517975
asians,0.3353971242904663,0.13476672768592834
undressing,0.33529937267303467,0.11639205366373062
milfs,0.33523648977279663,0.1609911173582077
acquaintance,0.3349855840206146,0.086139015853405
mommy,0.334917277097702,0.0795251876115799
ghetto,0.33489811420440674,0.07295490801334381
self-conscious,0.3348546326160431,0.08845559507608414
tale,0.3348388671875,0.05735823139548302
frustrated,0.3347921371459961,0.09197075664997101
infantile,0.3347558081150055,0.1258264034986496
bbs,0.3347227871417999,0.13386304676532745
anxiety,0.33468955755233765,0.1090443879365921
experiences,0.33462148904800415,0.07138944417238235
nineteen-year-old,0.33460310101509094,0.15933488309383392
freaks,0.3345698416233063,0.06818448007106781
vagina,0.3345162272453308,0.09140089154243469
cope,0.3345109224319458,0.07994233071804047
sexting,0.3343454599380493,0.03598439693450928
nephew,0.3342667818069458,0.12952618300914764
screaming,0.3342302441596985,0.0859786793589592
na√Øve,0.33414125442504883,0.09458552300930023
grandmothers,0.33394855260849,0.07966816425323486
disturbing,0.3337382376194,0.054076481610536575
dating,0.33350038528442383,0.08578657358884811
grade-school,0.33348047733306885,0.0981554165482521
prodigy,0.333339124917984,0.08883307874202728
victims,0.3331490457057953,0.07848196476697922
retarded,0.33301135897636414,0.06240880861878395
would-be,0.3328510522842407,0.1099860817193985
oblivious,0.3327656388282776,0.09513549506664276
grandmother,0.3326440751552582,0.11065919697284698
desire,0.33261582255363464,0.050473347306251526
scene,0.33257365226745605,0.08909560739994049
pre-schoolers,0.33253639936447144,0.08326610177755356
hungry,0.33244195580482483,0.0784025490283966
13-year-olds,0.3323401212692261,0.08609956502914429
esteem,0.3322860598564148,0.07646342366933823
school-going,0.3321954607963562,0.10649566352367401
loving,0.33215656876564026,0.05413641408085823
transvestite,0.3319219648838043,0.09035279601812363
dark-haired,0.3318959176540375,0.09676815569400787
birth,0.3315792679786682,0.05693461373448372
gender,0.33147385716438293,0.09144232422113419
seduction,0.3314405679702759,0.05785677209496498
wannabe,0.3313969671726227,0.12334226816892624
raging,0.3313201367855072,0.04842272028326988
witnessing,0.33107972145080566,0.06321197003126144
disturbed,0.3308008015155792,0.06097221001982689
girlish,0.3307837247848511,0.06803648173809052
transgendered,0.3307192325592041,0.04419437050819397
bbw,0.3306242525577545,0.1846524477005005
tortured,0.33047187328338623,0.07163303345441818
celebrity,0.33037832379341125,0.10479088872671127
teenybopper,0.33036184310913086,0.06991495937108994
promiscuous,0.3303564488887787,0.057360682636499405
womanhood,0.3301951587200165,0.06864800304174423
toying,0.33018502593040466,0.14511491358280182
friends,0.3300749659538269,0.09778746217489243
dressed,0.32999709248542786,0.09525752812623978
jocks,0.32991480827331543,0.07323066890239716
hormonal,0.32930707931518555,0.11022119969129562
middle,0.3292916715145111,0.05285876616835594
gawky,0.32928696274757385,0.11605554074048996
latino,0.32925093173980713,0.11490165442228317
sixteen,0.32902777194976807,0.046366117894649506
nymphet,0.3288971781730652,0.10764501988887787
neurotic,0.3288883864879608,0.12490978091955185
under-age,0.32878562808036804,0.08665107190608978
masculinity,0.3284458816051483,0.09678331762552261
carefree,0.32839494943618774,0.07038021087646484
girly,0.3283514976501465,0.06845326721668243
tragically,0.3281334340572357,0.0859961211681366
adulthoodBoys,0.32810690999031067,0.07412218302488327
vampire,0.3277113139629364,0.08826261758804321
asshole,0.3276200294494629,0.10199478268623352
emotions,0.3275749385356903,0.0763581171631813
imagined,0.32753896713256836,0.06969904154539108
heroin,0.32750457525253296,0.05038562789559364
mid-life,0.3273123800754547,0.12374557554721832
grief,0.3270295262336731,0.07172495126724243
groping,0.327004075050354,0.05932148918509483
home-schooled,0.32695138454437256,0.10035236924886703
thirty-something,0.3269293010234833,0.1341085582971573
passionate,0.3269283175468445,0.04605710506439209
bitches,0.32691314816474915,0.08494161814451218
craving,0.3268510699272156,0.031071145087480545
obsessive,0.3268055319786072,0.09747819602489471
whore,0.3267415761947632,0.14639070630073547
gangbang,0.3265559673309326,0.16411125659942627
loner,0.32631081342697144,0.11508679389953613
25-year-old,0.32612675428390503,0.15538965165615082
bored,0.32612332701683044,0.07524482905864716
daddies,0.32601240277290344,0.07066984474658966
abusive,0.32576048374176025,0.06027783080935478
disabilities,0.32568424940109253,0.09990116208791733
people,0.32565516233444214,0.12560810148715973
roommates,0.32561782002449036,0.07884630560874939
actresses,0.3255663514137268,0.08603455871343613
grandparents,0.3254782557487488,0.08776429295539856
bondage,0.3254047632217407,0.14359144866466522
socially,0.32530173659324646,0.0741950049996376
schizophrenic,0.3252156674861908,0.12386007606983185
serious,0.32517752051353455,0.0670187920331955
aroused,0.32517531514167786,0.03215738758444786
realize,0.3250138759613037,0.07149787992238998
suicides,0.32478052377700806,0.05949433520436287
crime,0.3245023787021637,0.06346145272254944
drug-addicted,0.32447320222854614,0.11933954805135727
granny,0.32442039251327515,0.1594582200050354
masterbation,0.324418306350708,0.11531413346529007
celebrities,0.3244115710258484,0.10247047990560532
encounter,0.3242948055267334,0.053885120898485184
Adolescent,0.32429254055023193,0.1429140567779541
self-absorbed,0.32425758242607117,0.11083000898361206
counselor,0.32403564453125,0.03734555095434189
prostitution,0.3239733874797821,0.040879711508750916
molestation,0.32395458221435547,0.028966601938009262
confront,0.3238561153411865,0.06417272984981537
victimization,0.32385456562042236,0.11033780872821808
shemale,0.3238397538661957,0.1678588092327118
shaved,0.3237987756729126,0.13511519134044647
psycho,0.32370084524154663,0.07990911602973938
tiny,0.32366499304771423,0.08164478838443756
loves,0.32362931966781616,0.09641015529632568
murder,0.32359790802001953,0.10171056538820267
incarcerated,0.3235447108745575,0.06831380724906921
defiant,0.32353901863098145,0.07337063550949097
eating,0.3234826922416687,0.07304931432008743
foster,0.3233832120895386,0.042903367429971695
idealistic,0.323341965675354,0.09699945151805878
20s,0.3232753872871399,0.06864281743764877
minors,0.3232731819152832,0.059986554086208344
unhappy,0.32314974069595337,0.09040674567222595
softcore,0.3231283128261566,0.11557835340499878
escapades,0.3230799436569214,0.07285405695438385
kiddie,0.32305723428726196,0.07729965448379517
backseat,0.32303473353385925,0.058528680354356766
promiscuity,0.32299813628196716,0.0778518095612526
fascinated,0.3229469954967499,0.08141329139471054
banged,0.3228484094142914,0.13282087445259094
brother,0.3228362798690796,0.11887115240097046
naturists,0.3228353261947632,0.0897633284330368
worried,0.3227952718734741,0.09005121141672134
orgies,0.32273930311203003,0.09279628098011017
when,0.32267922163009644,0.0800333321094513
masterbating,0.3225964307785034,0.1320371776819229
alcoholic,0.32259267568588257,0.05717039108276367
hippie,0.32255297899246216,0.07459138333797455
victimized,0.32254448533058167,0.07311323285102844
loli,0.32253026962280273,0.12488621473312378
marrying,0.32240885496139526,0.09541235119104385
relate,0.3223990201950073,0.07732327282428741
fourteen,0.32228443026542664,0.052180416882038116
confessed,0.32213398814201355,0.11119350790977478
tales,0.3221191465854645,0.04533020406961441
restless,0.32211077213287354,0.02625538967549801
naturist,0.3220800459384918,0.08920475840568542
seemingly,0.3220781087875366,0.07945679128170013
mommies,0.3218342363834381,0.06933744251728058
fondling,0.3217218518257141,0.06627114117145538
discovers,0.3216261863708496,0.10437937080860138
offender,0.3216248154640198,0.0605575293302536
hentai,0.3216247260570526,0.13649089634418488
drugs,0.32156872749328613,0.07253161817789078
sleeping,0.3215588629245758,0.0689869374036789
Adolescents,0.32154977321624756,0.12300533056259155
lolitas,0.321490615606308,0.13323310017585754
licking,0.3214033246040344,0.14159710705280304
ecstasy,0.3213036358356476,0.036477211862802505
African-American,0.3212464451789856,0.05140470340847969
frightening,0.3212241232395172,0.06777356564998627
caring,0.3211643099784851,0.054029252380132675
embarrassed,0.3211633265018463,0.07820353657007217
encounters,0.3211309611797333,0.0450487844645977
loneliness,0.3211148977279663,0.08517540246248245
desires,0.3210662603378296,0.03401169925928116
self-destructive,0.3210222125053406,0.09920957684516907
reckless,0.3210090398788452,0.059211261570453644
jailbait,0.3208922743797302,0.08522292971611023
antics,0.32088130712509155,0.07602120190858841
alienated,0.32078295946121216,0.09797535836696625
granddaughter,0.32074296474456787,0.12569478154182434
guy,0.32073938846588135,0.12468075752258301
lifelong,0.32062047719955444,0.08600879460573196
deranged,0.32058775424957275,0.1250763237476349
clueless,0.32055729627609253,0.09522537142038345
teachers,0.32048314809799194,0.10145878791809082
bitch,0.3203773498535156,0.11547582596540451
nurse,0.3203698396682739,0.08079364150762558
breastfeeding,0.32019656896591187,0.061367664486169815
individuals,0.3201831877231598,0.1093728169798851
lewd,0.32013148069381714,0.07149989157915115
spanked,0.32012560963630676,0.09550069272518158
families,0.3201137185096741,0.09934742003679276
stay-at-home,0.3198217451572418,0.07695738226175308
stardom,0.31975194811820984,0.07449526339769363
faced,0.31973129510879517,0.054502151906490326
transexual,0.3195786476135254,0.10903050750494003
rapes,0.31956711411476135,0.07296967506408691
alcohol,0.3195520043373108,0.08850754052400589
inebriated,0.319542795419693,0.11090171337127686
16-year-olds,0.3194713592529297,0.08595739305019379
mischievous,0.31944912672042847,0.0842827558517456
asses,0.3191971182823181,0.10423677414655685
imagine,0.31917625665664673,0.07185710966587067
curious,0.31911686062812805,0.05691111832857132
thirteen,0.31910282373428345,0.05160698667168617
crying,0.3190324902534485,0.06149257346987724
midst,0.31893134117126465,0.04515792056918144
kiddy,0.3189285397529602,0.07850205153226852
nudism,0.31887659430503845,0.0934005156159401
orphan,0.3188614249229431,0.09325683116912842
deviant,0.3188282549381256,0.04505826160311699
cheerleaders,0.31881460547447205,0.12382836639881134
rage,0.3187423348426819,0.05331185460090637
self-confidence,0.31867584586143494,0.0807451456785202
sixth-grade,0.3186397850513458,0.07596825808286667
illness,0.3184911608695984,0.09736578166484833
grandma,0.3183935582637787,0.10351298749446869
brutal,0.3183816969394684,0.05933617055416107
fifteen,0.3183402121067047,0.05463333800435066
epidemic,0.31826817989349365,0.07868216931819916
horney,0.3180382549762726,0.114756740629673
jaded,0.31802597641944885,0.07339834421873093
dream,0.3180091977119446,0.07154743373394012
drug,0.3179934322834015,0.0666414424777031
dropout,0.317976176738739,0.0496596023440361
longing,0.3179481625556946,0.0629068985581398
seriously,0.31782424449920654,0.08848492056131363
penchant,0.3177599310874939,0.07536721229553223
unemployed,0.317669153213501,0.0878676250576973
hot,0.31765395402908325,0.1592082381248474
dealing,0.3176341652870178,0.06995171308517456
18yo,0.31760311126708984,0.1051582619547844
stoned,0.31759113073349,0.07312030345201492
story,0.3175896108150482,0.07085835933685303
touching,0.3175305724143982,0.040494404733181
nymphets,0.31748154759407043,0.10616011172533035
newborns,0.31745389103889465,0.0772659033536911
pre-teenage,0.3173872232437134,0.12261947244405746
discovering,0.31737616658210754,0.06539126485586166
pervert,0.3173140287399292,0.07487773895263672
jerking,0.31727027893066406,0.09861745685338974
caught,0.3171628713607788,0.10642512142658234
biker,0.31707385182380676,0.11339114606380463
cross-dressing,0.31702157855033875,0.07700327038764954
repressed,0.3170158863067627,0.10443093627691269
suddenly,0.31695789098739624,0.07809329032897949
pupils,0.316953182220459,0.07868429273366928
addictions,0.31690549850463867,0.09704848378896713
fondness,0.3168652653694153,0.08432070165872574
intoxicated,0.3168571889400482,0.05853058025240898
narcissistic,0.3167639970779419,0.10917320102453232
minds,0.3166879713535309,0.05432978272438049
attitude,0.3166847825050354,0.0696420967578888
desperately,0.3166496455669403,0.0792073905467987
grandpa,0.31655681133270264,0.08552905917167664
learns,0.31652191281318665,0.07937639206647873
dirty,0.316470742225647,0.10848812013864517
4-year-old,0.31633496284484863,0.11745647341012955
friendships,0.3161405920982361,0.06381291896104813
buxom,0.31609848141670227,0.10300607234239578
trashy,0.31606483459472656,0.06937067955732346
murdered,0.31598788499832153,0.13135237991809845
drunks,0.31595292687416077,0.08414716273546219
afraid,0.3159283399581909,0.07785145193338394
unhealthy,0.31591907143592834,0.07562804967164993
scared,0.31584155559539795,0.08677659928798676
deaf,0.3157469630241394,0.05779534950852394
graders,0.31567949056625366,0.08099283277988434
thug,0.3156522810459137,0.08386380225419998
cop,0.31561899185180664,0.1184905543923378
anger,0.3155764937400818,0.06236922740936279
submissive,0.31556275486946106,0.06820246577262878
sadistic,0.315538614988327,0.0708661898970604
midget,0.3154629170894623,0.1004234105348587
japanese,0.31537771224975586,0.16489961743354797
educated,0.31531962752342224,0.07574643939733505
sexes,0.3152400553226471,0.09476086497306824
whose,0.31520628929138184,0.06045788154006004
bimbo,0.315099835395813,0.09696579724550247
babysitters,0.3150268793106079,0.07337276637554169
marriage,0.31487905979156494,0.041651781648397446
assholes,0.3148399293422699,0.07234953343868256
especially,0.3148197829723358,0.0747908279299736
movies,0.31481415033340454,0.13347938656806946
fantasized,0.31481415033340454,0.06575846672058105
trying,0.3147980868816376,0.09054860472679138
disorders,0.31473278999328613,0.13972091674804688
disaffected,0.31469637155532837,0.11168530583381653
getting,0.3146844208240509,0.10558243095874786
rowdy,0.314677894115448,0.07354282587766647
dorm,0.3145725727081299,0.08702388405799866
educating,0.3145378828048706,0.07240310311317444
consequences,0.31453514099121094,0.083103246986866
gangly,0.31449565291404724,0.11467459797859192
kiddies,0.3144262731075287,0.08416581898927689
counseling,0.3144218921661377,0.08989100158214569
small-town,0.31441742181777954,0.09461592882871628
pleasures,0.31435683369636536,0.04396622255444527
butts,0.31427937746047974,0.10515814274549484
immaturity,0.31414660811424255,0.10950420051813126
chested,0.3140687942504883,0.08722943812608719
reality,0.3139306306838989,0.05844540894031525
schoolmates,0.31392285227775574,0.09895908832550049
redheads,0.3138909637928009,0.0886998251080513
befriended,0.3138768970966339,0.13611866533756256
seductive,0.3138757348060608,0.05197857320308685
fisting,0.3138602077960968,0.14666546881198883
rapists,0.3138449788093567,0.0658123791217804
kidnapping,0.31382814049720764,0.08753663301467896
dildo,0.3137207329273224,0.17723941802978516
virginal,0.31371721625328064,0.07557116448879242
prevalent,0.3136952221393585,0.10799328237771988
bulimia,0.3136047422885895,0.09442778676748276
curiosity,0.3135257661342621,0.053348101675510406
wonder,0.3135089874267578,0.07420824468135834
telling,0.3134293854236603,0.09502844512462616
red-haired,0.313396155834198,0.12432041764259338
silly,0.31338489055633545,0.07537157088518143
illiterate,0.3133719265460968,0.09406615793704987
lifestyle,0.31328752636909485,0.06702066957950592
portraying,0.3131920099258423,0.0761776864528656
thongs,0.3131774663925171,0.13056184351444244
squirting,0.3131749629974365,0.15493206679821014
lovers,0.31310078501701355,0.08433327823877335
flirt,0.3130802810192108,0.05407853052020073
long-haired,0.3130526542663574,0.09723032265901566
relationship,0.3129814565181732,0.06400103867053986
anime,0.3128228783607483,0.12015947699546814
oral,0.3128015995025635,0.09954056143760681
sweaty,0.3127596080303192,0.045406363904476166
co-ed,0.31273138523101807,0.05112472549080849
painfully,0.31272342801094055,0.04270171374082565
yearning,0.3127061724662781,0.07466418296098709
plump,0.31269073486328125,0.0955893024802208
confronting,0.31265655159950256,0.06986279040575027
abducted,0.3126002550125122,0.10399393737316132
kindergarteners,0.31247764825820923,0.07007607817649841
demographic,0.31242913007736206,0.06853675842285156
unfortunate,0.31241685152053833,0.08372730761766434
underprivileged,0.3124087452888489,0.07690373808145523
depressive,0.3123905062675476,0.13405834138393402
misguided,0.3123791515827179,0.07261437177658081
homosexuality,0.312279611825943,0.06190367043018341
uncommon,0.31226417422294617,0.06385786086320877
tease,0.31214800477027893,0.10455944389104843
deprived,0.3121262788772583,0.06974457204341888
attention,0.3120364546775818,0.05184474587440491
poor,0.31194019317626953,0.06379719823598862
butt,0.3119256794452667,0.12537051737308502
extreme,0.31192463636398315,0.08235854655504227
celeb,0.3118668794631958,0.1312713474035263
whiny,0.31182900071144104,0.09342091530561447
closeted,0.3117525577545166,0.08561908453702927
self-image,0.31173983216285706,0.11025381088256836
impoverished,0.3116840422153473,0.08590199053287506
physically,0.3116711974143982,0.0601528100669384
first-time,0.31156426668167114,0.05169941857457161
adoptive,0.3115583062171936,0.08172526210546494
tendencies,0.3115381598472595,0.08258268982172012
orphaned,0.31153208017349243,0.08830682188272476
biracial,0.31136006116867065,0.05575402453541756
newcomer,0.3113277554512024,0.10163725912570953
murdering,0.31129026412963867,0.13613298535346985
underwear,0.3112402856349945,0.10059445351362228
delinquent,0.31119731068611145,0.047207098454236984
sassy,0.31106090545654297,0.06522627174854279
survivors,0.3109973669052124,0.05380856245756149
prison,0.31098371744155884,0.06584974378347397
daddy,0.31097325682640076,0.0823851078748703
awkwardness,0.3109405040740967,0.09920471161603928
dying,0.31093862652778625,0.06731735169887543
psyche,0.310925155878067,0.08376133441925049
preoccupied,0.31089699268341064,0.09260037541389465
premarital,0.3108777403831482,0.054830100387334824
16-year,0.3108685314655304,0.09399661421775818
step-daughter,0.31081444025039673,0.11811979860067368
kidnapped,0.3107825219631195,0.11967344582080841
handjob,0.3106992840766907,0.14805611968040466
joys,0.31069308519363403,0.052197977900505066
eldest,0.3106783628463745,0.11739955097436905
nineties,0.3106749355792999,0.0640421137213707
cousin,0.3105736970901489,0.1296694129705429
starved,0.3104112148284912,0.052800387144088745
often,0.3103480935096741,0.08752000331878662
26-year-old,0.31019604206085205,0.15513446927070618
steamy,0.31016016006469727,0.06964591890573502
smokers,0.3101460933685303,0.0896797925233841
difficulties,0.31011104583740234,0.08726848661899567
developmentally,0.31009113788604736,0.08490056544542313
shocked,0.31009072065353394,0.10564175993204117
vaginas,0.310070276260376,0.08162576705217361
friendship,0.31006211042404175,0.041339512914419174
boob,0.3100184202194214,0.1528070867061615
playboy,0.30989208817481995,0.10450518876314163
affair,0.3098369240760803,0.06686674803495407
manic,0.30974191427230835,0.0920896902680397
relationships,0.3097302317619324,0.07550046592950821
guys,0.3097144365310669,0.1157231554389
convinced,0.3096669018268585,0.09115169197320938
traumatic,0.3096117675304413,0.10909531265497208
friend,0.3095981180667877,0.1191888153553009
grew,0.3095875382423401,0.06231442838907242
homicidal,0.3094096779823303,0.11478963494300842
superheroes,0.3093654215335846,0.05575503781437874
assault,0.30933552980422974,0.06430013477802277
faces,0.30931538343429565,0.06647300720214844
unconscious,0.3090967535972595,0.07042257487773895
HIV-positive,0.30892908573150635,0.06836702674627304
ADHD,0.3089231252670288,0.11003211885690689
brunettes,0.3087097406387329,0.11523529887199402
mistaken,0.3086607754230499,0.07661160081624985
stripper,0.3086530268192291,0.1329108029603958
matured,0.30842819809913635,0.04593769460916519
delinquency,0.30842238664627075,0.08831696957349777
wedlock,0.3083747625350952,0.06518212705850601
unwilling,0.3082938492298126,0.061987653374671936
secretly,0.3082215189933777,0.0925338864326477
affection,0.30820778012275696,0.07505001127719879
compulsive,0.30820006132125854,0.0768514946103096
slacker,0.3081747889518738,0.10412813723087311
latin,0.30816659331321716,0.1444627195596695
adventurous,0.3081202805042267,0.06464212387800217
kindergartners,0.30808025598526,0.0692075565457344
sometimes,0.3079192042350769,0.07752109318971634
marry,0.30787527561187744,0.07841203361749649
