दि,1.2456883192062378,0.829628586769104,0.8425186276435852
आर,1.0205674171447754,1.1246892213821411,1.0900346040725708
रेल्वे,0.9744704365730286,0.9576655030250549,1.0158435106277466
रोयल,0.8546576499938965,1.0793416500091553,0.9142705202102661
स्टेट,1.4273295402526855,1.4354524612426758,1.1121654510498047
प्ले,1.150583267211914,1.2720036506652832,0.8248976469039917
केरुङ,0.9033132195472717,0.8577836155891418,0.8972110748291016
नटआउट,1.3648096323013306,1.0119009017944336,0.9137561917304993
जितपछि,0.9365010261535645,1.148163914680481,0.861612856388092
गण,0.9926137328147888,1.0351898670196533,0.9084338545799255
लभ,1.3984042406082153,1.2368359565734863,1.114613652229309
समूहसँग,0.9613000750541687,0.8503156900405884,1.1024539470672607
रेलवे,1.2744941711425781,0.96659916639328,0.8619717955589294
रसुवाको,1.0349335670471191,0.8204286098480225,1.0530474185943604
भर्सेस,0.8114829063415527,0.9021667242050171,1.0161432027816772
इज,1.420539140701294,0.9864324331283569,1.4321237802505493
लीलामणि,0.9506778717041016,1.0488560199737549,1.01817786693573
मार्केटिङ,0.8873445391654968,0.8942640423774719,1.103995680809021
धोनीले,0.9990402460098267,1.3463711738586426,0.8135845065116882
बंगाल,1.1758112907409668,0.9267321825027466,1.162081003189087
अखण्ड,1.3374273777008057,0.9843526482582092,0.8936381340026855
धोनी,1.0655652284622192,0.8922093510627747,1.0012208223342896
फ्रन्ट,1.1164132356643677,0.8178447484970093,0.8353576064109802
गणपति,1.0236736536026,1.00326669216156,0.8848467469215393
कंगना,0.9530116319656372,1.4098142385482788,1.0119609832763672
विथ,1.1299535036087036,1.1751822233200073,0.8117554783821106
गणका,0.9966903924942017,0.8577107787132263,0.8401288986206055
समाचारपत्रमा,1.2872809171676636,0.9673746228218079,0.9077938795089722
नेताद्वय,1.09835684299469,0.960993766784668,1.0586612224578857
नट,1.20656156539917,1.132865071296692,1.203948974609375
लिम्बुवान,0.8700380921363831,1.1133085489273071,0.9066638350486755
काउन्सिलमा,1.2603834867477417,0.9565035104751587,0.904998779296875
क्वालिटी,0.9761797189712524,0.9812867045402527,0.9762018322944641
समारोहबीच,0.9275333285331726,1.0200926065444946,0.9782796502113342
बराह,1.0012611150741577,1.0077999830245972,1.1260544061660767
‘छक्का,0.8898054957389832,1.0717264413833618,0.8128100633621216
ट्रस्ट,1.4907804727554321,0.8115628361701965,0.8136292099952698
सप्लायर्स,1.6351875066757202,1.2334433794021606,1.4143977165222168
ग्रिड,1.018864393234253,0.8708084225654602,0.9248529672622681
पिन,0.8182028532028198,1.3668822050094604,0.8742690682411194
महेन्द्रसिंह,1.0740269422531128,0.9813533425331116,1.3320103883743286
एक्जिम,0.8578307032585144,0.9057306051254272,1.133180856704712
आइसिटी,1.2110109329223633,1.464247226715088,1.386094093322754
एमएस,1.2658053636550903,1.1900744438171387,0.8116443753242493
विजयपुर,1.0596389770507812,1.3234832286834717,1.0497326850891113
क्राइम,1.1213397979736328,1.6192225217819214,1.2248485088348389
कीट,0.8119056820869446,0.9489059448242188,0.8292202353477478
मिट,0.9800658226013184,1.0926434993743896,1.1657018661499023
इजलासका,0.9665098190307617,0.8476426601409912,1.0772745609283447
राइजिङ,1.360304832458496,1.4036701917648315,1.0531079769134521
देउवासहित,0.8843769431114197,0.9196068048477173,1.1945481300354004
उपाधिसँगै,1.0158647298812866,1.002570390701294,1.0426608324050903
पक्षधरले,1.271856427192688,0.8985165953636169,0.9055823087692261
पौडेलसहित,1.3648864030838013,0.8798567056655884,1.1262755393981934
डिस्पोजल,1.0951486825942993,1.4646689891815186,1.3118884563446045
रिमोट,0.9623392820358276,1.3398293256759644,0.8670849204063416
थाना,1.0911270380020142,0.878864586353302,0.9317358732223511
महावाणिज्यदूत,1.0392543077468872,0.9618264436721802,1.0948518514633179
मू,0.8628708720207214,0.8860251307487488,0.9536594748497009
मोस्ट,1.1242245435714722,1.0679688453674316,0.8919512033462524
सर्राफले,1.030967354774475,1.041297435760498,0.9325778484344482
अफ्,0.8581728339195251,1.2174702882766724,1.0292421579360962
ग्रुपमा,1.1027369499206543,0.9906578063964844,1.101464033126831
नीर,0.89785236120224,0.8084889054298401,1.0569747686386108
मिशन,0.9980773329734802,0.9134694337844849,0.914501965045929
ज्योतिषी,0.9641076326370239,0.9813511967658997,1.2442067861557007
पठाओ,1.1806433200836182,1.4398094415664673,1.2609853744506836
बोटलर्स,0.8635169267654419,1.2913929224014282,1.0769667625427246
‘लभ,1.4243311882019043,1.1655511856079102,1.430125117301941
डाबर,0.97585529088974,1.1614489555358887,0.9272174835205078
चौकीलाई,1.2726078033447266,1.0952303409576416,1.0253030061721802
इन्चार्जमा,0.8731438517570496,0.8755756616592407,0.9106805324554443
प्यानलले,1.0394045114517212,1.098172664642334,1.130807876586914
लिलामणि,0.9682733416557312,1.014694094657898,0.8607242107391357
जीतसँगै,0.920804500579834,1.5587698221206665,1.3984298706054688
राईविरुद्ध,1.359249234199524,1.3113349676132202,1.0268644094467163
गुल्मका,1.1280778646469116,0.9505423903465271,0.9953721165657043
महान्यायाधीवक्ता,0.8054892420768738,1.022083044052124,0.8331703543663025
टुटल,0.9056590795516968,0.8858093023300171,1.371109127998352
सोह्रखुट्टे,1.082673192024231,1.2162628173828125,0.9336028099060059
राजदूतावासका,0.9692463278770447,1.224731683731079,0.8042018413543701
विजेताका,1.3075804710388184,1.1341116428375244,1.1850090026855469
योर,0.9411333799362183,1.06654953956604,1.4389352798461914
ज्योतिले,0.887836754322052,1.0512936115264893,0.9098199605941772
ट्रेडर्स,0.9628010392189026,0.9858025908470154,1.1267940998077393
सरकारविरोधी,0.8425350189208984,0.8790316581726074,0.8250769376754761
इशनाथ,0.9513764977455139,1.4708075523376465,0.8374444842338562
पोलार्डले,1.2621623277664185,1.2703920602798462,1.006917119026184
बङ्गाल,0.8444997668266296,1.0911744832992554,0.9140863418579102
लिङ्क,1.2623602151870728,1.153329610824585,0.9190458655357361
ओभलमा,1.0259196758270264,1.0349962711334229,0.9447579383850098
कल्चरल,0.8936706185340881,0.895731508731842,0.8949395418167114
पोस्टका,1.1901026964187622,0.886021614074707,0.9818164706230164
मेन्सन,0.8391687870025635,1.5145622491836548,1.2369325160980225
११४१,0.8193840384483337,1.1709882020950317,0.9275211691856384
एसोसिएशन,0.8797824382781982,0.9719160795211792,0.833150327205658
साप्ताहिकमा,1.3014090061187744,1.3470356464385986,1.3109294176101685
विनयमोहन,1.3408726453781128,0.9511381387710571,0.9012377858161926
राजनीतीकरण,1.0891717672348022,0.9659256339073181,1.0600390434265137
कन्सट्रक्सन,1.1785091161727905,1.0232588052749634,0.9203191995620728
ग्रिल,0.8145443201065063,1.307454228401184,0.8130561709403992
मियाँलाई,1.341854214668274,1.2455384731292725,1.1923246383666992
टाइम्समा,1.0246915817260742,1.0757853984832764,1.1751806735992432
खरिपाटी,1.0546419620513916,1.3068609237670898,0.9639873504638672
जनतान्त्रिक,1.1274200677871704,1.4393558502197266,1.2096633911132812
आशुतोष,0.9007807374000549,1.0070281028747559,1.0435887575149536
सतिश,1.0031987428665161,0.8635293245315552,0.8611237406730652
हरिसिद्धि,1.113195776939392,0.925949215888977,0.8966854810714722
नेम,1.1915520429611206,0.8395471572875977,1.045540690422058
स्टडी,1.303196668624878,1.1858326196670532,1.2751810550689697
किशन,0.8847228288650513,1.1229486465454102,1.2071566581726074
प्रदर्शनकारीहरूले,0.9455728530883789,0.933443009853363,0.8066258430480957
एचिभमेन्ट,1.2715100049972534,1.0961731672286987,1.3718262910842896
‘आई,0.8802012801170349,1.3643290996551514,1.2276999950408936
दरबारमार्गको,1.246437907218933,1.1782959699630737,1.201124668121338
मोरले,1.1549203395843506,0.9889076352119446,1.4661574363708496
‘स्वतन्त्र,0.8068139553070068,1.0635746717453003,1.1559265851974487
चेन्नईको,0.8715927600860596,1.1772961616516113,0.9654521346092224
दक्षिणायन,1.2233104705810547,1.4024193286895752,1.2571892738342285
मलेशियाको,0.9207963347434998,0.9514232873916626,1.141838550567627
पौडेललगायत,1.296553373336792,0.8244163990020752,1.1282105445861816
गुहेश्वरी,0.8593505620956421,1.0313818454742432,1.2034207582473755
अत्तरियाका,1.154097080230713,0.8620321750640869,0.9045813679695129
स्टोरका,1.105513095855713,0.8304582238197327,1.0300830602645874
सप्लायर्सका,1.4681535959243774,0.9691657423973083,1.3022795915603638
हैदर,1.1572473049163818,0.8221206665039062,0.9819753170013428
मीनकुमार,0.8508776426315308,1.0921496152877808,0.9945417046546936
मोर्डन,0.9157043695449829,1.2180871963500977,0.8038904070854187
कन्सर्न,0.8026708960533142,1.0033620595932007,1.0451821088790894
आफ,0.9247802495956421,0.9887186288833618,1.2019457817077637
स्टुडेन्ट,1.0171722173690796,0.868912398815155,0.9410272836685181
इन्फोटेक,0.8806129693984985,0.9763928055763245,1.0059884786605835
पोलिग्राफ,0.8224545121192932,0.8725766539573669,0.8135198950767517
थपलियालाई,1.1729398965835571,0.9438052773475647,1.0155315399169922
कृष्णपक्ष,0.8011962175369263,0.8633872270584106,0.902926504611969
झारखण्ड,1.2385400533676147,1.1205559968948364,1.1390072107315063
मिक्सिङ,0.8320631980895996,1.1170008182525635,0.8142106533050537
नरेशकुमार,0.9683286547660828,1.030367374420166,0.964126706123352
प्रोप्राइटर,1.2589138746261597,1.0467766523361206,1.3879053592681885
साप्ताहिकका,1.3791040182113647,1.3301445245742798,1.2242507934570312
मलेसियास्थित,1.491700530052185,1.3174192905426025,0.8113056421279907
एटलान्टिक,1.279197096824646,1.2901846170425415,1.4380239248275757
न्युक्लियर,0.845770537853241,0.8021383881568909,1.1671342849731445
जस्प्रित,0.8476989269256592,1.191985011100769,0.8275092840194702
इनोभेसन,1.0204665660858154,0.9294477105140686,1.3114663362503052
पिपुल,1.0150094032287598,1.1606361865997314,1.1504429578781128
रञ्जीत,1.2093652486801147,0.9413354396820068,1.0672760009765625
सुरक्षाकर्मीमाथि,1.0536983013153076,0.9819960594177246,0.8984232544898987
विद,0.9623285531997681,0.8012499213218689,0.9653834700584412
मुकारुङले,0.976899266242981,1.016276478767395,1.211800217628479
खाँदबारीबाट,0.9810163974761963,1.153178095817566,0.8585898280143738
हिडन,1.2824578285217285,0.8373434543609619,0.9862355589866638
पाैडेल,0.8758234977722168,1.0898317098617554,1.1599745750427246
राजमार्गस्थित,1.251018762588501,1.2231152057647705,0.8343245387077332
दयाल,1.2249672412872314,0.8638986349105835,0.8241136074066162
माघबाट,1.0404272079467773,0.968956708908081,0.9902831315994263
एचआर,0.8809928894042969,1.236815094947815,0.8925612568855286
सहकुलबहादुर,0.8572599291801453,0.8621267676353455,0.8529921770095825
rgba,1.269836187362671,1.0793757438659668,0.9011827111244202
ब्रदर्स,1.1225184202194214,0.8934532403945923,0.925330400466919
बानिया,1.3277548551559448,0.8622006773948669,1.2542814016342163
इन्टरनेसनलका,1.0209490060806274,0.8172171711921692,0.9124587178230286
साँगुरीगढी,1.1551227569580078,0.930729329586029,1.5414010286331177
स्रोतकाअनुसार,1.3799402713775635,0.8271971344947815,1.1338379383087158
सिडिएमए,1.6045905351638794,1.5426658391952515,0.893427848815918
गर्नेक्रम,0.9993043541908264,0.8481545448303223,1.102341651916504
वेलकम,1.0433100461959839,1.0339200496673584,1.1782987117767334
फणीन्द्र,0.8914720416069031,0.8165654540061951,0.9088058471679688
सरार्फ,1.3450514078140259,0.8385788202285767,1.0908398628234863
अश्विनी,0.9278566241264343,0.9667829275131226,0.8342723846435547
रामनगरमा,1.1117422580718994,1.3314236402511597,0.9448400139808655
शास्त्रीले,1.0606937408447266,1.6274789571762085,1.0363366603851318
कन्ट्रोलर,0.974577784538269,0.8882304430007935,0.9646452069282532
संघाई,1.301999807357788,1.0883952379226685,1.3021904230117798
नवराजपुर,1.2035741806030273,1.0510139465332031,0.8680149912834167
व्यूरोले,0.9729634523391724,1.33730149269104,0.8338658809661865
आमहडताल,0.9276764988899231,0.9055162668228149,1.0469878911972046
कपर,0.8430472612380981,1.0756540298461914,0.9654999375343323
हालाहाल,1.332521677017212,1.2091506719589233,1.031317949295044
नागढुंगामा,1.0735502243041992,1.1409696340560913,0.9793434143066406
देशद्रोहको,0.9730787873268127,0.8755342960357666,0.9162799715995789
झलारीका,1.072021722793579,1.0159721374511719,0.8544488549232483
११३८,0.8934981822967529,1.0105282068252563,0.8248763680458069
रेस्ट,0.9815897941589355,0.9566659927368164,0.8311816453933716
नेकपानिकट,0.988448441028595,1.0278288125991821,1.277876853942871
नागढुंगाबाट,0.8193227052688599,1.0757426023483276,0.8079828023910522
मिनिस्टर,1.095286250114441,1.329263687133789,0.9307612776756287
तृतीया,1.0045597553253174,0.9381989240646362,0.9046732783317566
भेक्टर,1.0500073432922363,0.9478378891944885,0.862187922000885
टोरन्टो,1.199987530708313,1.2832642793655396,1.2425901889801025
मेडिकेयर,1.0042271614074707,0.8389800190925598,1.140830159187317
डेयर,1.1957848072052002,1.117721438407898,1.0040558576583862
सर्भिसेस,1.2484134435653687,0.8370922207832336,1.4569214582443237
स्ट्रिप,0.9896551966667175,1.4855033159255981,1.0137839317321777
सीमास्थित,1.0387758016586304,1.2628382444381714,0.8431000709533691
दरबारमार्गका,0.8954592943191528,1.0905002355575562,0.8120459318161011
भारतीलाई,1.2572840452194214,1.1098145246505737,0.9510628581047058
रीट,1.1391421556472778,1.1765327453613281,1.0829391479492188
राजपूत,0.8877866268157959,1.0571680068969727,0.8265398144721985
शृंगार,0.8272485733032227,0.953478991985321,0.82403963804245
ताम्सालिङ,0.8479026556015015,0.8079598546028137,0.9611486792564392
अधिकारीद्वारा,0.9992166757583618,1.518078327178955,0.8718728423118591
इन्डिया’,1.047531008720398,1.011309027671814,0.931050181388855
कविन्द्र,1.0816543102264404,0.8051882386207581,1.33247971534729
बैङ्कर्स,0.8308652639389038,0.9954997897148132,0.9298242926597595
साइवर,1.3779040575027466,1.1337497234344482,1.2957593202590942
अम्बे,1.047314167022705,0.851625382900238,0.8582631945610046
‘गो,1.0634831190109253,1.420128345489502,1.2096753120422363
लोकतान्त्रिकबाट,0.8051021695137024,0.987494945526123,0.8535574078559875
साप्ताहिकले,1.373533010482788,1.5090795755386353,1.3120217323303223
सतिशकुमार,1.3267114162445068,0.8441616892814636,1.4826672077178955
चण्डीराज,0.9094792604446411,0.8508532047271729,1.2055702209472656
चुरियामाई,1.0145277976989746,0.8952449560165405,1.4455870389938354
युनिटी,1.566938877105713,1.2280105352401733,1.439170002937317
भारद्वाजले,1.0056123733520508,0.8228495121002197,0.9031542539596558
विन्दवासिनी,0.8332191705703735,0.9607002139091492,0.8474711179733276
सम्पादकलाई,1.0716378688812256,0.8003664612770081,0.9629799723625183
सञ्चारविज्ञ,0.9946876764297485,0.9468218684196472,0.8663710355758667
पंजाब,0.8945267200469971,1.0300151109695435,0.8459470272064209
अलराउन्ड,1.136399507522583,1.268924355506897,0.8050021529197693
मिरर,1.0045448541641235,0.964343786239624,0.8412178754806519
बानियाले,0.9143347144126892,0.8366948366165161,1.0484789609909058
पञ्जावका,0.8003377914428711,1.0793513059616089,0.8467684984207153
फेलो,1.0883064270019531,1.1646950244903564,1.1976953744888306
चन्द्रनिगाहपुरका,0.9436585307121277,0.9222800135612488,0.8332648277282715
दिस,1.3020235300064087,0.9931992292404175,1.2557300329208374
गठनलाई,0.8026942014694214,0.8150805234909058,1.2979707717895508
होमियोप्याथिक,0.9645931124687195,1.1034049987792969,0.8255674242973328
चन्द्रकिशोर,0.8061439990997314,0.9804931879043579,0.9168508052825928
तस्करहरुको,1.5087547302246094,1.4907010793685913,0.9783049821853638
एकेडमी,1.2922186851501465,1.390924334526062,1.032498836517334
पाठमा,0.9931783676147461,0.8727360963821411,0.9748314023017883
पिल्स,0.881727933883667,0.9274300932884216,0.8405609726905823
‘इनफ,1.1635862588882446,1.3324724435806274,1.4467191696166992
धमलासँगको,0.9788084030151367,1.3961758613586426,0.989937424659729
ज्योतिषि,0.9252336621284485,0.8425756692886353,1.3928195238113403
न्युजका,0.822760820388794,0.9085479974746704,1.0616824626922607
रिपिटर,1.21383535861969,1.2068418264389038,0.9600101709365845
बजगाई,1.123466968536377,0.8390136361122131,0.9682085514068604
सुचित,0.8353716135025024,0.9461331367492676,0.885251522064209
बजगाईले,0.9381342530250549,0.9861688017845154,1.1634438037872314
लिभ,1.0694881677627563,0.9365812540054321,1.035294532775879
स्पोट्र्स,0.9887321591377258,0.8861097693443298,1.368424654006958
एफआईआर,0.8999356031417847,1.1062372922897339,0.8999966979026794
टाइम्सबाट,0.9191474318504333,0.9884870052337646,0.8125758767127991
काठमाडौ‌ं,0.9037706851959229,1.0303691625595093,1.2584342956542969
त्रिशक्ति,1.0493472814559937,1.0232259035110474,0.8190146088600159
‘हिन्दु,0.9600607752799988,0.8833187222480774,0.9410263895988464
हबले,1.4705784320831299,1.221663236618042,1.228956699371338
इण्डियाका,1.2043962478637695,1.4167670011520386,0.9495171308517456
ट्रेडर्सका,1.3616211414337158,1.267006754875183,1.2222745418548584
बाहिनीका,0.9551709890365601,1.3630787134170532,0.9419150352478027
‘आइ,0.8019348978996277,0.9442098736763,1.1128968000411987
बंगलामुखी,1.2909841537475586,1.0231010913848877,1.1348991394042969
दाहालद्वारा,0.8587003946304321,0.9379453659057617,0.9987417459487915
सामीप्य,0.8066131472587585,1.1783392429351807,1.0562692880630493
उज्जल,1.2503498792648315,1.0694411993026733,0.8046044111251831
कैफको,0.9146779179573059,0.9010640382766724,0.8184711933135986
‘मेड,1.0616390705108643,1.3241140842437744,0.900611162185669
इयरको,1.1141057014465332,1.1138442754745483,1.15834641456604
अर्वाड,1.064157485961914,0.9397727251052856,1.0102758407592773
मंगलम,1.5086126327514648,1.3763312101364136,1.0054092407226562
फाइनान्समा,0.8551563620567322,1.0132510662078857,0.9803866744041443
रानीघाट,0.9716311693191528,1.2214936017990112,0.8932361602783203
पिक्चर्स,1.0819488763809204,1.1598453521728516,0.9806623458862305
सङ्गीतका,0.8210362792015076,0.8554630875587463,1.3493635654449463
हेट,0.995926558971405,1.3529138565063477,1.061207890510559
ओमनका,0.862778902053833,0.9006841778755188,1.0944925546646118
कृष्णसेन,1.3647253513336182,1.2142853736877441,1.119431495666504
देवगणको,0.9031956791877747,1.2468526363372803,0.9562709927558899
प्रवर्तन,0.8301839232444763,0.9807127118110657,1.0935879945755005
जस्ट,0.9714383482933044,0.9593212008476257,1.098933458328247
एमभी,1.3960211277008057,1.3491069078445435,1.3808720111846924
थानकोटको,0.8573904633522034,0.8861758708953857,0.8417001366615295
भावेश,0.8847328424453735,1.3420132398605347,1.169612169265747
हरिनगरा,0.8679575324058533,1.2425273656845093,0.8398227691650391
भण्डारीविरुद्ध,0.8428765535354614,0.9149311780929565,0.9990257024765015
राणाविरुद्ध,0.976734459400177,1.3521080017089844,0.90784752368927
इनफ’,1.0200717449188232,1.022534966468811,1.3635728359222412
हेल्थका,1.2542239427566528,0.9978765249252319,0.80411696434021
ह्वाट,0.8231068849563599,0.9314552545547485,1.1440708637237549
युवासंघ,1.1229156255722046,1.1292487382888794,1.031915545463562
सिमरन,1.5733872652053833,1.3650895357131958,0.88752281665802
कुमाउ,0.9720479846000671,1.1482515335083008,0.9126680493354797
ट्याम्पो,1.241748571395874,1.0349787473678589,0.9993752241134644
अलराउण्ड,1.5565359592437744,1.3297924995422363,1.1640723943710327
इन्नोभेसन,0.8460335731506348,1.0154571533203125,1.2501274347305298
पत्रकारद्वय,1.2223362922668457,1.1648962497711182,1.4232814311981201
रिसोर्टबाट,0.8851847648620605,1.055253267288208,0.8368909358978271
विक्रान्त,0.8694654703140259,1.1949470043182373,1.2848490476608276
नेसं,1.1513609886169434,0.99424809217453,0.8174658417701721
बिजिनेस,1.1218806505203247,0.9387528300285339,1.2794203758239746
कम्पनिका,0.8542464971542358,0.8032508492469788,0.8548876643180847
ह्याङ,1.0020402669906616,0.9706060290336609,1.447567105293274
जयकिसन,1.0107978582382202,0.8574504256248474,0.8620232343673706
लाइफका,1.1730244159698486,1.1881743669509888,1.0648472309112549
‘बुलबुल’,0.9296966195106506,1.003355622291565,0.8523659110069275
फ्रेट,0.9699517488479614,1.0379215478897095,0.8428544402122498
शंकरलाई,0.9959508776664734,0.8134098052978516,0.9692713022232056
visit,0.8433576822280884,1.1059504747390747,1.1982673406600952
गोल्छालाई,1.3500850200653076,0.8708404302597046,1.154242992401123
police,0.9464451670646667,0.9624106884002686,0.9301660060882568
नेउपानेले,0.9219741821289062,0.9930430054664612,0.9699462652206421
प्रप्त,1.2191609144210815,0.884099543094635,0.9848202466964722
विनित,0.8693623542785645,0.832196056842804,0.9166176319122314
मुल्मी,0.8710746169090271,1.0880929231643677,1.209976315498352
स्वास्थ्यचौकीलाई,1.449194073677063,1.287064790725708,1.5647075176239014
घिमिरेमाथि,0.9931927919387817,0.8641788363456726,0.907799243927002
०१३,1.3995307683944702,1.5026423931121826,0.9147864580154419
ध्वज,1.181757926940918,0.9977750182151794,1.1154329776763916
आईएसको,0.9909634590148926,0.9650742411613464,1.2869786024093628
धर्मशास्त्रका,1.0449541807174683,1.383655309677124,1.2512670755386353
महेशविक्रम,1.3206413984298706,1.5931248664855957,1.2784647941589355
राइफलमा,0.9942665696144104,1.1533602476119995,0.8564386367797852
स्पोटर्स,1.058565616607666,1.1668918132781982,1.2426705360412598
सञ्‍चालक,1.280777931213379,0.8339042067527771,1.334531545639038
यमप्रसाद,1.4558368921279907,0.9110641479492188,0.8212933540344238
रुद्रायणी,1.1226208209991455,1.2658967971801758,0.8987730741500854
मिथिलेश,1.2167776823043823,1.405979037284851,0.9988733530044556
मुक्तिनारायण,1.313078761100769,1.2088826894760132,0.8092375993728638
कर्मचार्यले,1.1140999794006348,0.8727006316184998,1.137750506401062
डेयरडेभिल्सले,0.9316220283508301,1.3636139631271362,0.9776790142059326
खटिनुभएका,0.8776444792747498,0.9214352965354919,1.244519829750061
पूर्वकोषाध्यक्ष,0.8982926607131958,1.1118730306625366,1.2218186855316162
सुवाललाई,0.9331693053245544,1.3190186023712158,1.1078622341156006
nदाहाल,1.04634690284729,0.9054574966430664,1.0621446371078491
स्टोरी’,1.1013526916503906,0.9322466254234314,0.9933756589889526
छेत्री,0.903971254825592,1.07221257686615,1.096619725227356
प्रणामी,1.0723909139633179,1.1121162176132202,0.8610870242118835
३ः,1.0809141397476196,1.0692731142044067,1.4115387201309204
साउदका,1.2674238681793213,0.8528463244438171,0.8932731747627258
एटम,1.417449712753296,1.0154767036437988,0.9959897398948669
रामनगरस्थित,0.8500910401344299,1.1878740787506104,0.8677638173103333
स्वतन्त्रताविरोधी,0.9314503073692322,1.1063157320022583,1.3441543579101562
क्लिफ,1.0482381582260132,0.9928253889083862,1.4883146286010742
सर्वदा,0.9234189987182617,0.8781882524490356,0.8117427229881287
अश्लेषा,1.3051586151123047,0.9327499866485596,1.0569732189178467
माओवादीनिकट,1.1662580966949463,0.8320873379707336,1.0821051597595215
प्रज्ञान,1.3683634996414185,1.2114211320877075,1.0697475671768188
एस्ट्रोनोमिकल,1.0039031505584717,1.0824567079544067,1.1806137561798096
बीओपीको,0.9208312034606934,1.0689401626586914,1.0281113386154175
इन्फ्रा,0.87031489610672,1.070634126663208,1.146074652671814
कमिस्नर,0.8642962574958801,1.2547836303710938,1.4037789106369019
बिओपीमा,0.9194005727767944,1.3686000108718872,1.0429413318634033
तहसिल,0.9543752670288086,0.9034636616706848,1.2897814512252808
तेमालमा,1.0962939262390137,1.4856292009353638,1.0049241781234741
विजयादशमीदेखि,1.161057949066162,1.2939659357070923,1.063767433166504
मन्सुरीले,1.1997090578079224,1.065555214881897,1.2913445234298706
रुमका,0.9829959869384766,1.053210735321045,0.8096722364425659
बैरागीलाई,1.0593681335449219,0.9903157353401184,0.8621171712875366
बजेउप्रान्त,1.4067720174789429,1.1635005474090576,0.9521257281303406
लैला,0.9720304608345032,0.9652222990989685,0.8228487968444824
बेभरेज,0.8701210618019104,0.9419299960136414,1.1603420972824097
४ः,1.1037063598632812,1.274457573890686,1.3882670402526855
इश्वरीप्रसाद,1.0374457836151123,1.2838112115859985,1.1240862607955933
‘हाउ,0.8865841031074524,1.2037558555603027,0.8023763298988342
गौरस्थित,0.9527381062507629,1.4083362817764282,0.9252354502677917
समाती,0.9438148140907288,1.1722153425216675,0.8479188084602356
तौलने,1.1148320436477661,1.3112801313400269,1.0690045356750488
रवीन्द्रमान,0.9958379864692688,0.8101725578308105,0.9825964570045471
वनदेवी,1.3069179058074951,1.0755045413970947,1.2119746208190918
सोसिडाडको,0.8577637672424316,0.9234319925308228,0.9258143305778503
नीतिश,1.236701250076294,1.3979359865188599,1.0509876012802124
यु’,1.1329562664031982,1.3239322900772095,1.26457679271698
अनक,0.9611167907714844,1.0958476066589355,1.0617284774780273
अनुसा,1.175118088722229,1.1090548038482666,0.9301280379295349
फोनसमेत,0.8336209058761597,0.9302625060081482,0.9408641457557678
बहुउद्देश्य,1.053885817527771,1.1297527551651,0.9716882109642029
जवराले,1.0240126848220825,1.2372294664382935,0.9381644129753113
नाइस,1.3341196775436401,0.8230341076850891,0.9307470321655273
संघभित्र,0.913600504398346,0.9056763648986816,0.9598850607872009
‘विवेकशील,1.160192608833313,1.130069613456726,1.2348614931106567
आन्दोलनरत्,0.9508519172668457,0.979981541633606,0.9643128514289856
भत्काइदिएका,1.0534573793411255,1.093482494354248,0.890152633190155
कालीका,1.1445156335830688,1.2533321380615234,0.8777751922607422
बाईपास,0.9041393995285034,1.1110841035842896,0.9004220366477966
अरिफ,1.1121774911880493,0.8979458808898926,0.9423024654388428
नक्सालका,1.0260851383209229,0.9982436895370483,0.9274194240570068
राष्ट्राध्यक्षले,0.8261789679527283,0.8777679800987244,0.904583752155304
स्याम,0.9284642934799194,1.043136477470398,1.2935237884521484
अमृतसर,1.1694860458374023,0.8575456142425537,0.8220027089118958
पोखरेलबीच,1.005172848701477,1.1807879209518433,0.9292715787887573
भ्लग,1.1773525476455688,0.9417782425880432,0.8780284523963928
सिंहविरुद्ध,0.9053108096122742,1.1491012573242188,0.8713274002075195
‘नइ,0.9828206896781921,0.9279925227165222,1.3604215383529663
नगराईन,0.9952358603477478,1.230599284172058,1.2392966747283936
बोधगया,0.8717959523200989,1.380428433418274,1.0179576873779297
down,1.1352463960647583,0.9467641115188599,1.0526317358016968
फोटोः,0.8444668054580688,0.9029666781425476,0.8939233422279358
बैजु,0.8812099695205688,1.0528501272201538,0.8286085724830627
अस्पताललगायतका,0.8266826868057251,0.8984320163726807,1.3769240379333496
फोक्सिङटार,0.8321592807769775,0.9895197153091431,0.9274485111236572
बाउन्सको,1.1883848905563354,1.3415184020996094,1.1928573846817017
कोइरालाद्वारा,0.9882975220680237,1.4003019332885742,1.027377963066101
प्राध्यापनरत,1.5263036489486694,1.05023992061615,0.8598710894584656
ईश्वरबाबु,0.8549631834030151,1.038635015487671,1.141660451889038
कार्यालयस्थित,0.8283424377441406,1.0485360622406006,1.1504442691802979
रातोमाटे,1.5114679336547852,1.384360909461975,1.5349726676940918
अलकायदाका,1.0874011516571045,1.0572986602783203,1.033361554145813
जिफन्टका,1.3341310024261475,1.3750513792037964,1.3196009397506714
महासचिवबाट,0.8146094679832458,1.1273311376571655,0.8745201826095581
खरानि,1.2193363904953003,1.088478446006775,1.1574457883834839
डिटेक्टर,1.1130224466323853,1.174275279045105,1.1171038150787354
‘इन्टरनेसनल,0.9117189645767212,1.0626980066299438,0.8661059141159058
आङसाङ,0.8260566592216492,1.1029781103134155,0.975179135799408
पोष्टलाई,1.061842441558838,0.9841372966766357,1.0218660831451416
रम्पुरा,1.132517695426941,1.6516695022583008,1.1911547183990479
वारियर,0.9259305000305176,0.8011423945426941,0.87213534116745
मुग्लिनको,1.1467132568359375,1.2179635763168335,1.2426644563674927
नटराजन,0.9618721008300781,1.1766811609268188,0.8989872336387634
नेमप्लेट,0.8074091672897339,0.952065646648407,1.0658750534057617
सवारीधनीलाई,0.814744234085083,0.8133493065834045,1.0972247123718262
कन्जरभेसन,1.0748034715652466,1.1092376708984375,1.1936341524124146
दुर्गापुर,1.0160472393035889,1.1945173740386963,1.0463030338287354
‘दिल्ली,0.8928022384643555,0.984454870223999,1.3729771375656128
गान्सु,0.9080560803413391,0.8747374415397644,1.0343602895736694
प्रसाद’,0.9549512267112732,1.0099732875823975,0.8257268071174622
बिरुद्द,0.8881833553314209,1.3121349811553955,1.2340723276138306
इन्टरपोलमार्फत,1.0106463432312012,1.0518527030944824,1.0477378368377686
धर्नालाई,0.9185065627098083,1.3767582178115845,1.3086354732513428
बलु,1.2442841529846191,1.1678392887115479,1.298011302947998
गाम,0.957318902015686,1.114599585533142,1.0705240964889526
विश्वकीर्तिमान,1.1784641742706299,1.0069817304611206,0.8639588356018066
‘धन्यवाद,0.8339678049087524,0.9978815913200378,0.8499822616577148
सूर्यविक्रम,1.2597564458847046,1.1997326612472534,1.3368980884552002
इन्भेष्टर्स,0.9389990568161011,1.0336756706237793,1.1688671112060547
एफआइआर,0.9067119359970093,1.072106957435608,1.2625257968902588
पिडारी,0.9831776022911072,1.2586308717727661,1.09080970287323
९८४१४७९७०७,0.8718178868293762,0.984872043132782,1.2633659839630127
एट्लान्टिक,1.028402328491211,1.0044505596160889,1.2978955507278442
मानवजातिले,0.9626112580299377,1.2174934148788452,1.220091700553894
स्टेटस,1.0783475637435913,1.2684557437896729,0.8864209651947021
राजीवकुमार,1.0299222469329834,0.874510645866394,0.9305067658424377
धर्मपरिवर्तन,1.0287654399871826,0.9439070224761963,0.8138789534568787
जिलोङ,1.470664381980896,1.028228998184204,1.1448887586593628
भीनपा,0.9096503853797913,1.0166935920715332,1.0584475994110107
शिलापत्रले,1.024975299835205,1.1967265605926514,0.9563809633255005
प्रविधितर्फ,0.9931229948997498,1.5140260457992554,1.185936689376831
बान्द्रा,0.9471405148506165,0.8972065448760986,0.9279211163520813
कोर्डिनेटर,1.366370439529419,1.2330809831619263,1.2116198539733887
गजनी,1.0683982372283936,0.9935880899429321,0.8142865300178528
जागेश्वरी,1.1318079233169556,1.103958249092102,1.1602165699005127
प्रदिपराज,0.8664852380752563,1.1871607303619385,1.320115089416504
म्यागेजिनको,0.9581217765808105,1.0290557146072388,0.9777374863624573
वंशगोपाल,1.0005342960357666,0.8493766784667969,1.1542452573776245
कुन्द्राको,0.8693832159042358,0.8302162885665894,0.8302949666976929
women,0.8380374908447266,0.9775477051734924,0.9435746073722839
उपमहानगरपालिकास्थित,1.3532116413116455,0.9400904178619385,1.0645785331726074
केडी,0.9159672260284424,1.205486536026001,0.9607657194137573
विस्तारविरुद्ध,1.262992024421692,1.189048409461975,1.0319907665252686
एलिश,0.9272183179855347,0.8497089743614197,0.8305420875549316
प्रभातफेरीमा,1.1416020393371582,1.3679758310317993,0.9028445482254028
बिन्दू,1.208726167678833,1.3752273321151733,0.9833838939666748
उदयशम्शेर,0.8443904519081116,0.848300576210022,1.1153870820999146
नरेशबाबु,1.0004074573516846,0.9918524026870728,1.1038790941238403
अनेरास्ववियुमा,0.8880708813667297,0.9104341268539429,1.1257312297821045
सालकोट,0.9837400317192078,1.3687337636947632,0.8211968541145325
शाहविरुद्ध,1.0816411972045898,1.1977415084838867,0.8459404706954956
सतीशकुमार,1.417844533920288,0.9941011667251587,1.6385619640350342
थिन्ले,1.3541849851608276,0.9858862161636353,0.9069468975067139
पकाहामैनपुर,1.0012558698654175,1.0332831144332886,0.8711196184158325
एटीसी,0.853316068649292,1.0492583513259888,0.815790593624115
गयराति,0.8243073225021362,0.9040656089782715,0.8395698070526123
एक्सप्लोर,1.0802559852600098,0.8657914400100708,1.358595848083496
गठनकै,0.9237551689147949,1.1676324605941772,1.2578853368759155
नवरत्न,1.2356390953063965,1.360729455947876,1.1059935092926025
प्रसार्इंले,0.9240700602531433,0.9833969473838806,1.1383816003799438
मेट्रोपोलिटन,1.1146557331085205,1.1725317239761353,0.986115574836731
कार्कीद्वारा,0.9154943823814392,1.084450364112854,1.1223223209381104
क्राइमको,0.9106119871139526,0.983767569065094,1.4353095293045044
निस्कोट,1.1280958652496338,1.077773928642273,0.8719176054000854
सिन्डिकेटलाई,0.8780794143676758,1.1596252918243408,0.9731522798538208
टीन,1.088973879814148,1.4495638608932495,1.0167032480239868
एसोसिएन,0.942041277885437,0.8370946645736694,0.8830386400222778
रौटेलाले,1.0759018659591675,0.9034335613250732,1.0580253601074219
शिवभक्त,0.9554440975189209,1.270171880722046,1.5389257669448853
कन्डमको,1.259047031402588,1.3772419691085815,0.8605102300643921
सांघाइ,1.2982652187347412,1.0828782320022583,0.9162543416023254
आईएसआईएस,0.8330811858177185,0.9529997706413269,1.3049280643463135
तिथिलाई,1.1299906969070435,1.3249988555908203,1.2224498987197876
सूर्यविनायकका,0.9425449371337891,0.8244331479072571,1.049652099609375
सईको,0.8792198896408081,0.894517719745636,0.9237968325614929
परासर,1.220517635345459,1.2186808586120605,1.3824682235717773
संतोष,1.3965098857879639,1.1060436964035034,1.387305736541748
‘सेफ्टी,0.9773810505867004,1.147508144378662,0.8841691613197327
जनसेवामा,0.8223036527633667,1.2804932594299316,0.9042699933052063
मुहूर्तको,1.3332619667053223,1.0639392137527466,0.8084789514541626
असाम,0.941405713558197,1.1126608848571777,0.972281277179718
आउटका,0.9855629801750183,1.1033226251602173,1.2211447954177856
मञ्जिवसिंह,0.8023866415023804,0.9770723581314087,1.0886304378509521
अनेरास्ववियुबाट,0.9971972107887268,0.9694836735725403,0.8435181379318237
क्याम,0.8734517097473145,1.0693835020065308,1.0527596473693848
ग्वाल्लेक,1.2131458520889282,1.52878737449646,0.9926745295524597
परिधावी,1.2037338018417358,0.8162723183631897,0.8120627403259277
कौशिक,1.161812424659729,1.3439022302627563,1.4706684350967407
खसान,1.122304916381836,0.9357054233551025,1.0611903667449951
nको,1.0029034614562988,1.234321117401123,0.8088032007217407
पूर्वअध्यक्षहरू,1.0436171293258667,0.865824818611145,1.3295025825500488
फ्रेण्डसिप,1.0440081357955933,0.9496402144432068,0.8303124904632568
पार्वतीकुण्ड,1.316333532333374,0.9499707818031311,1.2036707401275635
सघाउनका,1.2111610174179077,0.9915618300437927,1.0338467359542847
सविनाले,0.8961294293403625,0.9427445530891418,0.9458804130554199
‘क्यास’,0.9032137989997864,0.8022658228874207,1.2025060653686523
getElementsByTagName,0.9224929809570312,0.8437147736549377,0.9115766882896423
कन्सर्नका,0.8490029573440552,1.1719911098480225,0.9753721356391907
रिगल,1.0459519624710083,0.9287351369857788,1.2545607089996338
सम्मानपत्रले,1.123813271522522,1.0155926942825317,1.0104138851165771
गहतराजलाई,1.1350812911987305,0.8467134237289429,0.8051692843437195
पाल्पालाई,0.946460485458374,0.9767958521842957,1.0492169857025146
citizens,0.9542387127876282,0.9690394997596741,1.039682388305664
अमृतप्रसाद,0.8024781346321106,1.0477962493896484,1.0285276174545288
गोस्वामीलाई,0.9850950837135315,1.1218059062957764,1.0413414239883423
मास्टरिङ,0.8841792345046997,1.045967936515808,1.0816118717193604
आफूसमक्ष,0.9769856333732605,1.3441911935806274,0.8444328308105469
एमएडब्ल्यू,0.9864805340766907,1.4359596967697144,1.2128466367721558
एकाउन्न,0.9489843249320984,0.9645689725875854,0.8882239460945129
जाधवले,1.515567660331726,1.1441267728805542,1.500871181488037
डार्फरमा,1.2428604364395142,1.2614104747772217,1.07909095287323
डेभलपमेन्टका,0.8093027472496033,1.356378436088562,1.3321666717529297
महाचैत्य,0.9856042265892029,1.0137327909469604,0.8467879891395569
२०१३’,1.0262272357940674,0.9231907725334167,0.9208771586418152
एग्रीकल्चर,0.8253140449523926,0.8655268549919128,1.135906457901001
कमलदेव,0.8989622592926025,0.8194810152053833,1.0181819200515747
महावाणिज्यदूतावास,1.1649471521377563,1.095070481300354,0.812418520450592
राणाबीच,1.101776361465454,0.8296020030975342,1.0112115144729614
‘थर्ड,0.9045132398605347,1.0994179248809814,1.0871011018753052
‘शहीद,1.4372860193252563,1.3826112747192383,0.9715116620063782
रुपेन्देही,0.9265824556350708,1.2529144287109375,0.9878427386283875
पायस,0.8135605454444885,0.9239810705184937,0.9250925183296204
देविस्थान,0.9413175582885742,0.8124200105667114,1.1447423696517944
पावरलाई,0.912537693977356,1.1305047273635864,1.4582993984222412
प्रोपराइटर,1.470549464225769,0.9235644936561584,1.5450047254562378
प्वाईन्ट,1.0286539793014526,1.2773728370666504,1.1858612298965454
कर्पोरेशनबाट,0.8987997770309448,1.4394818544387817,1.2103357315063477
कुशाग्र,1.0415613651275635,1.2261440753936768,0.8288332223892212
पठाओका,0.8831912875175476,0.9766659140586853,1.2013156414031982
पृथ्बी,1.1640796661376953,1.0667134523391724,1.371964454650879
चिल्ड्रेनका,1.0587544441223145,1.1069477796554565,1.2488046884536743
बुल्दी,0.8434244990348816,1.2537124156951904,1.094810962677002
सावन,1.3012654781341553,1.0477982759475708,0.900355875492096
सिफारिसप्रति,0.8298919796943665,1.0905393362045288,1.1174142360687256
अच्युतम,1.0541828870773315,0.9751734733581543,0.8498661518096924
गोखलेले,1.2383638620376587,1.4097343683242798,0.8609739542007446
यूएईस्थित,1.3047913312911987,1.0145570039749146,1.0147851705551147
Affairs,1.2771939039230347,1.040792465209961,1.192667007446289
एकलौटीरुपमा,1.0524101257324219,1.233660101890564,1.400780439376831
रकुल,1.4212239980697632,0.8658112287521362,1.1651166677474976
‘योग,1.031448245048523,0.8302777409553528,1.022249698638916
कार्टुन्ज,1.130743384361267,1.3733408451080322,0.8242852687835693
चुमेकी,1.0183794498443604,1.2230427265167236,0.8278487920761108
nमहाशाखाका,0.9230868816375732,1.285886287689209,1.5571480989456177
देय्,1.0255934000015259,0.9200112223625183,1.3434675931930542
दोभानस्थित,1.3675298690795898,1.1943790912628174,0.9259077310562134
ब्रह्माजीले,0.9658237099647522,1.402656078338623,1.2695621252059937
हेटमायरले,1.3326672315597534,1.1896260976791382,0.8791458010673523
कन्ट्रोल’,1.1476577520370483,0.9761120676994324,0.9590694308280945
चतराबाट,1.3045107126235962,0.9625495672225952,1.0526869297027588
डीके,1.1491645574569702,1.0097038745880127,0.8217419981956482
‘जबर्जस्ती,1.2391718626022339,1.0844346284866333,0.9721304178237915
अयुव,0.9987038969993591,0.875302255153656,1.529144048690796
डिएस्पी,1.1397292613983154,0.9227297306060791,0.8639197945594788
डेप्युटी,1.0173234939575195,1.0123015642166138,1.1829317808151245
लुकायो,1.003097653388977,0.9889029264450073,0.9414505362510681
सक्रियतासँगै,1.0379095077514648,1.2681968212127686,1.2338186502456665
पार्टीसम्बद्ध,1.0842984914779663,1.1173142194747925,1.1552798748016357
प्रहरीसंग,1.0464303493499756,1.0859209299087524,0.8970472812652588
‘संक्रमणबाट,1.4793928861618042,0.9451339244842529,1.0591548681259155
इन्स्टिट्युट,1.0983296632766724,1.215000033378601,0.9768635630607605
कनेक्सनको,1.2765793800354004,1.0540608167648315,1.3408552408218384
कसजूले,1.0851943492889404,0.9262937307357788,0.9132683277130127
भारुसहित,1.1673884391784668,0.8551038503646851,1.2384060621261597
भासिएकाले,1.36174476146698,1.0981239080429077,1.345388650894165
मड्रिडमाथि,0.828262448310852,1.5618497133255005,1.0914305448532104
मधेस’,0.8148120045661926,1.3425315618515015,1.087632417678833
असेला,1.1992038488388062,1.2015429735183716,1.0038483142852783
कल्प,1.004530429840088,0.8661601543426514,0.947817325592041
गोरक्ष,0.8160595893859863,1.136064052581787,1.033738613128662
भारत’,0.9779883027076721,1.270855188369751,0.9266919493675232
वेल्फेयर,0.8552731871604919,1.0101845264434814,0.9826080799102783
लिपिलाई,1.2727528810501099,1.2594367265701294,1.0715974569320679
सहनलाल,1.0249909162521362,1.0266259908676147,1.129625916481018
कोईलाडी,1.310123324394226,1.3138588666915894,1.293529987335205
प्रशिक्षार्थीहरुलाई,0.9715067744255066,1.3352020978927612,1.193245530128479
मैत्रीको,0.9218276143074036,1.1246994733810425,0.9282289147377014
अफका,0.8553451895713806,1.0705164670944214,0.9508030414581299
आईसीपीको,1.1123331785202026,1.2559913396835327,0.984998881816864
परिषदद्वारा,0.9331430196762085,1.2106760740280151,1.3152519464492798
बेटिसको,0.8258767127990723,1.206921100616455,1.1707751750946045
भेन्चरले,1.0621718168258667,1.0529531240463257,1.1343343257904053
मिडियाटेक,0.9723996520042419,0.8413934707641602,1.1090604066848755
अलाभेस,1.0797444581985474,1.1633461713790894,0.8613472580909729
कुदु,1.2697560787200928,0.857623279094696,1.0823506116867065
विश्वविजयलाल,0.8792681694030762,0.9326815605163574,1.125665545463562
शुक्लालाई,1.2503056526184082,1.3667070865631104,1.0857559442520142
लक्ष्मिनिया,0.8301148414611816,1.2424349784851074,1.226172685623169
सिमापार,1.1450170278549194,0.8955903649330139,0.9863840937614441
आतंकबादी,1.2691597938537598,0.9230118989944458,1.046580195426941
हतियारसहितको,0.818824052810669,1.461437702178955,1.006801962852478
रिलेसनमा,0.9391739964485168,1.1096510887145996,0.8047949075698853
पक्षधरबीच,1.4617456197738647,0.8144637942314148,1.2869502305984497
समीरमान,1.098442554473877,0.9922212958335876,0.9228311777114868
भीएस,0.8142669796943665,0.9909444451332092,0.8191164135932922
अथर्व,1.0059340000152588,1.1060456037521362,1.1085457801818848
अनुसान्धान,0.8893546462059021,1.014360785484314,0.8950119614601135
क्याल्शियम,0.9971559047698975,0.9091970324516296,1.0666948556900024
गाहामगर,0.8519178032875061,0.9319005012512207,1.215855598449707
दशेरा,0.8036590218544006,0.8586220145225525,0.9753720164299011
हेण्ड,1.4895532131195068,1.2011723518371582,1.1052173376083374
इनमा,0.8587403893470764,1.1249926090240479,0.9726678133010864
एक्यापका,1.2511292695999146,0.8652503490447998,0.9624531865119934
तमुले,0.9260912537574768,0.8774122595787048,0.9491162896156311
पिपुलमा,0.8995039463043213,0.8396771550178528,0.8850304484367371
पूर्ववरिष्ठ,0.8265589475631714,0.8311036825180054,1.2298080921173096
पञ्चमीलाई,1.1933740377426147,0.8611888289451599,1.0331764221191406
भिजिटमा,0.9482082724571228,0.8449074625968933,1.3693655729293823
Council,1.2025773525238037,1.1658992767333984,1.062487006187439
कल्याणले,0.8694471716880798,1.0088449716567993,1.0219367742538452
नदिले,1.2086727619171143,1.2147375345230103,1.341820478439331
लागायतका,1.1992160081863403,0.8067303895950317,0.9459758400917053
इन्चार्जबाट,1.193569540977478,0.9699388146400452,1.1770401000976562
खोक्लिङ,1.2554543018341064,1.26027512550354,1.1156225204467773
जमिम,0.889098584651947,1.3688348531723022,0.9209349155426025
प्रेमशंकर,0.9644239544868469,1.2354604005813599,0.8298555612564087
शुक्रबारकै,0.8204614520072937,1.3743367195129395,0.8846539855003357
सिंगारेर,1.0101150274276733,1.1101329326629639,1.1378817558288574
प्रकाशभक्त,1.0414620637893677,0.822174072265625,0.9847927093505859
भीमनगर,0.8210614919662476,1.1357595920562744,0.8652175664901733
अनुग्रह,1.1602756977081299,0.9243241548538208,1.4345992803573608
एसिया’,0.9461885690689087,0.9186131954193115,0.8200547099113464
चिवा,1.009717583656311,1.1434600353240967,0.832305908203125
मातृभूमिका,0.8441851735115051,0.8352387547492981,1.1396398544311523
सेलेनियम,1.0851895809173584,1.1909675598144531,0.8815780878067017
हेडका,1.0057209730148315,1.2969629764556885,1.1177021265029907
बड्की,1.3211650848388672,0.8780107498168945,1.029908299446106
रामायणकालीन,1.0716742277145386,1.1235240697860718,0.8720055818557739
सेनाकाे,0.9611034393310547,1.0242112874984741,0.9141042828559875
nविधेयकको,1.1218150854110718,1.2863603830337524,0.8736894726753235
पूर्णिमासम्मको,0.8285407423973083,1.4553061723709106,0.8092746138572693
पोलार्डको,0.9378453493118286,1.220839500427246,1.0259407758712769
च्यालेन्जको,1.1983437538146973,1.0381278991699219,1.0188175439834595
माजिद,0.9509650468826294,1.3654072284698486,1.158549189567566
रिलेशन,0.9003391265869141,0.9083778858184814,1.06610906124115
लुधियाना,0.8434070944786072,1.1575942039489746,1.0786248445510864
धीरेन्द्रकुमार,1.0538220405578613,1.3910645246505737,0.9525774121284485
संस्थापकहरुले,1.0028419494628906,0.8392837643623352,1.0917760133743286
सिलिन्डरसहित,0.9659883975982666,0.8575745820999146,1.001159429550171
हिरोज,0.8477815389633179,0.9142704010009766,0.8414375185966492
‘मि,1.2245267629623413,0.8320538401603699,0.8659345507621765
मठिया,1.0967196226119995,1.5696444511413574,1.3919497728347778
सोसाइटी’,1.0423399209976196,0.9113695621490479,0.9863892793655396
इञ्चार्जसमेत,0.8926047086715698,1.1628979444503784,1.2509530782699585
गड्तौला,0.8367348313331604,0.8541848659515381,1.035834550857544
दैवज्ञ,1.2127660512924194,1.4707098007202148,1.2536742687225342
आइएम,1.0150798559188843,1.205100417137146,0.9971564412117004
नवील,0.9788439869880676,1.2348042726516724,0.9008556008338928
राजाविरुद्ध,0.813564658164978,0.9568995237350464,0.8495065569877625
साहीले,1.3497130870819092,1.2818286418914795,0.8242276906967163
गुल्मलाई,1.3154165744781494,0.9941885471343994,1.0980526208877563
डेभिल्सले,1.2268797159194946,1.1724767684936523,1.1842879056930542
प्रदेशः,0.8683589696884155,1.1676124334335327,0.8520779013633728
बम’,0.8886569738388062,0.9232396483421326,1.186008334159851
बिच्किएको,0.9953033328056335,0.9062683582305908,1.1844063997268677
१८४७,1.3398330211639404,1.0755895376205444,0.9115490317344666
त्रिपक्षिय,1.101036787033081,1.2310177087783813,1.0565284490585327
आइडीमा,0.8824778199195862,1.3769786357879639,1.1343941688537598
लेखनवृत्ति,0.8196425437927246,0.9863097667694092,0.8894479870796204
संग्रहालयभित्र,0.8799171447753906,0.8027833700180054,0.9679544568061829
स्ट्राइकिङ,1.0806134939193726,1.4438719749450684,0.8813172578811646
nदिल्ली,1.021872878074646,1.3587408065795898,0.8122053742408752
सुब्बाकुना,1.1860731840133667,1.517545461654663,0.9546290040016174
अटोमोबाइल्सका,0.8477503061294556,1.370652437210083,1.0261305570602417
कडायतलाई,0.8073254823684692,1.0492441654205322,1.1575442552566528
कांग्रेससंग,0.968902051448822,1.0347458124160767,1.006221890449524
घोरासैनीले,1.2072304487228394,0.8296561241149902,1.1201733350753784
लोडमा,0.9242863655090332,1.0248308181762695,0.9806925654411316
डाँडास्थित,1.047847867012024,1.3292694091796875,0.8655485510826111
तायिप,1.0454217195510864,1.315563440322876,0.8022273182868958
पाटिलले,1.083422303199768,1.6174530982971191,0.8174163699150085
मोदी’,1.2420144081115723,1.0523380041122437,1.2240567207336426
हवल्दारद्वय,1.1758252382278442,1.0007145404815674,1.2172900438308716
कामतलाई,0.8450800180435181,1.1203597784042358,0.8040969967842102
फर्टिलिटी,0.8239743709564209,0.9118241667747498,1.0682826042175293
‘थर्मल,1.11396324634552,0.895600438117981,1.3725181818008423
इचोक,0.9054002165794373,0.9026222229003906,0.99007248878479
एफसीमा,1.1390377283096313,0.8435906767845154,1.115217924118042
कमर्समा,1.4351458549499512,1.409531593322754,1.5909996032714844
क्रुले,1.2261433601379395,0.811890721321106,0.8625267744064331
खगेनकोट,1.2546958923339844,1.1482423543930054,1.2586216926574707
नपुगि,0.8347190022468567,0.8628034591674805,0.8761494159698486
फुलचोकी,0.8183984756469727,0.8246409296989441,0.9079408049583435
शबाब,0.9740052819252014,1.0637052059173584,1.527227520942688
महाभारा,1.0611006021499634,1.2078673839569092,0.9837434887886047
मेरोलगानी,0.876634955406189,1.022296667098999,0.8971179723739624
रामजानकीको,1.0258121490478516,0.9834205508232117,1.4878215789794922
सेक्युरिटीले,0.8072542548179626,0.8092753291130066,0.9853883385658264
डायमण्डलाई,0.9033152461051941,1.0832998752593994,0.9005250930786133
रवीश,0.9836993217468262,1.1811662912368774,1.0541906356811523
त्यहीक्रममा,0.9380109906196594,1.1520906686782837,1.0693153142929077
मुकुन्देश्वरी,0.8364561796188354,1.1369301080703735,0.9948616027832031
‘अघोषित,0.8631674647331238,1.1403526067733765,0.8166755437850952
अभिलेखीकरणका,0.9171590209007263,0.8981348276138306,1.2910573482513428
ताहाचलको,1.3052408695220947,1.4013123512268066,0.8302028179168701
नदेखाएर,0.844895601272583,1.0186041593551636,0.9700186252593994
भट्टरार्इ,0.8777119517326355,0.9187024235725403,1.199454426765442
भोटाहिटीबाट,1.100085973739624,1.176220417022705,1.3766881227493286
यान्छीबीच,1.0992709398269653,0.9558873176574707,1.226455807685852
रोहण,1.2477037906646729,0.8664865493774414,1.159934639930725
अधिवक्ताहरूलाई,0.9397380352020264,1.1346532106399536,0.9725379347801208
खड्कासहितको,0.8052855134010315,0.8984931111335754,0.8243926763534546
भट्टद्वारा,1.226240634918213,1.1557326316833496,0.9006600975990295
हेगस्थित,1.036692500114441,1.071193814277649,1.0397381782531738
toll,1.1415367126464844,0.9914934635162354,0.929531991481781
दीपेन्द्रराज,0.8466211557388306,0.8263315558433533,1.1198862791061401
कलेक्टिभ,1.0611385107040405,1.3332080841064453,1.3848388195037842
नपुर्याएको,1.171585202217102,1.0028085708618164,1.0388238430023193
प्रोड्युसर्स,0.9884305596351624,0.9008212089538574,0.9019763469696045
फाउण्डर,0.8269630074501038,0.9716832041740417,1.291839838027954
‘हु,1.022816777229309,0.9809107184410095,1.2128084897994995
तखार,0.8217824697494507,1.3183645009994507,0.8019407391548157
निष्पक्षतालाई,1.092827558517456,1.1427141427993774,0.8510259389877319
एसजी,0.8011569976806641,1.4136812686920166,1.10853111743927
गश्ती,0.8187463879585266,1.0146822929382324,0.9128383994102478
जाफरले,1.308282732963562,0.8318579196929932,1.3249136209487915
ढुंगाड,1.2114384174346924,0.8148612976074219,1.2016698122024536
ब्रान्चले,1.0852446556091309,1.507601261138916,1.5345426797866821
भाइरोलोजी,0.8762473464012146,1.2624775171279907,1.038494348526001
शेट्टीका,1.1226646900177002,1.212262749671936,1.1510698795318604
टिल,0.8996371030807495,1.2191226482391357,1.2078604698181152
तातोपानीसम्म,1.0839563608169556,0.898212194442749,1.0419321060180664
मार्केटिंग,1.0733791589736938,1.3329576253890991,1.473288893699646
धनिष्ठा,1.3128215074539185,1.2974557876586914,1.0129791498184204
बुँदाबारे,0.8285107016563416,1.0340609550476074,1.1707394123077393
इमिरेट,1.1242218017578125,0.9242485165596008,1.1197794675827026
हालिसकेपछि,1.2207461595535278,0.9941717982292175,1.2325283288955688
देखो,0.9884560108184814,0.9581629037857056,0.9006537199020386
पेट्रोलिम,0.814079761505127,1.1646822690963745,0.9697238206863403
बनियाँले,1.225050449371338,0.9423066973686218,0.9056616425514221
भट्टराईलगायतको,0.8165197372436523,1.2847706079483032,0.8856880068778992
‘क्लस्टर’,0.8217199444770813,1.4226268529891968,1.1237541437149048
खनालबाट,0.9646164178848267,1.1754035949707031,1.312733769416809
धर्मसभा,0.9799810647964478,1.0239500999450684,1.0323911905288696
बलरहरू,0.9893051981925964,1.1385533809661865,0.884204089641571
सवइञ्जिनीयर,1.0321084260940552,1.2122821807861328,1.3012301921844482
सुवेदीद्वारा,0.8705455660820007,1.0663533210754395,0.9957336187362671
सेक्युरिटीमा,0.8981819748878479,0.8512551188468933,0.937032163143158
x000D,1.4298357963562012,1.3226691484451294,1.2441407442092896
अनुरागीको,1.0548160076141357,0.9987900257110596,0.8601442575454712
गिटारमा,0.9348099827766418,0.9046610593795776,1.0912220478057861
मानकृष्ण,0.8570070862770081,1.1857024431228638,0.8494676947593689
मीट,0.9129716157913208,0.8898563385009766,1.093448519706726
सोनेलाल,1.0054783821105957,1.0423310995101929,1.2341934442520142
हिस्टोरिकल,0.8511728644371033,1.1858139038085938,0.9922338724136353
‘आचारसंहिता,0.800898015499115,0.9174396991729736,0.875811755657196
एक्सपर्टले,0.9668808579444885,1.362512230873108,1.3877348899841309
एनई,1.0109525918960571,1.0120952129364014,1.0088176727294922
कात्तिकपछि,0.8479775190353394,0.8664605617523193,0.9339390993118286
मात्रैमा,1.199344515800476,0.8266323804855347,1.212784767150879
कष्टम,1.0695866346359253,1.0788365602493286,1.3242363929748535
जमुनाहबाट,1.1844173669815063,1.3846441507339478,1.2771170139312744
जर्सीलाई,0.9336366653442383,1.067565679550171,0.9777389168739319
मानवअधिकारसँग,0.8053866028785706,0.9609383344650269,1.1618750095367432
रहिमलाई,1.1720898151397705,0.8652988076210022,1.1206177473068237
सोनपुर,0.9715893268585205,1.032571792602539,0.8702641129493713
सोसाईटीका,0.910704493522644,1.0437382459640503,0.9653962850570679
हायरिङ,0.9238347411155701,1.272808313369751,0.8010551929473877
टर्चको,0.8428812026977539,1.4181647300720215,1.282544732093811
दहाडै,1.0739879608154297,1.535612940788269,0.8415918350219727
मोर्चाद्वारा,0.8242243528366089,1.313057780265808,0.8789780735969543
रिताकुमारी,1.3243987560272217,1.1484144926071167,0.8330254554748535
वाईपी,1.2199443578720093,1.055179238319397,0.9668133854866028
इञ्जिनियर्स,1.1372209787368774,0.9879544377326965,1.4205735921859741
ईजी,0.8319202661514282,0.963473916053772,1.0564525127410889
एडुफेयर,1.5434093475341797,1.2740073204040527,1.5353896617889404
ओडारीले,0.9620428681373596,0.8158481121063232,0.9413378238677979
प्रशान्तविक्रम,1.2041276693344116,0.9008676409721375,1.0887036323547363
विष्टद्वारा,1.1174932718276978,0.9858831763267517,1.0336496829986572
‘शिव,1.3130671977996826,1.2793034315109253,1.1634080410003662
अकादमी,0.8239468932151794,1.0999747514724731,1.013353943824768
आइसियुका,0.8069379925727844,1.1250171661376953,0.8120284080505371
पिग,0.9245924949645996,0.9508867263793945,1.1945747137069702
रुपैयाँसहितको,1.159013271331787,1.1328401565551758,0.9717345237731934
लाइफलाई,1.435154676437378,1.2681657075881958,1.3061264753341675
वाग्द्वार,1.0290559530258179,0.9455543756484985,0.934935450553894
हार्डवेयरले,1.2468191385269165,1.1768485307693481,1.5377756357192993
Hon,1.093652606010437,0.9766843914985657,1.0533900260925293
ओमनस्थित,1.0242303609848022,0.9854385256767273,0.9208429455757141
खापुङलाई,1.0397952795028687,0.9379057288169861,1.0690300464630127
डिपोजिटको,1.0049360990524292,1.6346824169158936,0.9443761706352234
पक्षः,1.0835187435150146,0.8893380761146545,1.1368129253387451
रविकिरण,0.8262351751327515,0.9186789393424988,1.0340158939361572
रिलायन्सको,0.8487076163291931,1.2146378755569458,1.2080591917037964
देशस्य,1.0609540939331055,0.8232861161231995,1.0912396907806396
प्रभारी,1.1682888269424438,1.2862578630447388,1.4699326753616333
महामारी’को,0.8695449233055115,0.8994861245155334,0.8821620941162109
रेलमार्गसँग,0.8115522265434265,0.8386325240135193,1.1005975008010864
आतंकी,1.0684539079666138,0.8899474740028381,0.9765494465827942
एसाेसिएसन,1.1424939632415771,1.274336338043213,0.983065664768219
गराईयो,1.1427183151245117,1.0983198881149292,0.8470555543899536
परीले,0.8544981479644775,0.8673673868179321,1.2210901975631714
सहअध्यक्षमा,0.8149195313453674,0.8671706914901733,0.8982189893722534
nजल,0.8720583319664001,1.0220835208892822,1.0646839141845703
वर्क्स,1.0747617483139038,1.1374825239181519,1.1566458940505981
‘एभरेस्ट,1.3194609880447388,0.9590309858322144,0.8511940836906433
‘सनातन,1.1920666694641113,1.0635013580322266,0.9011789560317993
काउण्टरहरु,0.8207284212112427,0.8492885231971741,1.0110185146331787
चौरजहारीबाट,0.9663875102996826,1.2955108880996704,1.2027465105056763
ज्योतिर्लिङ्ग,1.3904311656951904,1.2177194356918335,0.9680508375167847
टावरहरुमा,0.8636804819107056,1.1082918643951416,1.1530426740646362
ललितपुरकाे,0.8535722494125366,1.191846489906311,1.4553096294403076
अर्गल,1.1828693151474,1.1021369695663452,1.3849689960479736
बायोमेटि्रक,0.9382115006446838,0.9914252758026123,1.1435388326644897
मरिश्का,1.3905400037765503,1.4425976276397705,1.0036077499389648
रघुनन्दन,1.0324195623397827,0.8524072170257568,0.8358145952224731
रावतहुम्ला,1.034731149673462,1.0674936771392822,1.0643396377563477
आजकोनागरिक,1.0384498834609985,1.0837193727493286,1.202931523323059
इनेबल,0.9771903157234192,0.8961331844329834,1.1619300842285156
एचटी,0.9983363151550293,0.9946516752243042,0.9994677305221558
ओपन’,0.8062551021575928,0.9496180415153503,0.9854944348335266
पड्ताल,1.2488574981689453,0.8554467558860779,1.376020908355713
पाटीसम्म,0.8423665165901184,1.0961543321609497,1.0645952224731445
वरूण,1.1202741861343384,0.9706549644470215,0.8994122743606567
विरोधपत्रमा,1.2058411836624146,1.5199713706970215,1.3632614612579346
एम्पियरको,0.8186975717544556,0.8954404592514038,0.8826030492782593
चुचुरे,1.0895968675613403,1.1631420850753784,1.255604863166809
नरवाणेले,0.9280766844749451,1.2992600202560425,1.3210521936416626
साङ्सी,1.0912004709243774,0.9437235593795776,1.1125887632369995
PradeepgyawaliK,0.9567078351974487,0.9116798639297485,0.9016501307487488
काउन्सलर,0.8364495038986206,1.4002494812011719,0.956456184387207
गौरीप्रसाद,0.9295483827590942,0.8874585628509521,0.82172691822052
टीएन,1.6130585670471191,0.8398805260658264,1.035529375076294
टुटाएर,0.8141631484031677,1.3012187480926514,1.1637645959854126
इञ्जिनीयरिङको,0.9262114763259888,1.2696551084518433,1.154990553855896
एचटिसी,1.3340588808059692,1.1518317461013794,1.2260383367538452
क्राइममा,1.3375277519226074,1.158576488494873,0.9597975611686707
क्लोजेस्ट,0.8414729237556458,1.0868374109268188,1.036113977432251
तुँदी,1.448992133140564,1.4103432893753052,0.9150672554969788
रजवारा,0.9361696839332581,0.8151088953018188,0.9655030965805054
रुन्टिगढी,1.5023387670516968,1.0921484231948853,0.8479145765304565
लाइभले,1.0493243932724,1.0132495164871216,0.9489935040473938
शार्कीले,0.9440546035766602,0.972345232963562,1.190099835395813
केन्दित,0.9387403726577759,1.2110763788223267,1.0202484130859375
टुरिजमका,0.9393773674964905,1.0694208145141602,1.230353593826294
बोनमा,0.980279803276062,0.8265588879585266,1.0072516202926636
लजबाट,0.8578968644142151,1.1718883514404297,0.9237405061721802
विन्ध्यावासिनी,1.2902411222457886,1.277500033378601,1.0206376314163208
‘हेट,1.1352587938308716,0.8805227875709534,0.8559935092926025
nअनुसन्धानमा,0.8265975117683411,1.0337355136871338,0.8292088508605957
residence,0.844386875629425,0.8384624123573303,0.9804018139839172
ओलीपक्षले,0.9900616407394409,0.9373220801353455,1.061000108718872
बा६च,1.1062201261520386,1.6058180332183838,1.5077078342437744
महेशबहादुर,1.400603175163269,0.9833599328994751,1.2384140491485596
माइग्राम्स,1.074642539024353,1.2144848108291626,1.229790210723877
मुगावेले,0.8119069933891296,1.0408611297607422,1.1278005838394165
साराअली,0.9304103851318359,0.9730406999588013,1.130828857421875
हकदैया,1.3150569200515747,1.378615140914917,0.9716130495071411
अर्थक्वेक,1.109971046447754,0.9657011032104492,0.8503867983818054
इस्लामावादको,1.0178478956222534,1.1659327745437622,0.8584455847740173
कार्यदलभित्र,1.1841391324996948,0.8824905753135681,0.8578798770904541
प्लेट’,1.2807782888412476,0.9442352056503296,1.0973862409591675
यतामात्रै,0.9037531018257141,1.2251518964767456,0.8670312166213989
रातोमाटेमा,1.3545769453048706,1.376544713973999,0.8592008352279663
समादेशक,0.9901948571205139,1.4668166637420654,1.1072232723236084
सुरेन्द्रवीर,1.24046790599823,1.2799949645996094,1.4485429525375366
हेक्वा,0.9768025875091553,1.0579837560653687,1.107099175453186
आइडीको,1.166492223739624,0.8863296508789062,0.8329693078994751
उपरीक्षकबाट,0.8823843002319336,1.057200312614441,1.0478605031967163
एशोशिएसन,1.163358449935913,1.0677099227905273,1.1055653095245361
कंशाकार,1.354903221130371,1.3533403873443604,1.0897291898727417
गणपती,0.949711263179779,0.9556987881660461,0.8893060684204102
ड्राइभिङको,0.9397621154785156,0.8227536082267761,0.8311827778816223
तुल्सीपुरका,1.1070077419281006,0.9221736788749695,0.9331677556037903
प्रज,1.365722894668579,0.8401549458503723,0.8249999284744263
फ्लावरका,1.3538501262664795,0.8114272952079773,0.8075587749481201
शिलापत्रका,1.128391146659851,0.8109422326087952,1.1669169664382935
नीरजकुमार,1.3351407051086426,1.039398193359375,1.3948253393173218
नीलेश,0.9076312780380249,0.9110558032989502,0.9704200625419617
बाह्रगाउँ,0.834378719329834,1.2202084064483643,1.5635002851486206
मनिपुर,0.8272413015365601,0.8846819996833801,1.1311534643173218
हनुमानध्वज,1.1280523538589478,1.5273725986480713,1.4289778470993042
‘निरोगी,0.8473807573318481,1.1653101444244385,1.3278532028198242
‘पत्रकारको,1.1733514070510864,1.3144376277923584,1.4299982786178589
इजलासमाथि,0.9276452660560608,1.0684177875518799,1.1256511211395264
गराएकोे,1.0706740617752075,1.321731448173523,1.050938606262207
भेन्चर्स,1.3505973815917969,1.5613030195236206,1.1650670766830444
स्माइली,0.8621104955673218,1.115359902381897,1.0852035284042358
११३६,1.556516408920288,1.7106796503067017,1.2255675792694092
discharges,0.8756466507911682,0.9308711886405945,1.1422888040542603
पट्टेल,0.9670940041542053,1.0435055494308472,0.807879626750946
बङ्गलादेशकी,1.1083420515060425,1.4827935695648193,0.8285934329032898
रेन’,1.140495777130127,0.962565004825592,1.0596131086349487
रेलाई,0.8798609972000122,1.3326056003570557,1.20806086063385
वेईले,1.2291508913040161,1.3068373203277588,1.3162906169891357
श्रीकोटमा,1.0910394191741943,0.9772143959999084,1.021724820137024
nमदन,1.3329386711120605,0.8059637546539307,1.0448310375213623
चेम्वरका,1.1876895427703857,0.9231854677200317,1.1078763008117676
जनशक्तिसहितको,0.9323088526725769,1.4444172382354736,1.620448350906372
सवुज,0.825567364692688,0.9133086800575256,0.8351572751998901
‘बंगलादेश,0.8089464902877808,0.8439915180206299,1.2187416553497314
खोजीएको,0.8521909117698669,0.8438622951507568,0.9598320126533508
चौरजहारीस्थित,0.8584085702896118,0.825187087059021,0.8842937350273132
जितामित्र,0.8604251742362976,0.9441668391227722,1.0109045505523682
पिएलए,0.9145365953445435,1.3124538660049438,1.309866189956665
बिदेशमन्त्री,0.8056022524833679,1.017012357711792,1.0276460647583008
वेत्रावतीमा,0.896393895149231,0.9200062155723572,0.9363537430763245
साम्ब,1.1888071298599243,1.0756481885910034,0.8193345665931702
उपमहागरपालिका,0.8301663398742676,0.8928858637809753,1.0967164039611816
दिपायललाई,1.0220065116882324,1.2556405067443848,0.97571861743927
माेबाइल,1.037393569946289,1.2855641841888428,1.360137701034546
सिन्ह्वासँग,1.3854011297225952,1.1556545495986938,1.3740527629852295
ईन्जिनियर्स,1.0097134113311768,1.3931242227554321,1.1372381448745728
कमार,1.3480873107910156,1.1874579191207886,0.8130873441696167
डाइटिसियन,0.9002933502197266,1.3012632131576538,1.281700849533081
निजहरू,0.9860164523124695,1.0847079753875732,0.8006566762924194
निर्देशको,0.8160112500190735,1.123246669769287,1.1232365369796753
पद्मसम्भवले,0.8897671103477478,1.018739104270935,0.944430410861969
रिसाललाई,0.8648512363433838,1.4670913219451904,1.079639196395874
स्टेटसँग,0.8784230947494507,1.037449836730957,0.990632176399231
स्वरोजगारलाई,1.0365647077560425,1.161793828010559,1.2289904356002808
‘निर्णायक,0.8014470934867859,1.1671650409698486,1.1839572191238403
ट्रसको,1.2691351175308228,0.8220002055168152,1.0532962083816528
प्रजिता,1.0303955078125,1.2018580436706543,0.8847628235816956
प्रशिक्षकः,1.182853102684021,0.9152284264564514,1.1845839023590088
भईनेछ,1.6447490453720093,1.3829106092453003,0.8813880085945129
अनुरागलाई,1.2383592128753662,1.3840270042419434,1.5421977043151855
जलविज्ञ,0.8362181782722473,1.2143772840499878,1.2165528535842896
वाचिङ,0.8706713318824768,1.463253378868103,1.1815848350524902
६मा,0.9855532050132751,1.3708527088165283,0.9710996150970459
sent,0.9845021963119507,0.8097886443138123,1.044692039489746
गड्डाचौकीदेखि,1.0321762561798096,0.9233409762382507,0.8873472213745117
नापतौलका,1.005115032196045,0.9297302961349487,0.948487401008606
शृजना,1.1013263463974,0.9389059543609619,1.0836584568023682
सुसिल,0.8857331275939941,1.2757554054260254,0.9840288758277893
हरीश,1.4398447275161743,0.8026912212371826,1.2637972831726074
एलडी,1.0116820335388184,1.0847229957580566,1.2499468326568604
घैँटे,0.8653327226638794,1.1001240015029907,0.9848532676696777
ट्रेडका,1.1407521963119507,1.7267673015594482,1.538846731185913
धनुषाद्वारा,0.8507657647132874,1.1314867734909058,0.8823547959327698
बलिपूजा,0.9183331727981567,1.1818164587020874,1.021716594696045
वुद्धिजिवी,1.07989501953125,0.985251247882843,0.922382652759552
अमलेखगञ्जदेखि,1.0185023546218872,0.8226963877677917,1.0537327527999878
आतिश,0.964165210723877,1.1227840185165405,1.3235516548156738
खाडीचौरदेखि,1.4896926879882812,0.9593402147293091,1.1738938093185425
जियाङ्सु,0.916485071182251,1.1299891471862793,0.8115707039833069
पेमेन्ट्स,0.9211384057998657,1.2183713912963867,1.2588366270065308
रिद्धिमान,1.2108713388442993,1.0228586196899414,1.1151933670043945
जमुनाहका,0.9202102422714233,0.8615530729293823,1.1191104650497437
दिइएकी,1.1380012035369873,1.2894123792648315,0.9051701426506042
पोखरले,1.2890664339065552,1.02932870388031,1.0762372016906738
ब्याकबोन,0.8715142607688904,0.9359212517738342,1.230896234512329
सिंले,1.0040725469589233,1.2406519651412964,1.4328975677490234
१०१८,0.8863446712493896,0.9819940328598022,1.0163840055465698
टुर्सका,1.087918758392334,1.0090631246566772,1.2671756744384766
ध्यानदिन,0.955865204334259,1.031510353088379,1.3837789297103882
भगवत,1.0531134605407715,1.2613506317138672,0.9096242785453796
भण्डारीलगायतको,0.8098378777503967,0.8850125670433044,1.233733057975769
लायन्सलाई,0.8499568104743958,0.8625107407569885,0.870099663734436
लिङ्कका,0.9345265030860901,1.3273701667785645,1.3751654624938965
आयोगकाअनुसार,1.0527386665344238,1.2221417427062988,0.897192120552063
न्यौपानेविरुद्ध,1.2135697603225708,1.1545158624649048,1.2346830368041992
पन्तुरा,0.8726970553398132,1.1025002002716064,1.1188937425613403
प्रतिकृति,1.4149082899093628,1.3783080577850342,0.8968142867088318
प्रिन्सीपल,1.3326493501663208,1.1146481037139893,0.8006202578544617
शाहीविरुद्धको,0.8250322937965393,1.1005945205688477,1.3543331623077393
ईज,0.8939857482910156,0.898955762386322,1.3069130182266235
ट्रेजरका,1.0310556888580322,0.9423581957817078,1.2218828201293945
पोखरेलविरुद्धको,0.9874886870384216,1.0954241752624512,0.8054560422897339
योङलाई,0.9962539672851562,0.9890879988670349,0.9089436531066895
हरिसिद्धिका,0.9252911806106567,1.068918228149414,0.9272451400756836
अलकायदासँग,0.9557779431343079,1.2213294506072998,1.0238178968429565
एसियाटिक,0.8643204569816589,1.15874183177948,1.0702577829360962
कम्यूनिकेशन,1.125887155532837,1.1669306755065918,1.5747898817062378
ठाकुरमाथि,1.1182464361190796,1.4273262023925781,0.9545955657958984
बङ्लादेशको,1.4202654361724854,1.5198787450790405,1.16852605342865
भेन्चरका,1.1832222938537598,1.3806196451187134,1.1479599475860596
मर्मततर्फ,1.1246358156204224,0.8172841668128967,0.8304228782653809
वोर्णबहादुर,0.807501494884491,0.8045840859413147,0.8710678815841675
सहरजिस्ट्रार,0.9296758770942688,0.8107795715332031,1.1238162517547607
साइराम,0.9389236569404602,1.1468125581741333,0.8678475022315979
१५मा,0.9667423963546753,0.9612293839454651,1.0377122163772583
कुँवेर,1.4061087369918823,0.8703004717826843,1.411298394203186
गरेे,0.8937082290649414,0.9801833033561707,0.9658063650131226
छायादेवी,0.9936943650245667,1.400519609451294,1.096178650856018
छोमरोङ,1.2693006992340088,0.8482098579406738,1.083461046218872
ज्ञानकुञ्ज,0.9574317336082458,0.9054675698280334,0.9114291667938232
धर्मशालालाई,0.9004887938499451,0.9448621273040771,1.3077542781829834
पि्रन्सिपल,1.023094892501831,0.8176100254058838,1.2037935256958008
पुर्याएबापत,1.0336883068084717,1.0090733766555786,1.3057242631912231
सुकीदह,0.9154308438301086,1.184159517288208,1.1881037950515747
सुचिता,1.0901859998703003,1.0253146886825562,0.8528622388839722
‘सुबिसु,1.3022559881210327,1.2231860160827637,1.147111177444458
ईश्वरमा,0.8261862397193909,0.9958344101905823,0.973274290561676
करणीअन्तर्गत,1.0169320106506348,1.0298596620559692,0.9180499911308289
चापागाईलाई,1.0912420749664307,1.0021928548812866,0.9412010312080383
फ्याक्सन,0.8462043404579163,0.9055779576301575,1.3875242471694946
बब्बर,1.0210471153259277,1.1479731798171997,0.8884757161140442
ब्रह्मदेवका,1.3386213779449463,1.0185792446136475,0.9004560708999634
रामबजारबाट,1.0013988018035889,1.2373216152191162,1.3486605882644653
राशिसहितको,1.077646255493164,0.9630669951438904,1.1557326316833496
सुदी,0.8296311497688293,1.311396837234497,1.0455260276794434
nआन्दोलनरत,1.1411668062210083,1.5524251461029053,0.9467133283615112
