किशोर,0.30912667512893677,0.3344903588294983
किशोरी,0.3037135601043701,0.32773688435554504
युवती,0.2640273869037628,0.20347225666046143
बालिका,0.24658094346523285,0.25018802285194397
उमेरका,0.24622780084609985,0.1822395920753479
जवान,0.24609094858169556,0.32923585176467896
उमेर,0.24317626655101776,0.17309683561325073
युवा,0.24155449867248535,0.21750707924365997
बालक,0.23936906456947327,0.20720477402210236
किशोरीको,0.23905998468399048,0.24239112436771393
युवक,0.22780448198318481,0.19133372604846954
किशोरीहरु,0.22146479785442352,0.20884454250335693
किशोरीलाई,0.21679845452308655,0.22674031555652618
वर्षीय,0.21565240621566772,0.18480829894542694
वर्षकी,0.21379175782203674,0.18708644807338715
१८,0.21373692154884338,0.17147105932235718
बालबालिका,0.21223439276218414,0.19062891602516174
उमेरमा,0.20819446444511414,0.15869568288326263
किशोरावस्था,0.20816394686698914,0.3292072117328644
युवतीहरु,0.20691123604774475,0.13742555677890778
अध्ययनरत,0.20682498812675476,0.16846442222595215
वर्षीया,0.20520997047424316,0.21413125097751617
विद्यार्थी,0.20483475923538208,0.17519961297512054
स्कुले,0.20422771573066711,0.13210755586624146
केटा,0.20340901613235474,0.11013594269752502
युवतीको,0.20235152542591095,0.1620747298002243
अविवाहित,0.20050349831581116,0.14998911321163177
किशोरीहरू,0.19915376603603363,0.20043058693408966
ती,0.1988561898469925,0.1484137624502182
बलात्कार,0.19801829755306244,0.19595587253570557
किशोरीले,0.1979038119316101,0.21185435354709625
युवतीलाई,0.1972011774778366,0.186240553855896
महिला,0.19700013101100922,0.19925878942012787
केटी,0.19691146910190582,0.13274486362934113
१७,0.19672919809818268,0.16636855900287628
वर्षमुनिका,0.1965930312871933,0.16410310566425323
विवाह,0.19657398760318756,0.1580551713705063
कुमार,0.19612841308116913,0.22341889142990112
१६,0.19542774558067322,0.16050861775875092
किशोरीका,0.1948925405740738,0.15608732402324677
कृष्ण,0.19454602897167206,0.17914676666259766
बालिकाको,0.1943674087524414,0.21328026056289673
तरुण,0.19424274563789368,0.33240798115730286
प्रेम,0.19271017611026764,0.15844112634658813
समूहका,0.19243474304676056,0.14486467838287354
प्रहरीका,0.19241173565387726,0.21284057199954987
प्रहरी,0.19238251447677612,0.2280101329088211
मुनिका,0.1918898969888687,0.1521364003419876
वर्ष,0.19181804358959198,0.13295599818229675
बलात्कृत,0.19145676493644714,0.2174845039844513
१४,0.19144581258296967,0.16422496736049652
उमेरमै,0.19023935496807098,0.1482039988040924
सिंह,0.18994028866291046,0.19892190396785736
जना,0.18983009457588196,0.17344948649406433
विक,0.18971097469329834,0.1657913327217102
वर्षिय,0.18904459476470947,0.1424601972103119
युवतीहरू,0.1887725293636322,0.14139536023139954
बालिकालाई,0.1879519373178482,0.18810515105724335
वर्षका,0.18733453750610352,0.17497199773788452
उमेरको,0.18570303916931152,0.12936384975910187
कन्या,0.18565848469734192,0.3340209126472473
आमा,0.18524499237537384,0.1907433271408081
सानै,0.18449440598487854,0.1440809965133667
१२,0.18446853756904602,0.15999524295330048
हुन्,0.18394334614276886,0.16133052110671997
केटीको,0.18390072882175446,0.11065209656953812
साथी,0.1831735223531723,0.14392763376235962
एउटी,0.18293823301792145,0.15684233605861664
१५,0.18293353915214539,0.15484315156936646
थापा,0.18274761736392975,0.19610103964805603
२१,0.1826774626970291,0.16195054352283478
महिलालाई,0.18257534503936768,0.1930888444185257
प्रहरीले,0.1825435906648636,0.184175506234169
बलात्कारमा,0.18239669501781464,0.16614973545074463
किशोरहरु,0.1823750138282776,0.3404730558395386
किशोरकिशोरी,0.18225157260894775,0.15826690196990967
बस्नेत,0.18137754499912262,0.16243691742420197
पक्राउ,0.18091431260108948,0.17201998829841614
दुर्गा,0.17927351593971252,0.13731452822685242
विवाहित,0.17912106215953827,0.15734173357486725
अर्जुन,0.17909637093544006,0.19306284189224243
बर्षीय,0.17900586128234863,0.15440471470355988
किशोरले,0.17893251776695251,0.14209914207458496
रहेका,0.1786031424999237,0.17003482580184937
उमेरदेखि,0.17846795916557312,0.11832059919834137
२२,0.17801527678966522,0.16214247047901154
हवल्दार,0.1775590181350708,0.24017374217510223
निरीक्षक,0.1775279939174652,0.21681149303913116
किशोरीहरूको,0.17750687897205353,0.18531864881515503
गाउँकै,0.1773068755865097,0.15805025398731232
साउद,0.17726947367191315,0.15295518934726715
संलग्न,0.17713724076747894,0.15654881298542023
भएकी,0.1770222932100296,0.20277787744998932
गर्भवती,0.1769949048757553,0.19275401532649994
युवाको,0.176804780960083,0.1635756492614746
बलात्कारको,0.17641422152519226,0.1632862687110901
परेका,0.17624668776988983,0.16722434759140015
यौन,0.1760057806968689,0.15974700450897217
वर्षभन्दा,0.1754721850156784,0.1173345297574997
वर्षसम्मका,0.17527702450752258,0.1511215716600418
तन्नेरी,0.17509886622428894,0.08326119929552078
बालकको,0.17474041879177094,0.19095896184444427
किशोरको,0.17451079189777374,0.146583691239357
थिइन्,0.1745089292526245,0.1775648295879364
१३,0.17449438571929932,0.16598595678806305
एकजना,0.17433632910251617,0.16864661872386932
२०,0.1739414930343628,0.14971578121185303
बाल,0.1737668216228485,0.17317897081375122
बिहे,0.17363786697387695,0.14802032709121704
यादव,0.17332720756530762,0.20495882630348206
बालबालिकालाई,0.17275239527225494,0.1462096869945526
भएका,0.172516867518425,0.18919363617897034
वर्षिया,0.1724252700805664,0.14871294796466827
अपहरण,0.17227815091609955,0.13968586921691895
छोरी,0.1719685047864914,0.19835138320922852
वयस्क,0.17189161479473114,0.12637382745742798
प्रहरीमा,0.17178285121917725,0.15444405376911163
महिलामा,0.17164961993694305,0.19198192656040192
हराएका,0.17152927815914154,0.12762592732906342
बेपत्ता,0.17149648070335388,0.1747913807630539
धामी,0.17106415331363678,0.18873298168182373
२८,0.17063066363334656,0.1448516547679901
छोरा,0.17044152319431305,0.19177517294883728
पढ्ने,0.170435830950737,0.15492334961891174
शिक्षक,0.17032398283481598,0.16651858389377594
सक्रिय,0.17005851864814758,0.1083253026008606
चन्द्र,0.17000603675842285,0.18865035474300385
बिक,0.16998587548732758,0.13020187616348267
किशोरलाई,0.16977374255657196,0.1556115746498108
।,0.16945387423038483,0.1403757929801941
मनोज,0.1693951040506363,0.19889944791793823
थिए,0.16933168470859528,0.16041125357151031
अल्लारे,0.16916736960411072,0.08347192406654358
निर्मला,0.1690371036529541,0.18351487815380096
२६,0.16899290680885315,0.1399203985929489
निवासी,0.16898339986801147,0.1471637338399887
बालकलाई,0.168866366147995,0.1701543629169464
१०,0.16880066692829132,0.1517089605331421
प्रौढ,0.1684722900390625,0.14984135329723358
मृत,0.16835778951644897,0.16292673349380493
११,0.16820788383483887,0.1552707999944687
कलिलो,0.16815131902694702,0.1529335081577301
केटाकेटी,0.1681382954120636,0.10551054030656815
राम,0.1678641140460968,0.17365841567516327
बालबालिकाको,0.16781345009803772,0.16392485797405243
बाबु,0.16779740154743195,0.16182918846607208
गणेश,0.16767877340316772,0.15767447650432587
युवतीले,0.16760261356830597,0.15303996205329895
प्रधान,0.16758553683757782,0.17346683144569397
छन्,0.167475625872612,0.17130649089813232
अर्थात्,0.16692329943180084,0.07855831831693649
देखि,0.1668471097946167,0.11699876189231873
हत्या,0.16673722863197327,0.17520684003829956
गते,0.1666867434978485,0.15283365547657013
युवायुवती,0.1666432023048401,0.11370536684989929
१९,0.1664704531431198,0.15695878863334656
महिलाको,0.16642418503761292,0.17246641218662262
पौडेल,0.16639237105846405,0.18193966150283813
बच्चा,0.1663200557231903,0.15605151653289795
युवकको,0.1660003960132599,0.12693628668785095
अमर,0.165568545460701,0.15644603967666626
फरार,0.16551972925662994,0.1547613888978958
युवाहरु,0.16549184918403625,0.1227174699306488
एक,0.16547714173793793,0.15069344639778137
महतो,0.16544926166534424,0.1909962296485901
जन्मिएका,0.16535250842571259,0.096158966422081
उमेरकी,0.1652829647064209,0.11239822953939438
बुवा,0.16525496542453766,0.15961438417434692
युवकलाई,0.16515769064426422,0.14566808938980103
साह,0.16490375995635986,0.19757385551929474
उपरीक्षक,0.16478101909160614,0.20091411471366882
महिलाहरु,0.1647234857082367,0.14849871397018433
अर्की,0.16467560827732086,0.1899108588695526
खड्का,0.16467337310314178,0.17746736109256744
बुबा,0.1644369512796402,0.15591250360012054
घटनामा,0.1637725532054901,0.1688230186700821
उनी,0.16364657878875732,0.1608332246541977
उनीहरु,0.16359934210777283,0.1427222043275833
केटाले,0.16358418762683868,0.10161399841308594
बर्ष,0.16317886114120483,0.0990867093205452
श्रेष्ठ,0.16300463676452637,0.20090457797050476
कार्की,0.16288413107395172,0.1779176890850067
करणी,0.16284985840320587,0.12285014241933823
बालबालिकाहरु,0.16257712244987488,0.16059905290603638
असई,0.16225270926952362,0.20367023348808289
भर्खरका,0.16191555559635162,0.09554926306009293
सुरज,0.16190797090530396,0.1718216985464096
शिव,0.16187581419944763,0.14176085591316223
साउन,0.1618686467409134,0.13679294288158417
उमेरले,0.16185913980007172,0.11747746914625168
घाइते,0.16183775663375854,0.1921929270029068
विद्यालय,0.16160258650779724,0.15247048437595367
२३,0.16134756803512573,0.1440081149339676
दिलीप,0.16110265254974365,0.1817154735326767
का,0.1610979437828064,0.1629001498222351
,,0.16109240055084229,0.12164411693811417
३०,0.161089688539505,0.13776518404483795
युवाले,0.16092854738235474,0.1424732655286789
भनिने,0.16092349588871002,0.11335670202970505
अभिभावकले,0.16089317202568054,0.13362450897693634
जबरजस्ती,0.16081251204013824,0.1261412650346756
२९,0.16071048378944397,0.13355103135108948
पीडित,0.1606966108083725,0.19336892664432526
नेपाल,0.16067880392074585,0.16358529031276703
बर्षिय,0.1606648713350296,0.13789650797843933
महिलाले,0.1602560132741928,0.17246758937835693
बालबालिकाहरू,0.1600683182477951,0.1687830239534378
पुरूष,0.16001169383525848,0.11505299061536789
६,0.15977801382541656,0.1738504320383072
युवाहरू,0.1597529947757721,0.11913738399744034
यी,0.1596621572971344,0.13158106803894043
परियार,0.15963660180568695,0.16211484372615814
९,0.1594998985528946,0.15845972299575806
विवेक,0.15949580073356628,0.18227612972259521
२७,0.15920202434062958,0.14478909969329834
बालविवाह,0.15894387662410736,0.15794290602207184
',0.15879809856414795,0.1216164380311966
जब,0.1587158739566803,0.12278938293457031
विद्यालयमा,0.15863284468650818,0.15358707308769226
कलिला,0.1586070954799652,0.12998564541339874
हत्यामा,0.15859520435333252,0.14441834390163422
नवराज,0.1584610939025879,0.18361350893974304
विश्वकर्मा,0.15840037167072296,0.13234880566596985
महिलामध्ये,0.15838003158569336,0.12507572770118713
गएका,0.15831318497657776,0.167008638381958
नपुग्दै,0.15825559198856354,0.13887962698936462
अपहरणमा,0.15805894136428833,0.14845997095108032
क्षेत्री,0.15804995596408844,0.14355188608169556
बालिकाहरु,0.15797069668769836,0.16879862546920776
बहादुर,0.15793980658054352,0.17862476408481598
४०,0.15769675374031067,0.149934321641922
सुजन,0.157626673579216,0.17434179782867432
छँदा,0.15755335986614227,0.08473888784646988
फेला,0.15754693746566772,0.14687348902225494
वर्षको,0.15750674903392792,0.13150908052921295
दृष्टिविहीन,0.1574534773826599,0.13621480762958527
लभ,0.1574452519416809,0.05284342169761658
महेश,0.15731467306613922,0.18947800993919373
सई,0.1572580188512802,0.19872191548347473
युवतीहरुले,0.15724967420101166,0.11755578964948654
२५,0.15721121430397034,0.14926883578300476
अर्का,0.1570238471031189,0.187311589717865
छात्रा,0.15696978569030762,0.17098717391490936
माघ,0.15695980191230774,0.12855491042137146
पुरुष,0.15695734322071075,0.1296297013759613
जय,0.15680180490016937,0.12436065077781677
गत,0.15675145387649536,0.14925789833068848
पढ्दै,0.15662012994289398,0.13199594616889954
पाको,0.1565176397562027,0.0692567527294159
परेकी,0.15634334087371826,0.17883208394050598
प्रेमी,0.15632003545761108,0.1299789696931839
सुनार,0.1561584323644638,0.15479782223701477
रमेश,0.15596912801265717,0.21553294360637665
वृद्ध,0.15588240325450897,0.15698078274726868
हुनेमा,0.15583771467208862,0.13381844758987427
यु,0.15581117570400238,0.10591273754835129
युवकले,0.15580935776233673,0.16408459842205048
बर्षीया,0.15558797121047974,0.16777659952640533
अपरिचित,0.1555713564157486,0.10934565961360931
पुस,0.1553032547235489,0.1187056303024292
आमाहरु,0.15510821342468262,0.1533840447664261
की,0.15503542125225067,0.16683340072631836
अभिभावक,0.15487347543239594,0.1570405811071396
समूहले,0.15478259325027466,0.1512804478406906
केसी,0.15476758778095245,0.16600316762924194
३२,0.15471453964710236,0.13267768919467926
केटीले,0.15469683706760406,0.09702504426240921
छिन्,0.15461568534374237,0.17111694812774658
रोशन,0.15459972620010376,0.19769097864627838
तामाङकञ्चनपुर,0.1544525921344757,0.18102402985095978
चौधरी,0.15443569421768188,0.19973088800907135
अवस्थामै,0.1542292982339859,0.11466774344444275
बुढा,0.15421488881111145,0.14211028814315796
कुटपिट,0.15390558540821075,0.16974006593227386
रहेकी,0.15387625992298126,0.1830882728099823
अवस्थामा,0.1538761854171753,0.17826609313488007
विनोद,0.15382786095142365,0.19552664458751678
राई,0.15374137461185455,0.1841251701116562
गरेका,0.15363569557666779,0.15264302492141724
युवतीका,0.15345680713653564,0.11850796639919281
गरेकी,0.15341685712337494,0.14126020669937134
सरस्वती,0.15337888896465302,0.16493037343025208
त्यस्तै,0.1532941311597824,0.1830490380525589
श्रीमान्,0.15326818823814392,0.14749427139759064
राजु,0.1532554179430008,0.209849014878273
पाका,0.15325051546096802,0.0766933336853981
शिक्षित,0.15305401384830475,0.13375712931156158
रहेको,0.15299753844738007,0.14882531762123108
पाँच,0.15298934280872345,0.17146490514278412
३५,0.15279778838157654,0.16411933302879333
चेपाङ,0.15273544192314148,0.11373164504766464
भदौ,0.15270082652568817,0.13502275943756104
हुनेहरुमा,0.15261518955230713,0.09242255985736847
उमेश,0.1526033580303192,0.20601005852222443
तिनै,0.1525382250547409,0.14712199568748474
८,0.15250493586063385,0.1536610722541809
७,0.1524108648300171,0.16609421372413635
आचार्य,0.15239447355270386,0.16358457505702972
पत्रकार,0.15228641033172607,0.192111998796463
समय,0.15228304266929626,0.12415853887796402
थापाले,0.15227265655994415,0.19636887311935425
४५,0.15213893353939056,0.13709427416324615
दुईजना,0.15210196375846863,0.17838087677955627
प्रहरीलाई,0.1520683914422989,0.16788515448570251
नन्द,0.15191005170345306,0.12794125080108643
महिलाहरू,0.1518649458885193,0.1513356864452362
आरोपित,0.1518414318561554,0.15155571699142456
मल्ल,0.15183806419372559,0.16053219139575958
नेपाली,0.1518366038799286,0.17793159186840057
देखिन्छन्,0.15180549025535583,0.10128883272409439
जो,0.15180006623268127,0.10527340322732925
भने,0.1517120897769928,0.15516743063926697
निर्दोष,0.15169556438922882,0.13790415227413177
उनलाई,0.15164773166179657,0.1667199581861496
साथीको,0.15164552628993988,0.14704710245132446
बलात्कारका,0.1515345722436905,0.15638910233974457
कार्यरत,0.15152686834335327,0.18910634517669678
फागुन,0.1513977348804474,0.12202063947916031
:,0.15134495496749878,0.13263241946697235
पक्षका,0.15131334960460663,0.12177111953496933
पुगेका,0.15124207735061646,0.16476096212863922
वर्षे,0.15123313665390015,0.1566379964351654
विवाहको,0.15119768679141998,0.14200237393379211
यू,0.15116380155086517,0.08746246248483658
अधबैंसे,0.15113939344882965,0.08887871354818344
गाउँका,0.15112708508968353,0.15141351521015167
दलित,0.1510961800813675,0.16341161727905273
६०,0.15106594562530518,0.13513454794883728
तीनजना,0.15087373554706573,0.16117887198925018
अन्दाजी,0.1508605182170868,0.129344642162323
विद्यालयका,0.15082499384880066,0.15116378664970398
हुन्छन्,0.1508096307516098,0.12585055828094482
व्यक्ति,0.15070253610610962,0.14552731812000275
श्रेष्ठलाई,0.15058057010173798,0.18741174042224884
शारीरिक,0.1505599021911621,0.18253622949123383
पुरुषहरु,0.15048502385616302,0.11949040740728378
सहभागी,0.15047073364257812,0.15329609811306
बालिकाले,0.15034309029579163,0.15925303101539612
आश्विन,0.1502080261707306,0.051171787083148956
घटना,0.15006200969219208,0.1552375853061676
गिरी,0.15003328025341034,0.18061316013336182
अधिकांश,0.15002615749835968,0.12255235016345978
ति,0.15000946819782257,0.10313737392425537
धेरैजसो,0.1499970704317093,0.107676200568676
उनीहरू,0.14996761083602905,0.13415774703025818
जबर्जस्ती,0.1499166041612625,0.11644451320171356
भाइ,0.14981518685817719,0.14749714732170105
आरोपी,0.14978648722171783,0.1523265391588211
समुदायका,0.14973098039627075,0.14544107019901276
देखिन्छ,0.14972689747810364,0.11467321217060089
किशोरावस्थामा,0.1497117280960083,0.17275354266166687
शाही,0.1496255099773407,0.16087143123149872
इलाका,0.1495700627565384,0.17474783957004547
तथा,0.14928816258907318,0.14799334108829498
पण्डित,0.1491968035697937,0.1298767626285553
बलात्कारपछि,0.14915844798088074,0.18939343094825745
जिल्ला,0.1490839719772339,0.20171630382537842
सिंहले,0.14903397858142853,0.20036998391151428
’,0.14900535345077515,0.1579294502735138
भइन्,0.1489986777305603,0.16706259548664093
गुरुङ,0.14893372356891632,0.14967264235019684
वर्षदेखि,0.1488923728466034,0.1480019986629486
पुरुषलाई,0.1488642692565918,0.15167734026908875
ठकुरी,0.14880123734474182,0.12151589244604111
छोरीको,0.14878006279468536,0.19050277769565582
५,0.14875341951847076,0.1610291749238968
मंसिर,0.14868837594985962,0.1302582025527954
केटाको,0.1486036479473114,0.08704265207052231
उज्ज्वल,0.14859320223331451,0.1255313605070114
समूहमा,0.1485578864812851,0.12309389561414719
सञ्जय,0.14851854741573334,0.17170540988445282
भण्डारी,0.14848877489566803,0.16178740561008453
आरोपमा,0.1484595090150833,0.17312274873256683
डिएसपी,0.148446187376976,0.18113680183887482
विकलाई,0.14838367700576782,0.13204710185527802
उनका,0.14838309586048126,0.17774419486522675
हो,0.14835487306118011,0.13203509151935577
पन्तको,0.1483505517244339,0.17101337015628815
बालिकाहरू,0.1481892168521881,0.1581391841173172
बृद्ध,0.1481509953737259,0.10288105905056
नेविसंघमा,0.1481199562549591,0.11440259963274002
असोज,0.14807462692260742,0.11845814436674118
समूहलाई,0.14799882471561432,0.11231648921966553
माविमा,0.14794237911701202,0.11706339567899704
पन्त,0.14784474670886993,0.17234881222248077
किशोरीसँग,0.14781059324741364,0.12590576708316803
वर्षअघि,0.14768770337104797,0.15463538467884064
किशोरीहरूलाई,0.1476539522409439,0.16295988857746124
देखिएका,0.14762525260448456,0.12273009121417999
गरेको,0.14761419594287872,0.154410257935524
माध्यमिक,0.14732743799686432,0.12863019108772278
विशेषगरी,0.1472875028848648,0.1150597631931305
संगठनमा,0.1472710222005844,0.1232769787311554
श्रीमती,0.14722833037376404,0.1864980161190033
युवालाई,0.14713561534881592,0.14494620263576508
यूवा,0.14698433876037598,0.10597041249275208
उजुरी,0.14695115387439728,0.13193613290786743
उनै,0.14690455794334412,0.14113765954971313
भुवन,0.1468750387430191,0.185796856880188
समूह,0.14686331152915955,0.10392650961875916
विजय,0.1467149406671524,0.1657717227935791
दिन,0.14665144681930542,0.14913998544216156
नै,0.14654408395290375,0.12961283326148987
दुई,0.14648236334323883,0.16695593297481537
स्कुल,0.14647074043750763,0.11903926730155945
शाह,0.1463819444179535,0.15876862406730652
रामचन्द्र,0.14636407792568207,0.18734678626060486
गर्दा,0.1463552564382553,0.15397164225578308
नारायण,0.1461106687784195,0.18286193907260895
चार,0.14602984488010406,0.17253108322620392
यो,0.14596067368984222,0.13716436922550201
मृत्यु,0.1458050012588501,0.16210044920444489
ठाकुर,0.14579381048679352,0.162004292011261
नजिक,0.14578650891780853,0.10306350886821747
दाइ,0.145770862698555,0.12787769734859467
भएको,0.14576704800128937,0.1450388878583908
अभियुक्त,0.14572952687740326,0.1633702516555786
निकट,0.14572684466838837,0.13493041694164276
महिना,0.14563263952732086,0.13236534595489502
हराएको,0.14560051262378693,0.11949311941862106
जसमा,0.14558419585227966,0.15440626442432404
सदस्य,0.1455756276845932,0.2039078325033188
वडा,0.1454361528158188,0.16908401250839233
किशोरीहरुलाई,0.14542630314826965,0.19345971941947937
कक्षामा,0.14529047906398773,0.14374691247940063
-,0.14523901045322418,0.1485217958688736
विवाहका,0.14523820579051971,0.1316610872745514
छोरीलाई,0.14522685110569,0.17142850160598755
वृद्धवृद्धा,0.14522215723991394,0.11893336474895477
२४,0.14519064128398895,0.14319851994514465
विद्यार्थीहरु,0.14516852796077728,0.12355655431747437
भट्टराई,0.14516060054302216,0.15194137394428253
प्रहरीको,0.14515353739261627,0.1950504183769226
पोथी,0.1450934261083603,0.07077903300523758
अहिलेका,0.145090252161026,0.1437550187110901
मानसिक,0.14503102004528046,0.1942613273859024
छात्र,0.14500774443149567,0.12627147138118744
राकेश,0.14498798549175262,0.16971924901008606
मगर,0.14492307603359222,0.15276889503002167
बढी,0.1449187844991684,0.13035765290260315
अजय,0.1447448432445526,0.14889490604400635
शैलेश,0.14474107325077057,0.14405788481235504
आज,0.14469414949417114,0.12750519812107086
तर,0.1446867734193802,0.14483940601348877
कक्षा,0.14461228251457214,0.15790556371212006
घिमिरे,0.1445271074771881,0.172437846660614
पटेल,0.14451414346694946,0.10011684894561768
न्यौपाने,0.14436867833137512,0.1713571697473526
मा,0.14436443150043488,0.13030003011226654
मृतक,0.14433696866035461,0.18202783167362213
मुस्कान,0.14431039988994598,0.12291089445352554
इन्स्पेक्टर,0.1442841738462448,0.1729583591222763
कात्तिक,0.14428363740444183,0.11806876957416534
वर्षकै,0.14425936341285706,0.07475986331701279
चालक,0.14421388506889343,0.1718253344297409
शिक्षिका,0.14414352178573608,0.149366095662117
उदय,0.1441182643175125,0.13006843626499176
प्रधानाध्यापक,0.14408421516418457,0.15740732848644257
वसन्त,0.14404332637786865,0.12010461091995239
पुरुषले,0.14397870004177094,0.1334337592124939
काठमाडौं,0.14397217333316803,0.15400119125843048
किशोरीमा,0.14395855367183685,0.17034530639648438
विष्णु,0.14393436908721924,0.1489483118057251
भेटिएका,0.1439242959022522,0.12983860075473785
बोहरा,0.14389117062091827,0.14471125602722168
महिलामाथि,0.1438750922679901,0.15125501155853271
यस्तै,0.14383810758590698,0.17944562435150146
–,0.14381253719329834,0.14995895326137543
संगठन,0.14380240440368652,0.17104235291481018
भए,0.14376987516880035,0.17047564685344696
कुँवर,0.14374978840351105,0.16386918723583221
हत्याको,0.14370891451835632,0.15766902267932892
भएकै,0.14364199340343475,0.11289720982313156
केटीलाई,0.1436196267604828,0.11351010948419571
सरोज,0.14356683194637299,0.18774031102657318
प्रायः,0.14340843260288239,0.09899099916219711
कञ्चनपुरकी,0.14338813722133636,0.15368427336215973
उक्त,0.14336328208446503,0.16117413341999054
चन्द,0.1433459222316742,0.1517898440361023
लिएर,0.14323517680168152,0.16959679126739502
क्रममा,0.14312325417995453,0.15781185030937195
मध्ये,0.1431034803390503,0.11455290019512177
तीमध्ये,0.14309430122375488,0.11501719802618027
शंकर,0.1430450826883316,0.14765460789203644
जनामध्ये,0.14299973845481873,0.12883754074573517
विकले,0.14298242330551147,0.1607464998960495
ढकाल,0.1429588347673416,0.18331117928028107
नायब,0.1428525596857071,0.19985179603099823
जन्मेका,0.14278550446033478,0.09375207871198654
प्रदीप,0.1427367627620697,0.19293074309825897
दिनअघि,0.14269329607486725,0.17558132112026215
३४,0.1426674723625183,0.12710197269916534
समुहका,0.14262999594211578,0.10511896014213562
अखिल,0.14261896908283234,0.15800949931144714
दिए,0.14261247217655182,0.18480448424816132
अभिभावकको,0.14257535338401794,0.12409529834985733
विष्ट,0.1425049751996994,0.16879849135875702
थापालाई,0.14249128103256226,0.1801624894142151
लामा,0.1424887776374817,0.16976779699325562
वरिष्ठ,0.14232470095157623,0.1888352781534195
वृद्धा,0.14216318726539612,0.1425504982471466
बि,0.1421387791633606,0.09106109291315079
युवतीहरुलाई,0.14196373522281647,0.1360514909029007
नामकी,0.14193996787071228,0.09750360250473022
४,0.14190196990966797,0.1708994209766388
रावल,0.14185208082199097,0.14339329302310944
भर्खर,0.14171792566776276,0.137070894241333
सविन,0.14170613884925842,0.1417722851037979
पुगेपछि,0.1415168046951294,0.12342657148838043
तीन,0.14149804413318634,0.1835373491048813
शुक्रबार,0.14142374694347382,0.15595418214797974
छात्राले,0.1414007544517517,0.12681391835212708
देखिएको,0.14137506484985352,0.14147858321666718
उनीहरुलाई,0.14136746525764465,0.1670350283384323
सन्तोष,0.14131706953048706,0.19771018624305725
बालबालिकामा,0.14130428433418274,0.16159659624099731
शम्भु,0.14128011465072632,0.16257956624031067
“,0.1412576287984848,0.13505339622497559
आफन्त,0.141225665807724,0.12490036338567734
गएकी,0.14120453596115112,0.17773528397083282
र,0.14120343327522278,0.15895704925060272
सुरेश,0.14113983511924744,0.18990272283554077
भनिएका,0.14113514125347137,0.14685750007629395
अनुसार,0.141106516122818,0.13545392453670502
म,0.14110590517520905,0.14701995253562927
हुन,0.14105680584907532,0.1657715141773224
सोही,0.1410534381866455,0.16964459419250488
मुनीका,0.14104434847831726,0.10805532336235046
भागेर,0.14095599949359894,0.13369157910346985
अझै,0.1409161388874054,0.13983428478240967
महेन्द्र,0.14091050624847412,0.163145512342453
बालबालिकामध्ये,0.1409071832895279,0.13699917495250702
पुरुषको,0.14085404574871063,0.12096057087182999
आफू,0.14080794155597687,0.16477231681346893
बेचबिखत,0.1407337337732315,0.1061023473739624
ने,0.14070755243301392,0.1132984310388565
सशस्त्र,0.14062756299972534,0.1768837720155716
गएको,0.14062711596488953,0.1651466339826584
पक्ष,0.14060772955417633,0.08156068623065948
दुर्व्यवहार,0.1405111849308014,0.15085850656032562
अर्थात,0.14047886431217194,0.07893995940685272
deeplink,0.14047661423683167,0.09363245964050293
बर्षिया,0.14045622944831848,0.13519151508808136
हुनुहुन्छ,0.1404307782649994,0.12647028267383575
सुनिल,0.14042150974273682,0.20147481560707092
उनीहरुमध्ये,0.14041221141815186,0.10389011353254318
मावि,0.14022500813007355,0.1151098981499672
छ,0.14019419252872467,0.1475483626127243
स,0.1401645988225937,0.09372909367084503
३१,0.1400977373123169,0.11934182047843933
नायव,0.1400618553161621,0.20264948904514313
मीन,0.14001305401325226,0.20129694044589996
छैनन्,0.14000095427036285,0.1314643919467926
महिलाका,0.1399596929550171,0.13779017329216003
सोह्र,0.13995566964149475,0.10030308365821838
युवतीहरुको,0.1399385929107666,0.11182505637407303
महिलाहरुलाई,0.1399284154176712,0.15192773938179016
छोरीहरू,0.1398925930261612,0.17697200179100037
ऊ,0.1398642659187317,0.11025220155715942
सात,0.13983768224716187,0.16785438358783722
वि,0.13982324302196503,0.11093050986528397
बलात्कारी,0.1398194283246994,0.0888427123427391
बालबालिकाले,0.13978031277656555,0.13016442954540253
प¥सौनीका,0.1396683007478714,0.13194966316223145
सिंहलाई,0.13965973258018494,0.15903538465499878
गोविन्द,0.13965971767902374,0.1646042913198471
यसैगरी,0.13963352143764496,0.1589301973581314
शिशु,0.13962958753108978,0.15378040075302124
जिज्ञासु,0.13962791860103607,0.09990006685256958
मुकेश,0.13960877060890198,0.16030654311180115
श्रवण,0.1396006941795349,0.12438230961561203
३८,0.139555886387825,0.1209891140460968
हुँदा,0.13947130739688873,0.16119997203350067
सुनील,0.13943320512771606,0.17941954731941223
हुनेहरूमा,0.13939855992794037,0.07766133546829224
उनकी,0.1393645852804184,0.1858619600534439
रोल्पाका,0.13935814797878265,0.10714686661958694
पुस्ता,0.13932150602340698,0.12167347967624664
नगरपालिका,0.13929030299186707,0.18306687474250793
गर्छन्,0.1392810046672821,0.11409950256347656
राईलाई,0.13922396302223206,0.17128509283065796
पा,0.13916407525539398,0.173513263463974
गर्ने,0.1390773057937622,0.15482297539710999
बालबालिकादेखि,0.13896822929382324,0.07169120013713837
वेपत्ता,0.13896411657333374,0.14414335787296295
डीएसपी,0.13895992934703827,0.17625382542610168
हरेक,0.1389380842447281,0.13019542396068573
नेतृत्व,0.13890790939331055,0.16015608608722687
एसपी,0.13889291882514954,0.19026437401771545
आत्महत्या,0.1388249546289444,0.15624743700027466
अध्यनरत,0.13879252970218658,0.10785137861967087
सुरु,0.138751819729805,0.12162712216377258
दम्पती,0.13873673975467682,0.146145299077034
तामाङलाई,0.13867007195949554,0.13785453140735626
चौकीमा,0.13841411471366882,0.14553503692150116
पोखरेल,0.1383924037218094,0.1483154594898224
वकिल,0.13836301863193512,0.1018194928765297
बताए,0.13828390836715698,0.18759691715240479
त्यसपछि,0.13827642798423767,0.1353473663330078
लक्का,0.13824860751628876,0.164827361702919
यस्तो,0.1381010264158249,0.1777258664369583
प्रेमिका,0.1380963921546936,0.11551535129547119
३३,0.13808275759220123,0.12311796844005585
बाबा,0.13807816803455353,0.10770567506551743
उनीहरुको,0.13806043565273285,0.1588929444551468
सवार,0.13804788887500763,0.10794098675251007
युवाहरुको,0.1380012035369873,0.1377214938402176
त,0.1379280388355255,0.12233414500951767
—,0.1378241330385208,0.1455092579126358
समूहबाट,0.13782396912574768,0.13649936020374298
त्यसैगरी,0.13782033324241638,0.1733427792787552
भन्दै,0.13776837289333344,0.17406652867794037
श्रीमान,0.13775630295276642,0.154762402176857
कलेजमा,0.1377367079257965,0.10192585736513138
अभिभावकलाई,0.13772642612457275,0.11815117299556732
गहतराजलाई,0.13770270347595215,0.09019065648317337
बूढो,0.1376216560602188,0.07279928773641586
बालबालिकाका,0.13752521574497223,0.1396791636943817
३७,0.13752156496047974,0.1265535056591034
महिलाहरूलाई,0.13747142255306244,0.14099755883216858
पुरुषहरू,0.1374426633119583,0.10552439093589783
लक्ष्मी,0.13743436336517334,0.1893138736486435
व्यक्तिहरु,0.13741345703601837,0.1033882349729538
आले,0.1374063640832901,0.14862060546875
मागेराम,0.1373704969882965,0.169638991355896
मिलन,0.13734596967697144,0.14993515610694885
विक्रम,0.13729733228683472,0.1763514280319214
यादवलाई,0.13729709386825562,0.18305858969688416
शिक्षा,0.13724499940872192,0.1361582726240158
ओमप्रकाश,0.13722358644008636,0.1232079416513443
उनीहरूलाई,0.13716642558574677,0.15507696568965912
तामाङ,0.1371525377035141,0.1577294021844864
घटनाको,0.13714361190795898,0.1740034818649292
उमेरलाई,0.13713501393795013,0.12943191826343536
नेविसंघको,0.13706162571907043,0.17946086823940277
कार्कीलाई,0.13699035346508026,0.16774530708789825
५५,0.13698633015155792,0.1333024799823761
पुरुषोत्तम,0.13697774708271027,0.16073273122310638
त्यसैले,0.1369623839855194,0.13803888857364655
मारिएका,0.1369604766368866,0.13264687359333038
मोती,0.1369553506374359,0.10213903337717056
कै,0.13691158592700958,0.10555125772953033
यही,0.13686047494411469,0.12466087192296982
बालिकामाथि,0.1368270367383957,0.15964148938655853
साल,0.13677765429019928,0.10511452704668045
कुलतमा,0.13676638901233673,0.11346103250980377
गगन,0.136765718460083,0.15924786031246185
पति,0.13675369322299957,0.13915324211120605
व्यक्तिलाई,0.13673965632915497,0.1458335816860199
सुरेन्द्र,0.13671071827411652,0.18756672739982605
कम,0.1366807371377945,0.13559775054454803
अनिश,0.13666792213916779,0.10383038222789764
युवाहरूले,0.13665848970413208,0.08778119832277298
उपाध्याय,0.1366032510995865,0.16130994260311127
शरीर,0.13659469783306122,0.1208147257566452
राज,0.1364670991897583,0.14288145303726196
साथीसँग,0.1363905817270279,0.11795568466186523
बिहीबार,0.1363822966814041,0.15975098311901093
मोटरसाइकल,0.136330708861351,0.11416329443454742
सोमबार,0.13626231253147125,0.1645103543996811
उनीहरूमध्ये,0.13625597953796387,0.10894947499036789
युवाहरूको,0.13625386357307434,0.14526121318340302
सुशान्त,0.1362452208995819,0.11668699234724045
कोही,0.13622674345970154,0.12707902491092682
ज्योति,0.13618090748786926,0.14486360549926758
भर्खरको,0.1361674964427948,0.08990264683961868
थियो,0.1360757201910019,0.1460496336221695
देखिने,0.1360539346933365,0.115525983273983
पासवान,0.1360287070274353,0.1367378830909729
दीपक,0.13596177101135254,0.2011338770389557
बच्चाहरू,0.13596177101135254,0.09723714739084244
?,0.13583417236804962,0.13530315458774567
भनिन्छ,0.13582153618335724,0.08097144216299057
हुँ,0.13581976294517517,0.12227822840213776
विगत,0.13579630851745605,0.12215158343315125
खातुन,0.13577082753181458,0.11454080045223236
यस,0.13575822114944458,0.14484903216362
माइती,0.1357201635837555,0.15328970551490784
प्रकाश,0.1356591135263443,0.2019999623298645
स्कुलका,0.1356387585401535,0.1005658209323883
चैत,0.1355852633714676,0.135494664311409
बिहान,0.1355745941400528,0.15270455181598663
त्यो,0.13554251194000244,0.12525224685668945
को,0.13552547991275787,0.10627097636461258
अशक्त,0.13550016283988953,0.13651089370250702
कार्कीले,0.13549582660198212,0.19337992370128632
माधव,0.13544906675815582,0.14454306662082672
उनीसँगै,0.1354275941848755,0.15884087979793549
पुरुषमा,0.13542743027210236,0.14956559240818024
भारतीय,0.13535234332084656,0.1322585791349411
श्याम,0.13526545464992523,0.20384566485881805
उत्तम,0.13524439930915833,0.15982651710510254
विद्यार्थीलाई,0.13522695004940033,0.13462521135807037
दर्ता,0.13514186441898346,0.1342693418264389
किसन,0.13512372970581055,0.1377716362476349
मण्डल,0.13511236011981964,0.15594401955604553
सुन्दर,0.13501155376434326,0.13704966008663177
वर्षमुनिको,0.1349707543849945,0.11288589239120483
मानिन्छन्,0.13496842980384827,0.06034204363822937
पछि,0.13496463000774384,0.12698781490325928
भर्ना,0.13494858145713806,0.14871220290660858
आठ,0.13489286601543427,0.1473252773284912
तिवारी,0.13483870029449463,0.14346060156822205
२,0.13480910658836365,0.16616100072860718
त्यतिबेला,0.1348029524087906,0.13886205852031708
महानगरीय,0.13474765419960022,0.16359272599220276
मानिने,0.1347293108701706,0.07865916192531586
नाति,0.13472341001033783,0.1322147697210312
मिश्र,0.13468630611896515,0.1494641751050949
अनिल,0.13465319573879242,0.1999659687280655
३६,0.13463382422924042,0.1377216875553131
चौकीका,0.13457836210727692,0.15246954560279846
युवायुवतीको,0.13457752764225006,0.07320105284452438
जनाएको,0.13454362750053406,0.1713760495185852
३भारत,0.1345047652721405,0.14820073544979095
जोडी,0.13446033000946045,0.09968957304954529
मानिस,0.1344543844461441,0.1289970427751541
नौ,0.13442522287368774,0.13539078831672668
स्थित,0.13436414301395416,0.1436719000339508
विद्यार्थीहरूले,0.13428200781345367,0.11200405657291412
गोपाल,0.13427171111106873,0.17043626308441162
मोहन,0.13426905870437622,0.1818435788154602
अधिकारीले,0.13426479697227478,0.1485779583454132
नागरिक,0.13424091041088104,0.1441844254732132
लागुऔषध,0.13421130180358887,0.11204680055379868
हुने,0.13418814539909363,0.15088479220867157
खनाल,0.13418716192245483,0.1609790325164795
उमेरभन्दा,0.13418012857437134,0.12000149488449097
पीडक,0.134174644947052,0.11616845428943634
सागर,0.13414525985717773,0.1737959384918213
किशोरकिशारी,0.1341315358877182,0.10648428648710251
माविका,0.13410697877407074,0.10826700180768967
यता,0.1340074986219406,0.14177140593528748
बस्ने,0.13399168848991394,0.1481488049030304
अज्ञात,0.13396716117858887,0.110276959836483
बाहुन,0.13389648497104645,0.06544487178325653
बस्नेतले,0.13384923338890076,0.1865982562303543
माघमा,0.1337956190109253,0.12702591717243195
नेपालका,0.13376376032829285,0.1732361912727356
मिनबादुर,0.1337536871433258,0.13598862290382385
गरे,0.1337091326713562,0.15190662443637848
घाइतेमध्ये,0.13370348513126373,0.08236239850521088
घर्ती,0.13370303809642792,0.11134849488735199
विद्यार्थीले,0.13370072841644287,0.09298644214868546
प्रभावशाली,0.13369417190551758,0.11182187497615814
राजेन्द्र,0.1336914449930191,0.2107134312391281
भट्ट,0.13360273838043213,0.16723944246768951
सापकोटा,0.1336023360490799,0.1109229102730751
बालकले,0.13357725739479065,0.12112245708703995
वर्षसम्मकी,0.1335616260766983,0.13205938041210175
दिदी,0.13352446258068085,0.16525983810424805
३,0.13347876071929932,0.17268043756484985
अनि,0.13347464799880981,0.1332107037305832
उज्वल,0.13347011804580688,0.1331116259098053
वास्तवमा,0.13343290984630585,0.09826429933309555
विद्यार्थीका,0.13342203199863434,0.11653623729944229
समाजमा,0.13341544568538666,0.12817829847335815
दीपेन्द्र,0.1334010511636734,0.16629202663898468
ठाउँका,0.13337093591690063,0.15202713012695312
संगठनका,0.1333661526441574,0.15789374709129333
कुमारको,0.13336016237735748,0.1069703921675682
परेको,0.1333172470331192,0.14778345823287964
धेरै,0.13326872885227203,0.13510483503341675
कार्यक्रममा,0.13321995735168457,0.18236713111400604
अपहरित,0.13316833972930908,0.10793698579072952
आफ्नो,0.13316252827644348,0.1601656824350357
युवकसँग,0.13313519954681396,0.12946859002113342
दाजु,0.13308796286582947,0.16760003566741943
कटेका,0.1330828219652176,0.06414035707712173
सो,0.13308261334896088,0.15739119052886963
निरिक्षक,0.1330786496400833,0.17309129238128662
बाह्र,0.13305088877677917,0.11075287312269211
अहिले,0.13303864002227783,0.15301178395748138
अभियन्ता,0.13301852345466614,0.15431122481822968
कथासंग्रहसमेत,0.1329721361398697,0.16665160655975342
भन्छन्,0.13295699656009674,0.14215096831321716
(,0.13292336463928223,0.1498079001903534
उनीहरुले,0.1328725814819336,0.1483498513698578
मध्येका,0.13284644484519958,0.09655898809432983
भएर,0.1328432559967041,0.1415501981973648
बेला,0.1328417807817459,0.17875400185585022
दिनेश,0.13283726572990417,0.19964562356472015
सुशीला,0.1328110247850418,0.1288858950138092
लेखक,0.13277029991149902,0.1316780149936676
छोरो,0.13270516693592072,0.13862311840057373
राजन,0.13269254565238953,0.14499150216579437
राणा,0.1326744258403778,0.12296522408723831
विद्यालयबाट,0.13267049193382263,0.12682929635047913
कमजोर,0.13266509771347046,0.11264252662658691
नवीन,0.13257373869419098,0.1984357237815857
बालकका,0.13252943754196167,0.11069554835557938
हुन्छ,0.13250872492790222,0.11915148794651031
खोजी,0.13248230516910553,0.14650213718414307
शिक्षिकालाई,0.1324542611837387,0.08025384694337845
संस्थापन,0.13244763016700745,0.11795786768198013
एउटा,0.13243119418621063,0.13946424424648285
व्यक्तिले,0.13243043422698975,0.13940829038619995
पर्नेमा,0.13241179287433624,0.1264108270406723
महिने,0.13238464295864105,0.15504728257656097
नेता,0.13233673572540283,0.18456873297691345
कुमाल,0.13230422139167786,0.1231023371219635
अठार,0.13229602575302124,0.0920635387301445
सुवेदी,0.1322929412126541,0.16274093091487885
वैशाख,0.13227654993534088,0.12279979884624481
समाजका,0.13226886093616486,0.14756368100643158
प्रसाद,0.13226540386676788,0.16307738423347473
५०,0.13226406276226044,0.15073536336421967
बर्षकी,0.13223090767860413,0.11464913189411163
दम्पतीलाई,0.13221655786037445,0.09288225322961807
शनिबार,0.1322135180234909,0.16732816398143768
शेखर,0.13217879831790924,0.1672966480255127
राहुल,0.13216762244701385,0.14454896748065948
सूर्य,0.1321345865726471,0.13462767004966736
गम्भीर,0.13212424516677856,0.16417863965034485
आफूभन्दा,0.13211700320243835,0.08082947134971619
दोषी,0.13211050629615784,0.11256642639636993
भागरथी,0.13207300007343292,0.18132294714450836
बालबालिकाहरुलाई,0.1320710927248001,0.1240740567445755
दुवै,0.1320357471704483,0.13742884993553162
युवतीसँग,0.13200411200523376,0.12183856964111328
काठमाडौंमा,0.1319912225008011,0.14884798228740692
किशोरीहरुको,0.13190840184688568,0.18261831998825073
आफ्ना,0.13189002871513367,0.15530987083911896
भेटिएकी,0.13187333941459656,0.15875421464443207
छन,0.13186968863010406,0.16207239031791687
पूर्व,0.13186758756637573,0.1642584651708603
लगाएका,0.13185204565525055,0.11519760638475418
जनालाई,0.13182024657726288,0.16015636920928955
रुद्र,0.13176704943180084,0.1050911620259285
पवन,0.13175614178180695,0.1801905483007431
तत्कालीन,0.13172128796577454,0.14402015507221222
थापामगर,0.13170357048511505,0.14814741909503937
कर्ण,0.13169647753238678,0.16790302097797394
बेहोस,0.13166865706443787,0.16393420100212097
आइतबार,0.1316441297531128,0.15775081515312195
कल्याण,0.13158084452152252,0.11311636865139008
कमल,0.13156673312187195,0.19992661476135254
कार्तिक,0.13152539730072021,0.08784410357475281
न्यायाधीश,0.13148075342178345,0.11905968934297562
या,0.1314639002084732,0.11036073416471481
गरिएकी,0.13144300878047943,0.16551539301872253
नव,0.131419375538826,0.10948312282562256
व्यक्तिहरू,0.13139256834983826,0.08812486380338669
वर्षपछि,0.13137543201446533,0.12352170050144196
जाजरकोटका,0.13131996989250183,0.11143554002046585
ललित,0.13129372894763947,0.14903292059898376
३९,0.13128656148910522,0.12048535794019699
पाण्डे,0.13126829266548157,0.16324560344219208
५२,0.13122060894966125,0.13155028223991394
सक्षम,0.13120940327644348,0.12521184980869293
विद्या,0.13115514814853668,0.11911869049072266
मभन्दा,0.1311451643705368,0.06416782736778259
जस्तै,0.13110612332820892,0.13930854201316833
बाबुले,0.13109652698040009,0.11722403019666672
जाँदै,0.13106398284435272,0.10400006175041199
गरिएको,0.13106195628643036,0.17772267758846283
बुढाथोकी,0.1310054361820221,0.14527186751365662
भवानी,0.13092412054538727,0.11657947301864624
अफिसर,0.13085711002349854,0.12959229946136475
गोली,0.13085554540157318,0.1474621742963791
युवतीबीच,0.13085046410560608,0.06581335514783859
साउदले,0.13076035678386688,0.15005384385585785
केटो,0.13075202703475952,0.08580736070871353
बर्षका,0.13073629140853882,0.10930515825748444
आफ्नी,0.13061945140361786,0.17289169132709503
बुढो,0.13061460852622986,0.10646398365497589
गरेपछि,0.13060709834098816,0.1407291442155838
खासगरी,0.1305828094482422,0.10702798515558243
राजकुमार,0.13053220510482788,0.1846293956041336
उनको,0.13052572309970856,0.17037805914878845
पौडेलले,0.13049404323101044,0.1853650063276291
दिउँसो,0.13048498332500458,0.1462971419095993
अधिवक्ता,0.13048045337200165,0.13738350570201874
महिलाहरुको,0.1304759383201599,0.1474432796239853
लाई,0.13046592473983765,0.10047320276498795
अचेत,0.1304396390914917,0.11071591824293137
सबैभन्दा,0.1303403377532959,0.08810406923294067
खुशीमाया,0.130320742726326,0.05519373342394829
दुर्घटनामा,0.1303054690361023,0.12877650558948517
थिइन,0.13027405738830566,0.13603313267230988
क्षत्री,0.13013017177581787,0.0873362347483635
रोहित,0.13011696934700012,0.12770600616931915
आशिष,0.13009200990200043,0.15609487891197205
प्रयोगकर्ता,0.1300889551639557,0.12408123910427094
अपराध,0.13004451990127563,0.12523309886455536
आजभोलि,0.12998904287815094,0.09520045667886734
”,0.12998060882091522,0.13069461286067963
युवायुवतीहरु,0.1299777328968048,0.10002589225769043
१,0.1299714893102646,0.14394164085388184
पाइएको,0.12996463477611542,0.14058531820774078
लक्षित,0.1299068182706833,0.11547111719846725
दास,0.1298908293247223,0.16798177361488342
अबोध,0.12986978888511658,0.13370047509670258
तारा,0.1298476904630661,0.16506969928741455
देवी,0.12980985641479492,0.15654243528842926
थरकी,0.1298026144504547,0.10380466282367706
लगाएकी,0.12973904609680176,0.11173772811889648
मियाँलाई,0.12971703708171844,0.03430214896798134
आबद्ध,0.12968723475933075,0.11359422653913498
लागेकी,0.1296585649251938,0.13692444562911987
उपाध्यक्ष,0.12960344552993774,0.2240314483642578
बालिकाका,0.1295994073152542,0.14357246458530426
नजिकै,0.12959140539169312,0.1256880909204483
पाकानोनले,0.12954121828079224,0.06629135459661484
सबै,0.12953124940395355,0.1207660585641861
थापाको,0.12947256863117218,0.1799921840429306
टोलका,0.12946750223636627,0.11739104986190796
नेविसंघ,0.12945513427257538,0.22615855932235718
हुँदै,0.12945054471492767,0.13223986327648163
उत्तीर्ण,0.12933693826198578,0.09852592647075653
कुर्मी,0.12932011485099792,0.09834717214107513
नारी,0.12931706011295319,0.09650623798370361
गोंगबुकी,0.12928907573223114,0.08745621889829636
छैन,0.1292884647846222,0.12967172265052795
समूहकालाई,0.1292654126882553,0.08468741923570633
समाजसेवी,0.12924563884735107,0.15225346386432648
परिवारका,0.12923423945903778,0.1625906080007553
हराएकी,0.12922920286655426,0.11238633841276169
परिवार,0.1292009800672531,0.1451169103384018
प्रतीक,0.129197359085083,0.09243395924568176
बनेकी,0.12917187809944153,0.15701988339424133
सय,0.1290116161108017,0.14709259569644928
प्रतिभाशाली,0.1290101408958435,0.09391139447689056
मानिएका,0.12900538742542267,0.05793027579784393
बिद्यार्थी,0.12899960577487946,0.1284566968679428
फागुनमा,0.12896999716758728,0.12697702646255493
शर्मा,0.12895162403583527,0.1295022964477539
मात्र,0.1289447396993637,0.1573626548051834
मुनिको,0.12892983853816986,0.07972759753465652
३बेलायत,0.12892542779445648,0.13751044869422913
बेहुला,0.12886524200439453,0.118100605905056
त्यही,0.12886472046375275,0.12744960188865662
थिएनन्,0.1288442611694336,0.11610067635774612
सिंहको,0.12882842123508453,0.16675341129302979
धामीलाई,0.12881672382354736,0.13386835157871246
देखी,0.12872076034545898,0.07483585178852081
साहले,0.12869417667388916,0.20306073129177094
सुन्दरी,0.12866570055484772,0.1041259765625
उनीहरूको,0.12860050797462463,0.1446482390165329
पुगे,0.12851572036743164,0.148894801735878
जोडीको,0.12851472198963165,0.10156787186861038
प्रशान्तनारायण,0.12849445641040802,0.14663365483283997
साँझ,0.1284591257572174,0.14993086457252502
बहिनी,0.1284494549036026,0.15936094522476196
कांग्रेसका,0.12840913236141205,0.19165420532226562
!,0.1283770054578781,0.11571581661701202
पाटन,0.12836763262748718,0.09615625441074371
साउँद,0.1283411681652069,0.134719118475914
पनि,0.12829172611236572,0.17212581634521484
बा,0.12829098105430603,0.0872402936220169
युवामा,0.128284752368927,0.14347761869430542
सुरुमा,0.1282791942358017,0.13429346680641174
रेग्मी,0.12826187908649445,0.14152243733406067
दूराचारीमा,0.12823955714702606,0.10764548927545547
चौधरीलाई,0.12823419272899628,0.16315162181854248
कुमारले,0.12820948660373688,0.15541322529315948
नेकपाका,0.12818419933319092,0.1394059807062149
मनिषा,0.12817005813121796,0.14517267048358917
पक्षले,0.12814824283123016,0.12493371218442917
किशोरीहरुमा,0.1281370222568512,0.1347523182630539
प्रतिशत,0.1281118392944336,0.11373638361692429
करण,0.1280306577682495,0.10602786391973495
आएका,0.12802956998348236,0.15888307988643646
साहसी,0.12802428007125854,0.05737941712141037
प्रधानले,0.12800946831703186,0.1957893818616867
महतोलाई,0.1280059516429901,0.15763743221759796
किशोरीमाथि,0.12797966599464417,0.14661996066570282
गाउँमा,0.12797345221042633,0.1468198597431183
मुसलमान,0.12797290086746216,0.09919237345457077
दुवैको,0.12796927988529205,0.1084054484963417
नियन्त्रणमा,0.1279662698507309,0.15504497289657593
लिम्बु,0.12796275317668915,0.12586082518100739
इज,0.12794993817806244,0.07091744244098663
राना,0.12794822454452515,0.16157108545303345
तपाईं,0.12792445719242096,0.12086699903011322
प्रदर्शनमा,0.12791503965854645,0.10608997195959091
विद्यार्थीहरुले,0.12791095674037933,0.11854390799999237
जुनियर,0.12788721919059753,0.10029853880405426
चलाएको,0.1278514415025711,0.1260066032409668
द,0.12783856689929962,0.10851991921663284
खत्री,0.1278066188097,0.18157248198986053
विकको,0.12777946889400482,0.15829028189182281
महिनाकी,0.12777380645275116,0.13664191961288452
रानालाई,0.12776000797748566,0.11652950197458267
पिता,0.1277405470609665,0.11971728503704071
युगल,0.1277114450931549,0.14355580508708954
समितिमा,0.12769979238510132,0.13339363038539886
घटनापछि,0.12767896056175232,0.1487414687871933
सेनामा,0.127676859498024,0.12623804807662964
मंगलबार,0.12766075134277344,0.16521991789340973
जानकारी,0.1276591569185257,0.19007553160190582
महरा,0.12763246893882751,0.11499033868312836
मोटरसाइकलमा,0.12762652337551117,0.12341680377721786
मुद्दामा,0.12760761380195618,0.11087937653064728
मेरो,0.12758420407772064,0.1478216052055359
वयका,0.12758207321166992,0.1397460699081421
चौध,0.12757854163646698,0.0984635055065155
निकै,0.12755118310451508,0.13715218007564545
मकर,0.12752045691013336,0.2119605988264084
प्रवीण,0.12751337885856628,0.1525357961654663
