young,1.2723075151443481,1.1583101749420166,1.0798598527908325
sex,1.0180778503417969,1.3906044960021973,1.2365665435791016
hot,1.0578057765960693,1.1340619325637817,0.9961709380149841
woman,0.9825109839439392,0.9321894645690918,1.0153037309646606
girls,1.204361081123352,1.462746500968933,0.9015564322471619
college,1.3857243061065674,1.4190782308578491,0.8615056872367859
Hot,1.0740183591842651,1.0286381244659424,1.062990665435791
drug,1.2054866552352905,1.056456446647644,0.8760725855827332
gay,1.0671433210372925,1.3562859296798706,1.2383041381835938
ass,1.157535195350647,1.2255362272262573,0.8947224617004395
scene,1.3678405284881592,1.4393024444580078,0.9711322784423828
Young,1.318892478942871,1.1760823726654053,1.2635775804519653
beauty,1.3827584981918335,1.2016072273254395,0.8157902956008911
Girls,1.204372525215149,1.5292762517929077,0.9240140914916992
fuck,1.0785787105560303,1.2018617391586304,0.9032192230224609
Sex,1.0628021955490112,1.3652688264846802,1.328119158744812
sexy,0.998832643032074,1.3460313081741333,1.2083079814910889
teen,1.3847572803497314,1.5461452007293701,1.3737179040908813
fucking,1.1901313066482544,1.3328993320465088,0.9630993008613586
Movies,0.8622779250144958,1.1436009407043457,0.9569135904312134
porn,1.0169317722320557,1.3449764251708984,1.187041997909546
cock,1.1092538833618164,1.339604377746582,1.2558531761169434
magazine,1.1961692571640015,1.231929898262024,0.9026573300361633
Magazine,1.2906301021575928,1.1207369565963745,1.0117417573928833
sexual,1.167803406715393,1.5726674795150757,1.3048672676086426
Pictures,1.1494722366333008,1.195796012878418,0.924724280834198
Asian,1.076454997062683,1.1294220685958862,1.3995802402496338
gallery,0.9389657378196716,0.9766066670417786,0.8184945583343506
forced,1.3538036346435547,1.058768391609192,0.9039320945739746
pussy,1.1212117671966553,1.2998238801956177,1.1532608270645142
Hollywood,0.9149844646453857,1.4978761672973633,0.9054820537567139
tight,1.2214007377624512,1.2975475788116455,1.0568374395370483
Taylor,1.3708018064498901,1.16730797290802,0.8407219052314758
violence,1.3658101558685303,1.450838327407837,0.80635666847229
massive,1.1333229541778564,0.860879123210907,0.8862215280532837
Beauty,1.0971542596817017,0.9010279774665833,0.9636619687080383
Diamond,1.150917649269104,1.1286511421203613,0.835614800453186
nude,1.0464986562728882,1.2476224899291992,1.1661487817764282
wet,1.0785465240478516,1.134116768836975,0.9175094962120056
cum,1.0546917915344238,1.2418773174285889,1.2230503559112549
naked,1.1233433485031128,1.3223938941955566,1.1180227994918823
Teen,1.3801771402359009,1.5326589345932007,1.3524237871170044
extreme,1.2368890047073364,1.3517390489578247,0.9988682270050049
blonde,1.2040151357650757,1.3170210123062134,1.3336924314498901
scenes,1.299704670906067,1.4371994733810425,0.9074190855026245
Woman,1.055665135383606,0.8461974263191223,0.974158763885498
smoking,1.1019641160964966,1.1347037553787231,1.1109716892242432
blow,1.2253612279891968,1.157495379447937,0.8275870680809021
Legal,1.112162470817566,0.8669111728668213,1.0122004747390747
writers,0.9220699071884155,1.0224400758743286,0.9263616800308228
Gay,1.0179216861724854,1.2693179845809937,1.3324668407440186
serial,1.1544413566589355,1.2059283256530762,0.9117662906646729
pregnant,1.2427349090576172,1.1876442432403564,0.9294386506080627
Sexy,1.0248289108276367,1.2695344686508179,1.264280915260315
amateur,1.1117335557937622,1.2505892515182495,1.3458259105682373
Drug,1.1145902872085571,0.8660521507263184,0.9545004367828369
solo,1.2652256488800049,1.3109644651412964,0.9420642852783203
Female,0.8143669962882996,1.0080467462539673,1.4601380825042725
debut,1.2034460306167603,1.42518150806427,0.9029428362846375
dick,1.108070969581604,1.2984236478805542,1.1082998514175415
Anonymous,1.1959269046783447,1.1531115770339966,0.8507990837097168
Guy,1.1562823057174683,0.9584383964538574,0.9411346912384033
Interview,1.393466830253601,0.8409643173217773,0.827672004699707
suck,1.015989899635315,1.0701431035995483,0.8546923995018005
drama,1.3325475454330444,1.66623854637146,0.8166491389274597
clips,0.9478866457939148,1.2055211067199707,0.8559046387672424
rising,1.131995677947998,1.076682686805725,1.0899295806884766
oral,0.8470714092254639,0.9914330840110779,1.1089084148406982
fiction,0.828950047492981,1.5645703077316284,0.8306635022163391
Pretty,1.2294963598251343,1.4296505451202393,0.8421010375022888
interviews,1.2023346424102783,1.002382516860962,0.8149643540382385
teens,1.3387458324432373,1.5388846397399902,1.331568717956543
Porn,0.9553438425064087,1.2975229024887085,1.2222051620483398
fucked,1.2354036569595337,1.311953067779541,1.1223678588867188
intense,1.1710232496261597,1.2208731174468994,0.9276716113090515
strip,0.9913454651832581,1.171392798423767,0.914455235004425
rough,1.2755165100097656,1.1283634901046753,0.9837480783462524
girlfriend,1.366510033607483,1.3194059133529663,1.0333807468414307
hardcore,1.1227898597717285,1.3490931987762451,1.3555883169174194
butt,1.164318561553955,1.3160539865493774,1.014504313468933
bitch,1.2257791757583618,1.300605297088623,0.8852613568305969
lesbian,1.1599267721176147,1.4180951118469238,1.393026351928711
tits,1.0997620820999146,1.3214111328125,1.2202479839324951
Jessica,1.3296897411346436,1.4062985181808472,0.8422299027442932
Arab,1.2053613662719727,0.858060896396637,0.9619053602218628
anal,1.1163488626480103,1.4235639572143555,1.349163293838501
addiction,1.134626865386963,1.4223014116287231,0.9812781810760498
boyfriend,1.2844408750534058,1.3841925859451294,0.9231547713279724
galleries,0.9198302626609802,1.0689958333969116,0.9766520261764526
Heights,1.2665330171585083,1.0883597135543823,0.8833549618721008
essay,1.3425185680389404,1.633496642112732,0.8183059692382812
asian,1.0181745290756226,1.208632230758667,1.1338516473770142
pills,0.8525373339653015,0.982650101184845,0.9887675642967224
Models,1.0658951997756958,1.00394868850708,1.1467771530151367
popularity,0.9883956909179688,1.0399802923202515,0.9842193126678467
essays,1.2371641397476196,1.547064185142517,0.9940954446792603
violent,1.493802785873413,1.5056383609771729,1.073568344116211
drunk,1.2636469602584839,1.2025771141052246,1.1242517232894897
babe,1.2427009344100952,1.3489090204238892,1.2245070934295654
aggressive,0.8630371689796448,0.8262051343917847,0.929097056388855
suicide,1.472720980644226,1.4199178218841553,1.042344093322754
encounter,1.0143605470657349,0.9899777173995972,0.9857529401779175
vol,0.9546067714691162,0.8246406316757202,0.9107064008712769
Fuck,1.1047614812850952,1.2252365350723267,0.9870118498802185
celebrity,1.0909186601638794,1.4035356044769287,1.042909026145935
actress,1.1409105062484741,1.1437064409255981,1.0911785364151
Ashley,1.2722240686416626,1.2643991708755493,0.8440337181091309
magazines,1.0007494688034058,1.2691633701324463,0.8487852811813354
gang,1.4738224744796753,1.4323091506958008,1.2946094274520874
Crime,1.348818063735962,1.3230305910110474,0.8401159644126892
streaming,0.8201404809951782,1.152985692024231,0.919400691986084
anime,1.0136432647705078,1.439232349395752,0.9977946877479553
Celebrity,1.072476863861084,1.2293721437454224,0.8424386978149414
romance,1.1331671476364136,1.6632181406021118,1.1360151767730713
xxx,0.8340350389480591,1.2384495735168457,1.075214147567749
throat,1.1098804473876953,1.297075629234314,1.0499529838562012
nasty,1.2707719802856445,1.2611219882965088,1.0693641901016235
penis,0.9216171503067017,1.374674916267395,1.35329008102417
acne,0.8784517645835876,0.9987963438034058,1.2370386123657227
lover,0.9462910294532776,1.1314120292663574,0.8031455278396606
sucking,1.1038295030593872,1.277702808380127,1.2336113452911377
assault,1.4691362380981445,1.3730536699295044,1.0531675815582275
Amateur,1.0715514421463013,1.077412486076355,1.33946692943573
Virgin,1.2913129329681396,1.1264110803604126,1.1597667932510376
rape,1.4586857557296753,1.4666541814804077,1.0733816623687744
Ass,1.1115868091583252,1.2537039518356323,1.12843918800354
underground,1.2845345735549927,1.1732045412063599,0.9477918744087219
titled,1.3464512825012207,1.2747222185134888,0.9527895450592041
Scene,1.3588992357254028,1.2818940877914429,1.2630947828292847
passionate,1.1730597019195557,1.3911701440811157,0.9948546290397644
cam,0.8131672143936157,0.9658957123756409,1.0657364130020142
Tube,0.9541685581207275,0.9705871343612671,0.8682399392127991
Pics,1.089744210243225,1.0794408321380615,1.0673109292984009
Amanda,1.304957628250122,1.3491835594177246,0.8203700184822083
horny,1.105556607246399,1.3539971113204956,1.4914473295211792
Straight,1.1104238033294678,1.208456039428711,1.395442008972168
fetish,0.9201154708862305,1.3840854167938232,1.2333993911743164
anonymous,1.3434616327285767,1.326667070388794,1.2702094316482544
Nicole,1.4109559059143066,1.3552054166793823,0.9197553396224976
Galleries,0.9722346067428589,0.8047082424163818,0.9524024724960327
hottest,1.0470200777053833,1.3850973844528198,1.3023443222045898
hung,1.0960426330566406,0.8082466125488281,0.8250508904457092
desperate,1.25077486038208,1.2771222591400146,1.0890315771102905
Extreme,1.0480893850326538,1.208203911781311,1.0339431762695312
chick,1.22681725025177,1.4986902475357056,1.2741730213165283
tattoo,1.2302653789520264,1.240917682647705,0.8149087429046631
Dirty,1.153760552406311,1.2065201997756958,1.1195836067199707
FBI,1.3901530504226685,0.9330914616584778,0.8541063070297241
Huge,0.9386042952537537,0.8730614185333252,0.8276035189628601
Twilight,0.9905523657798767,1.5511598587036133,0.9253602623939514
Sierra,1.3046205043792725,0.9070329070091248,0.8737196922302246
Blonde,1.1946704387664795,1.2579437494277954,1.401370882987976
breasts,1.1257373094558716,1.4549016952514648,1.384385347366333
heels,0.9166395664215088,1.269984245300293,0.9267598986625671
bare,0.8740372061729431,0.9480006098747253,0.9245363473892212
affair,1.0149075984954834,1.2422016859054565,1.049769639968872
bang,1.1779940128326416,1.2817044258117676,1.1032812595367432
marijuana,1.3682258129119873,1.4127031564712524,1.040926456451416
Alcohol,0.8667348623275757,0.8984829783439636,0.9796997308731079
Abuse,1.181244134902954,0.9239792227745056,0.8614972829818726
eager,0.9958668947219849,1.2119815349578857,1.1369303464889526
desires,1.08503258228302,1.5536493062973022,1.0349100828170776
Anal,1.134111762046814,1.4044743776321411,1.4412087202072144
torture,1.2837302684783936,1.357528567314148,0.8239985704421997
Anime,0.8648011684417725,1.3896125555038452,0.9321306347846985
novels,0.9089509844779968,1.4888436794281006,0.9241949915885925
Teens,1.2122849225997925,1.4250680208206177,1.265300989151001
attracted,0.8559757471084595,1.109390377998352,1.1231646537780762
sheer,1.0428727865219116,1.5026636123657227,0.8413811922073364
spreading,1.2419756650924683,1.2083830833435059,0.82090824842453
phenomenon,0.9585477113723755,1.356895923614502,0.8886609077453613
kissing,1.1853017807006836,1.4333975315093994,1.0297645330429077
shy,1.130994200706482,1.370054841041565,1.1529297828674316
Brazilian,1.3751012086868286,1.0539377927780151,1.2699253559112549
modeling,1.0584962368011475,1.2609299421310425,0.9356281161308289
Naked,1.1563578844070435,1.3037657737731934,1.33078134059906
Reality,1.1222072839736938,1.432160496711731,1.0273187160491943
Rise,1.0235087871551514,0.8797001838684082,0.9300134181976318
webcam,1.0061182975769043,1.2671865224838257,1.267952799797058
casting,0.9735454320907593,0.9730780720710754,0.8633986711502075
Secrets,0.8490561246871948,0.8787475228309631,0.9092059135437012
Solo,1.298402190208435,1.0045503377914429,1.1587903499603271
Films,1.0212833881378174,1.4433938264846802,1.000091552734375
teenage,1.6654636859893799,1.689821481704712,1.5754460096359253
Nude,1.0869395732879639,1.2102433443069458,1.2504520416259766
Idol,1.4403609037399292,1.5797847509384155,1.0993293523788452
Smoking,1.1061527729034424,1.1663786172866821,1.3897826671600342
Amber,1.3872047662734985,1.1966726779937744,1.1005874872207642
pre,0.9279119372367859,0.9072904586791992,0.8074008822441101
Romance,0.9242745041847229,1.637730598449707,1.2179170846939087
babes,1.1846370697021484,1.4275970458984375,1.3899394273757935
emerged,0.8996549248695374,0.9719316959381104,0.9559764266014099
strips,1.1302876472473145,1.1626235246658325,0.963324248790741
Drugs,1.2192978858947754,1.13908052444458,1.061989426612854
Monroe,1.3377238512039185,0.9890486598014832,1.019505262374878
slut,1.1682498455047607,1.328627109527588,1.325893521308899
boobs,1.0812944173812866,1.3510048389434814,1.199712872505188
L.A.,1.4792227745056152,1.4145992994308472,0.8777493834495544
frustrated,0.9117481112480164,0.9091082811355591,0.8575137257575989
Bang,1.160187840461731,1.1857044696807861,1.0310535430908203
Rolling,1.5164506435394287,1.4739718437194824,0.8225114941596985
starring,1.0315650701522827,1.2953689098358154,1.133516550064087
Hardcore,1.11141836643219,1.2972228527069092,1.4145632982254028
enters,0.8369377255439758,1.0180556774139404,0.9500303864479065
Fucking,1.1747924089431763,1.2934495210647583,1.2010473012924194
1980s,1.2240397930145264,1.157791256904602,1.1042777299880981
HOT,1.0384432077407837,1.2110482454299927,0.9416301846504211
Hole,1.0845346450805664,1.178617238998413,0.9148047566413879
Cum,1.0055387020111084,1.252845048904419,1.3728492259979248
Claire,1.2616230249404907,1.1727296113967896,0.9117367267608643
celebrities,0.912840723991394,1.2124594449996948,0.9312929511070251
lingerie,0.9358883500099182,1.275343418121338,1.2303268909454346
invasion,1.330533504486084,1.434382438659668,0.9914717674255371
Cock,1.009093165397644,1.2251523733139038,1.4114048480987549
cigarette,1.1824076175689697,1.1297321319580078,1.3039907217025757
CLICK,1.0705426931381226,1.4031678438186646,1.0969129800796509
ebony,1.0754705667495728,1.188102126121521,1.3763340711593628
Pussy,1.186497688293457,1.2574149370193481,1.2734925746917725
Bella,1.1890547275543213,1.390318751335144,0.8101587295532227
1970s,1.17701256275177,1.0590858459472656,1.1013085842132568
dildo,1.0578433275222778,1.312820315361023,1.2082607746124268
Christina,1.2740038633346558,1.2163933515548706,0.9215852618217468
AU,0.9409977793693542,1.1213098764419556,0.9168445467948914
Lesbian,1.1476870775222778,1.3949346542358398,1.4449752569198608
MTV,1.4605889320373535,1.7773922681808472,1.1834306716918945
Angela,1.198075532913208,1.110285758972168,0.8432008624076843
punk,1.5678021907806396,1.6594282388687134,1.2073757648468018
HQ,1.2075892686843872,1.0906966924667358,0.9682440161705017
dominated,1.3174705505371094,0.8442682027816772,1.3592997789382935
bent,1.172227144241333,1.071375846862793,0.8721382021903992
brunette,1.2393500804901123,1.377710223197937,1.3992457389831543
Queens,1.4063441753387451,1.141794204711914,0.9697911739349365
erotic,0.9870988130569458,1.536760926246643,1.3703505992889404
Tits,0.9487428069114685,1.2096221446990967,1.2047683000564575
midst,0.9667240381240845,1.1362398862838745,1.0556854009628296
Boulevard,1.110432505607605,0.901948869228363,0.8654564619064331
1960s,1.1844435930252075,1.1602522134780884,1.0133936405181885
investigating,1.2841873168945312,0.8173595666885376,0.9803460240364075
teenagers,1.3747763633728027,1.5646235942840576,1.242347002029419
thumbs,0.9335812330245972,1.1492230892181396,0.8651430606842041
awkward,0.8040822148323059,1.3897955417633057,0.852634072303772
hairy,1.0463413000106812,1.2591845989227295,1.4679335355758667
Tiffany,1.275543451309204,1.3235667943954468,0.8753679394721985
explosion,1.6354942321777344,1.5133401155471802,1.0484504699707031
Cam,1.25071120262146,1.268162488937378,0.9541918635368347
Lindsay,1.4377634525299072,1.3789193630218506,1.0024570226669312
Megan,1.4082255363464355,1.5089874267578125,1.010176420211792
1990s,1.1914632320404053,1.1905852556228638,1.3016088008880615
Strip,1.117276668548584,1.2987984418869019,1.0281379222869873
struggles,1.120816946029663,1.3188084363937378,0.8023970723152161
Sandra,1.3013362884521484,1.0896029472351074,0.9349048137664795
bra,0.9705957174301147,1.4004271030426025,1.2027441263198853
teenager,1.5707846879959106,1.6143836975097656,1.3818440437316895
clicks,1.102336049079895,1.2681094408035278,1.0655624866485596
Sexual,1.1316527128219604,1.5074567794799805,1.4230901002883911
duo,1.3832919597625732,1.1359937191009521,1.0487267971038818
scandal,1.4827065467834473,1.2703653573989868,1.0452897548675537
bizarre,1.456338882446289,1.6837573051452637,1.0090734958648682
sucked,1.0744284391403198,1.2411986589431763,0.8764760494232178
bikini,1.1801345348358154,1.4604319334030151,1.1145819425582886
brutal,1.481342077255249,1.5577929019927979,1.2934751510620117
spy,1.0166890621185303,1.0325974225997925,0.9056375026702881
fatal,1.1337193250656128,0.9325895309448242,0.817572832107544
milf,0.9338907599449158,1.0691317319869995,1.2684282064437866
Britney,1.4335356950759888,1.6131197214126587,1.024078369140625
virgin,1.347610592842102,1.3361785411834717,1.193666696548462
sensation,1.3314430713653564,1.6129064559936523,1.2833439111709595
manga,0.9337514638900757,1.423168659210205,1.0884003639221191
Lopez,1.2033648490905762,0.9517982602119446,0.8058353662490845
freshman,1.4723652601242065,1.4650739431381226,0.9372526407241821
cop,1.16620671749115,1.2068334817886353,0.8870577812194824
MySpace,1.0373286008834839,1.4521946907043457,1.1329299211502075
Rising,1.44054114818573,1.0978479385375977,1.0288814306259155
Violence,1.3083570003509521,1.372184157371521,0.921950101852417
80s,1.2494395971298218,1.3709397315979004,0.8623059391975403
sexually,1.2474274635314941,1.5036715269088745,1.40764319896698
avi,0.9645951390266418,1.2451728582382202,0.9150363206863403
panties,1.0898321866989136,1.4481645822525024,1.1297067403793335
revealing,1.18596351146698,1.3970582485198975,1.184095025062561
por,0.8883851170539856,1.0654199123382568,0.8202428817749023
cigarettes,0.8358668088912964,1.1595690250396729,0.9412681460380554
bust,1.1272952556610107,0.9494855999946594,1.1273239850997925
skinny,1.1229525804519653,1.3924858570098877,1.2436126470565796
YORK,1.0759769678115845,0.8896142840385437,0.9919620752334595
rage,1.5905731916427612,1.468340516090393,0.9189756512641907
compilation,1.3275154829025269,1.079768419265747,1.0893592834472656
Crack,1.15628981590271,1.264858365058899,0.8386322855949402
Wet,1.1127842664718628,1.0400313138961792,1.0501347780227661
op,1.239700436592102,0.9688349962234497,0.8514837026596069
Belle,1.2700977325439453,1.0471265316009521,0.9079614281654358
confidential,1.007817029953003,0.9285756349563599,1.0571833848953247
expose,1.4577734470367432,1.2573275566101074,0.9590469598770142
crush,1.364406704902649,1.480947732925415,0.8756294846534729
Punk,1.5520955324172974,1.6182163953781128,0.875201940536499
openly,1.2262111902236938,0.9836471676826477,0.9982419610023499
chicks,1.2230451107025146,1.5453001260757446,1.4555801153182983
Tattoo,1.1632972955703735,1.3599910736083984,1.1362195014953613
Gorgeous,1.0281682014465332,1.133216142654419,0.9801462888717651
explicit,1.0498069524765015,1.4476629495620728,1.1306257247924805
Vampire,1.1564480066299438,1.475845456123352,1.3027222156524658
blowjob,1.0768661499023438,1.2714910507202148,1.23774254322052
cheating,1.2955986261367798,1.1640002727508545,1.129509687423706
Runtime,0.8981993794441223,0.9388889074325562,1.0575745105743408
Jeans,0.8196048736572266,1.3446282148361206,0.930618166923523
Novel,0.8108354210853577,1.3395973443984985,0.8655912280082703
Clips,1.0179728269577026,1.1851270198822021,1.0040256977081299
shoots,1.4169937372207642,1.225074291229248,0.9135775566101074
vids,1.0477817058563232,1.1383963823318481,1.0184876918792725
Babe,1.2188870906829834,1.197326421737671,1.2266730070114136
Couple,0.8420466184616089,0.8712068796157837,1.1232191324234009
explores,1.1503690481185913,1.4461270570755005,0.9324875473976135
Tina,1.225854516029358,1.2108434438705444,0.8593645691871643
Identity,0.9796823263168335,0.8865636587142944,0.8391929268836975
denial,1.184897541999817,0.9366099238395691,0.9069799184799194
Diary,1.4781123399734497,1.4731308221817017,0.9137021899223328
Interviews,1.2825871706008911,0.8621190190315247,0.9777346849441528
shocking,1.4123648405075073,1.6370741128921509,1.0690667629241943
naughty,0.995055079460144,1.40869140625,1.1371651887893677
filming,1.341481328010559,1.4719020128250122,0.810991644859314
dawn,1.1676477193832397,1.029503345489502,0.9457961916923523
underwear,1.019963026046753,1.4874554872512817,0.9501705169677734
tit,0.9557710289955139,1.2037485837936401,1.1920243501663208
stretched,1.0742954015731812,1.0936028957366943,0.9388866424560547
rookie,1.3842660188674927,1.0894449949264526,0.8512400984764099
bondage,0.9885051846504211,1.3425400257110596,1.141052007675171
abused,1.505250096321106,1.0404516458511353,0.8825388550758362
stretching,1.1209125518798828,0.9755630493164062,0.9715673923492432
amid,1.371663212776184,1.3544607162475586,1.3165366649627686
Eva,1.1619560718536377,0.9961107969284058,0.9074403643608093
poses,1.3491147756576538,1.28643798828125,1.160186529159546
trio,1.448500156402588,1.2831709384918213,1.3882957696914673
orgasm,1.1912333965301514,1.5601310729980469,1.5080173015594482
En,0.9025347828865051,1.0504249334335327,1.296888828277588
vampire,1.0951368808746338,1.3325622081756592,1.1948351860046387
filmed,1.3508917093276978,1.387068271636963,0.8994357585906982
Passion,1.0802909135818481,1.4507604837417603,0.9649215340614319
indie,1.1829487085342407,1.6219314336776733,1.2050162553787231
Stones,1.5140204429626465,1.1497026681900024,0.9053198099136353
troubled,1.4544483423233032,1.2356035709381104,1.1221860647201538
Horny,1.0704504251480103,1.2056207656860352,1.4430335760116577
1950s,1.0232696533203125,1.1232324838638306,0.8591133952140808
cult,1.4182988405227661,1.1324225664138794,0.9121226072311401
surge,1.3685417175292969,0.9868441224098206,1.3031450510025024
Styles,1.4185097217559814,1.3023040294647217,0.855004608631134
LOS,0.9526457786560059,0.926995038986206,1.3797260522842407
hentai,0.9554910659790039,1.3076895475387573,1.197351336479187
Allison,1.273291826248169,1.0016543865203857,1.090531826019287
juicy,0.8468791842460632,1.3437469005584717,1.085841178894043
cocks,1.1106821298599243,1.4930288791656494,1.4970686435699463
stud,1.0075187683105469,1.1296699047088623,1.2335538864135742
shemale,1.0244932174682617,1.3263355493545532,1.3657041788101196
curves,0.8949691653251648,0.9347689747810364,1.1473416090011597
Cure,1.4363605976104736,1.0319831371307373,1.0381394624710083
Kristen,1.3875913619995117,1.588418960571289,0.9491294622421265
Spears,1.5103875398635864,1.5947543382644653,1.0704007148742676
Marilyn,1.1746456623077393,1.276045322418213,0.9586990475654602
Gang,1.50011146068573,1.3261873722076416,1.4035022258758545
Latino,0.9940080046653748,1.2868000268936157,1.465644121170044
guitarist,1.2480273246765137,0.9194139838218689,0.9039936661720276
addicted,1.4389991760253906,1.5489743947982788,1.2617241144180298
Venus,1.305897831916809,1.0840027332305908,1.2084580659866333
cunt,1.1170786619186401,1.3556889295578003,1.2322725057601929
suspects,1.1642330884933472,0.8970449566841125,0.8155542612075806
Tumblr,1.4937455654144287,1.679069995880127,0.9734297394752502
asshole,1.2764266729354858,1.4792492389678955,1.1290276050567627
DUI,1.4210377931594849,1.3370088338851929,1.112819790840149
Streaming,0.8036121726036072,1.0642778873443604,1.1953821182250977
explosive,1.5995385646820068,1.5962450504302979,1.149686336517334
Ana,1.3874224424362183,0.9408472180366516,0.8693475723266602
Rihanna,1.4120566844940186,1.5664209127426147,0.8485925793647766
Busty,1.1523898839950562,1.21938157081604,1.3526923656463623
licking,1.0951067209243774,1.323725700378418,1.1971101760864258
Courtney,1.4889180660247803,1.446075201034546,1.0263010263442993
cocaine,1.357246994972229,1.5192394256591797,1.0668895244598389
passwords,0.8574329018592834,1.0716081857681274,1.0298638343811035
messy,1.2795594930648804,1.4960471391677856,1.0276672840118408
wmv,1.2389832735061646,1.2100881338119507,1.0754798650741577
rehab,1.1729865074157715,0.8477257490158081,0.8352342844009399
posed,1.3652697801589966,1.2186565399169922,1.1632609367370605
Met,1.1148127317428589,1.0327179431915283,1.2546855211257935
dominate,1.1451774835586548,0.8945418000221252,1.1620756387710571
freelance,0.8753407001495361,1.097933292388916,0.925047755241394
russian,1.0126209259033203,1.1497244834899902,0.9759964346885681
Bollywood,1.1773135662078857,1.4735006093978882,0.9828768372535706
Brooke,1.4773778915405273,1.3793578147888184,1.1145931482315063
mpg,0.8982692360877991,1.008042335510254,1.134536862373352
sperm,1.0550373792648315,1.3409523963928223,1.5539395809173584
Nina,1.2536154985427856,1.121623158454895,1.0112576484680176
examines,0.9565346240997314,0.8223084211349487,0.8784788846969604
embarrassing,1.065889596939087,1.4624024629592896,0.8094363212585449
tattoos,1.3195637464523315,1.4562487602233887,0.8712780475616455
busty,1.1118172407150269,1.2508198022842407,1.3356119394302368
nipples,1.1018006801605225,1.3984612226486206,1.2173665761947632
sophomore,1.4031164646148682,1.4851303100585938,0.9354106187820435
70s,1.1571283340454102,1.29012930393219,1.0686960220336914
fucks,1.235673427581787,1.2468369007110596,1.1271916627883911
Vanessa,1.2958250045776367,1.3801559209823608,1.068131685256958
whore,1.1613556146621704,1.2427940368652344,1.2334699630737305
hopeful,1.1031137704849243,1.2711015939712524,0.8261061310768127
mp4,1.0170491933822632,1.1760239601135254,0.8119198679924011
lick,0.8756294250488281,1.14878249168396,0.8273422122001648
Starring,1.085817575454712,1.3236032724380493,1.3176809549331665
Tara,1.3818573951721191,1.30868661403656,0.8691526055335999
flashing,1.3605176210403442,1.4062458276748657,1.1564874649047852
Pakistani,1.2007508277893066,0.8150315284729004,0.9064708948135376
Samantha,1.2526416778564453,1.3179820775985718,1.050596833229065
Actress,1.2079544067382812,1.0642181634902954,1.1726785898208618
sexuality,1.0325727462768555,1.592806339263916,1.2453570365905762
posing,1.3503645658493042,1.4038318395614624,1.3233064413070679
Addiction,1.1798967123031616,1.3360925912857056,1.341587781906128
Ebony,1.0962152481079102,1.0262739658355713,1.337165355682373
Savage,1.3574093580245972,1.16680109500885,0.874201774597168
Vanity,1.2475852966308594,1.321420431137085,1.321722149848938
Webcam,1.0309783220291138,1.2490990161895752,1.285703182220459
pumping,1.145996332168579,1.0812259912490845,1.1400009393692017
Torrent,0.804638683795929,1.2575218677520752,0.8346021175384521
boiling,1.4794607162475586,1.1807233095169067,1.1309394836425781
Buffy,0.8371601700782776,1.58455228805542,0.9331120848655701
Spice,1.1341506242752075,1.277124047279358,1.0527660846710205
penetration,1.1681650876998901,1.2605814933776855,1.5558502674102783
Mouth,1.134697675704956,1.3721176385879517,1.13558828830719
Sin,1.0888972282409668,0.968474805355072,0.9769659638404846
encounters,0.9801902770996094,1.1009228229522705,1.1072100400924683
bisexual,1.042537808418274,1.4903393983840942,1.6322675943374634
Fucked,1.1272063255310059,1.1498847007751465,1.2759493589401245
lesbians,1.2567436695098877,1.4151302576065063,1.4502553939819336
ANGELES,1.1164077520370483,1.1982892751693726,1.5127508640289307
risky,1.0154714584350586,1.2261238098144531,1.1737257242202759
dicks,1.0802439451217651,1.4287511110305786,1.4062577486038208
Tight,1.315375566482544,1.4285625219345093,1.266816258430481
Nikki,1.4715543985366821,1.5296995639801025,1.2390365600585938
Angie,1.223610281944275,1.0693066120147705,0.8671750426292419
trans,1.0076082944869995,0.9491841793060303,1.3258079290390015
Diamonds,0.9825333952903748,1.4616140127182007,0.8373422622680664
Scenes,1.420671820640564,1.514426350593567,1.013317584991455
Bon,1.4902769327163696,1.2011768817901611,1.0021976232528687
piss,1.0804164409637451,1.2300093173980713,0.928191065788269
boob,1.0029863119125366,1.3484255075454712,1.1425420045852661
90s,1.4830354452133179,1.4903432130813599,1.110405445098877
Carmen,1.0312836170196533,0.9607051610946655,1.0069094896316528
Radar,1.5237904787063599,0.9055264592170715,0.8394652605056763
spreads,1.2738866806030273,1.2380996942520142,0.9715942144393921
Patrol,1.1748533248901367,0.8720208406448364,0.8974998593330383
Alison,1.3002381324768066,1.2447370290756226,0.9602317810058594
Cyrus,1.2541048526763916,1.205392837524414,0.9103657603263855
rubbing,1.153148889541626,1.2287836074829102,1.074194312095642
sluts,1.17355215549469,1.4112075567245483,1.4228726625442505
fierce,1.1852260828018188,1.1760166883468628,0.9065790772438049
reluctant,0.8637738227844238,0.8497195243835449,1.1978222131729126
excerpt,1.4338725805282593,1.2818557024002075,1.0390957593917847
Direction,1.5590521097183228,1.7408066987991333,1.0868467092514038
thriller,0.9900815486907959,1.5858819484710693,1.1363333463668823
shaved,1.1145330667495728,1.1990058422088623,1.286044955253601
Caught,1.265189290046692,1.3800386190414429,1.057719349861145
Bikini,1.2755509614944458,1.4582433700561523,1.244426965713501
VIEW,0.979541003704071,1.2839016914367676,1.1586110591888428
Gossip,1.2957061529159546,1.5775421857833862,1.2113555669784546
vagina,1.0597739219665527,1.5085808038711548,1.3825818300247192
Manga,0.8234318494796753,1.4078441858291626,0.9916205406188965
Alicia,1.2832934856414795,1.3390964269638062,0.9503750205039978
Brunette,1.1939785480499268,1.3736456632614136,1.3946858644485474
Babes,0.9183713793754578,1.2030256986618042,1.2722046375274658
Arrow,0.9454994201660156,0.9380738735198975,0.8093664646148682
Rebel,1.467479944229126,1.20745849609375,1.2129658460617065
fist,1.2551820278167725,1.4507691860198975,0.9897704720497131
interracial,1.0778226852416992,1.3648383617401123,1.4552825689315796
MILF,0.888168454170227,1.091829776763916,1.4449241161346436
Angelina,1.24029541015625,1.380233645439148,0.8897066712379456
Plot,1.1559876203536987,1.1704033613204956,0.9917953014373779
Modeling,0.9911254048347473,1.1151448488235474,1.0046643018722534
Trio,1.225266456604004,0.8219022154808044,1.2042402029037476
Faces,1.5699057579040527,1.335536003112793,0.8251149654388428
Recorded,1.187630295753479,1.0067431926727295,1.2922229766845703
gossip,1.105143427848816,1.4290907382965088,0.9115517139434814
60s,0.8917397856712341,1.1560707092285156,1.0933213233947754
juvenile,0.8034524321556091,1.46151602268219,1.0904003381729126
booty,1.1296621561050415,1.322352409362793,1.1952661275863647
harassment,1.4905285835266113,1.3125901222229004,1.0544939041137695
suburban,0.9197997450828552,1.092024803161621,1.1452476978302002
domination,1.14606773853302,1.4263015985488892,1.479369044303894
cons,1.0170646905899048,1.0450340509414673,0.8776385188102722
R&B,1.280260682106018,1.3744500875473022,1.283522605895996
Daniels,1.2363990545272827,0.8498552441596985,0.9300708770751953
breakthrough,0.8491632342338562,0.8210196495056152,1.176644206047058
forbidden,1.132668375968933,1.3347904682159424,1.0133342742919922
tackles,1.1498576402664185,1.2044230699539185,0.809766411781311
Pamela,1.2896989583969116,1.297622561454773,0.9965987205505371
Miley,1.29123055934906,1.5615088939666748,0.9369103908538818
Leigh,1.0715118646621704,1.040466547012329,0.9289215207099915
jerk,1.078993797302246,1.42945396900177,0.9386769533157349
Mann,1.2462971210479736,0.9908751249313354,1.043177843093872
detective,0.8103658556938171,1.1193370819091797,1.0500625371932983
Danielle,1.471070408821106,1.5154057741165161,0.9448065161705017
grinding,0.8832554221153259,0.9228293299674988,1.1607424020767212
robbery,1.465863823890686,1.2211934328079224,0.9942672848701477
Fetish,0.8255051970481873,1.2413774728775024,1.2696765661239624
Latina,1.290856122970581,1.4779399633407593,1.5885623693466187
clash,1.4161300659179688,1.1019824743270874,0.8078556656837463
hip-hop,1.5235390663146973,1.530474066734314,0.9160600304603577
psychic,1.3207166194915771,1.2033144235610962,0.8051411509513855
-0500,0.8971216082572937,1.2525100708007812,1.2738065719604492
flick,0.9163377285003662,1.6119581460952759,0.911551296710968
Bitch,1.1364344358444214,1.2954179048538208,0.9902085661888123
Naughty,0.9730511903762817,1.3462797403335571,1.2164616584777832
exploded,1.4020726680755615,1.6935110092163086,0.9922677278518677
punished,1.3172417879104614,1.1343244314193726,0.8648951649665833
counselor,1.323238492012024,0.8021299242973328,0.8664352297782898
juices,0.8210859298706055,1.1889163255691528,1.014613389968872
Blow,1.1356275081634521,1.0972493886947632,0.8737174868583679
offenders,0.8983176946640015,1.1271474361419678,0.9537644982337952
Goddess,1.2213636636734009,0.9767478108406067,1.0270888805389404
Seconds,1.1707922220230103,1.5378053188323975,1.4155634641647339
Un,1.2924474477767944,0.8760096430778503,0.810776948928833
Stern,1.0713993310928345,0.8890153765678406,0.9080690741539001
Anita,1.343970537185669,1.041212797164917,0.942674994468689
Dangerous,1.3838237524032593,1.3797986507415771,0.9191955924034119
Raven,1.3381223678588867,1.0210939645767212,1.0473432540893555
Billboard,1.3181607723236084,1.548012375831604,1.3137025833129883
Massive,1.170710802078247,1.122277855873108,1.1606523990631104
Mia,1.132383942604065,1.3906790018081665,0.894425630569458
exposing,1.440735936164856,1.4384002685546875,1.279976487159729
demon,1.259865164756775,1.0717051029205322,0.8198579549789429
Miranda,1.1041162014007568,1.1038734912872314,0.8284369111061096
Wired,1.027587652206421,1.0166515111923218,0.8003886938095093
Chick,1.1833562850952148,1.405640959739685,1.1940826177597046
Melanie,1.4430058002471924,1.4010281562805176,0.9688560962677002
Cyber,0.8916284441947937,1.2394875288009644,1.0353355407714844
skirts,0.8099321722984314,1.4424649477005005,0.9763725996017456
uncovered,1.33322012424469,0.9389475584030151,1.0330647230148315
addict,1.5576764345169067,1.575658917427063,1.3055784702301025
asses,1.148728370666504,1.4029817581176758,1.2151401042938232
Shots,1.0605032444000244,1.2579402923583984,0.9306197166442871
trafficking,1.3340778350830078,1.3241692781448364,0.8780222535133362
raped,1.4625507593154907,1.200424313545227,0.893686056137085
porno,0.9288814067840576,1.3248438835144043,1.1745158433914185
blond,1.1822177171707153,1.3835057020187378,1.4065589904785156
gays,1.1327130794525146,1.4067939519882202,1.211708664894104
Destiny,1.3642903566360474,1.3191032409667969,0.9502113461494446
thumbnail,0.8258309960365295,1.1331119537353516,1.159697413444519
rebel,1.5758589506149292,1.202212929725647,1.21303129196167
steroids,1.170587420463562,0.9845243096351624,0.8129237294197083
pumped,1.2294070720672607,1.2720285654067993,0.9665343761444092
felony,1.283898115158081,1.2069066762924194,0.9529109597206116
Stud,0.9442166686058044,0.9940913319587708,1.3567655086517334
mars,1.475460171699524,1.410698652267456,0.8470454812049866
Array,1.1946544647216797,1.2699286937713623,0.8708588480949402
fantasies,1.356945514678955,1.7926220893859863,1.2966817617416382
Bra,0.9325308799743652,1.2388532161712646,1.1574209928512573
bumps,1.17958664894104,1.2996063232421875,0.8084992170333862
masturbation,1.2623274326324463,1.5524786710739136,1.4834544658660889
Alexis,1.4367668628692627,1.4555312395095825,1.2768535614013672
abs,1.2664738893508911,1.3871417045593262,1.1422110795974731
Gina,1.1967970132827759,1.097702980041504,0.8929785490036011
homosexual,1.08621346950531,1.5737055540084839,1.3973758220672607
rapper,1.384885311126709,1.4094644784927368,0.8007479310035706
incest,1.1954679489135742,1.3960464000701904,1.226988673210144
Brittany,1.4930369853973389,1.4117861986160278,0.9332575798034668
plugged,1.1120836734771729,0.9574189186096191,0.9744953513145447
masturbating,1.2436268329620361,1.4381953477859497,1.3876500129699707
lust,1.456210732460022,1.6725839376449585,1.3073441982269287
NASDAQ,1.0756256580352783,0.897194504737854,1.2971136569976807
notorious,1.5569994449615479,1.3002086877822876,1.205862045288086
accidental,1.5557183027267456,1.3864719867706299,1.0513845682144165
confronted,1.0489015579223633,0.9895051717758179,0.9793441295623779
Actors,1.001277208328247,1.242396593093872,1.1344596147537231
aftermath,1.4539611339569092,1.2968673706054688,0.8759496212005615
Butt,1.321371078491211,1.2340998649597168,1.4775587320327759
bitches,1.2238250970840454,1.470873236656189,1.2954121828079224
vicious,1.2741167545318604,1.298614263534546,0.9402002692222595
Casting,1.0580101013183594,1.1110409498214722,1.038041591644287
cheerleader,1.3718127012252808,1.5319807529449463,1.1995419263839722
Jenna,1.2393943071365356,1.5307469367980957,1.1517667770385742
Kimberly,1.265615701675415,1.244759202003479,0.9139717817306519
Hairy,0.9199783802032471,1.0749953985214233,1.4912919998168945
confront,0.8492576479911804,0.9633015394210815,0.9962196350097656
Vogue,1.3774465322494507,1.4719659090042114,1.2263903617858887
latina,1.0252254009246826,1.3248786926269531,1.3091706037521362
sensual,0.8541116118431091,1.4916852712631226,1.2178446054458618
temptation,1.1389192342758179,1.4599798917770386,1.0595049858093262
Suicide,1.5733996629714966,1.571422815322876,1.3165947198867798
Blowjob,0.9773697853088379,1.1826741695404053,1.2528597116470337
Pregnant,1.3676131963729858,1.3955234289169312,1.3708134889602661
mega,0.8349684476852417,1.045576810836792,0.86573725938797
Alexandra,1.207763433456421,0.9790193438529968,0.8813188672065735
cyber,1.2488820552825928,1.5021350383758545,1.3251994848251343
Petite,1.0340062379837036,1.2674626111984253,1.358750343322754
DP,1.0273387432098389,0.9799872636795044,1.3131309747695923
british,1.049375057220459,0.9109269380569458,1.0303349494934082
drilled,1.356514573097229,1.3326241970062256,1.349837303161621
wildly,1.119545340538025,1.6643588542938232,0.9481626152992249
probation,1.2659285068511963,1.201640009880066,0.866070032119751
gigs,0.9495179653167725,1.0802795886993408,0.8041672706604004
explode,1.3193151950836182,1.6474404335021973,0.8300597071647644
MOVIE,0.8377150893211365,1.42998468875885,1.0850275754928589
speeding,1.243715524673462,0.903641939163208,0.992207407951355
craving,1.1736304759979248,1.6695879697799683,1.3461830615997314
Rough,1.26215398311615,1.1334593296051025,1.2866475582122803
highs,1.1153874397277832,1.6706148386001587,1.4959440231323242
Stunning,1.0534619092941284,1.0362651348114014,0.8993381261825562
Diaz,1.1672085523605347,0.9996716976165771,0.9559009671211243
thigh,0.9047743082046509,1.2995667457580566,1.120495080947876
Myspace,1.0439798831939697,1.4584845304489136,0.9884693026542664
Jensen,1.241020917892456,0.9745742082595825,0.9043233394622803
Alexa,0.92397141456604,1.2498927116394043,0.8948654532432556
novice,0.8148519396781921,0.9989784955978394,1.3374261856079102
Michaels,1.1285395622253418,1.0040596723556519,0.9663177728652954
Bowie,1.3989790678024292,1.5331780910491943,0.8354929685592651
pantyhose,0.8759469985961914,1.2305723428726196,1.269898533821106
Drunk,1.3320683240890503,1.3426978588104248,1.3046401739120483
goddess,1.3624327182769775,0.9533650875091553,1.1396714448928833
dudes,1.115453839302063,1.3575321435928345,1.1466271877288818
Panic,1.3590764999389648,1.5953105688095093,1.1473422050476074
sixteen,1.0016233921051025,0.9869305491447449,1.0328689813613892
teamed,1.2413722276687622,1.054410457611084,1.0034818649291992
spanking,0.9864869713783264,1.3980485200881958,1.1789023876190186
Kat,1.1776189804077148,1.4156289100646973,0.9494235515594482
Desire,1.2098731994628906,1.3206367492675781,1.3190264701843262
SEX,1.0532881021499634,1.4799178838729858,1.3787896633148193
idol,1.5140544176101685,1.3420463800430298,0.8521485924720764
Sophia,1.1856472492218018,0.9157323241233826,0.8026851415634155
arrests,1.4131640195846558,1.2048659324645996,1.1463419198989868
feminist,1.1495181322097778,1.5619525909423828,1.5373570919036865
Shemale,1.0777431726455688,1.3308069705963135,1.4814754724502563
volatile,1.34278404712677,0.8615072965621948,1.1207879781723022
eighteen,1.2132298946380615,1.0992356538772583,1.6283541917800903
amber,1.1152572631835938,0.8084551095962524,0.9968299865722656
Easton,0.8378581404685974,1.0123190879821777,0.838607907295227
Mistress,0.9260854125022888,1.1945093870162964,1.2253551483154297
Crimson,1.3081164360046387,1.0422370433807373,0.9102697968482971
Escort,0.8976266980171204,0.9497172236442566,1.5044546127319336
Nails,1.472952127456665,1.2124987840652466,1.2893638610839844
Playboy,1.298802137374878,1.4751267433166504,1.4608665704727173
urges,1.4033313989639282,0.9832962155342102,0.9194980263710022
audition,1.226818561553955,1.5875288248062134,1.0559966564178467
Jolie,1.2362143993377686,1.2926937341690063,0.945613443851471
bald,1.0108879804611206,1.1632577180862427,1.3738172054290771
clit,0.9690563678741455,1.4034780263900757,1.2872490882873535
aspiring,1.0352617502212524,1.4423291683197021,1.3611621856689453
bi,0.8289822936058044,1.1058528423309326,1.446943759918213
Teenage,1.720659613609314,1.7642781734466553,1.6690548658370972
Skinny,1.178910732269287,1.466215968132019,1.3695086240768433
Renee,1.1773546934127808,1.1764482259750366,0.939659059047699
sucker,0.8353246450424194,1.3405954837799072,0.9303012490272522
Boobs,0.9846674799919128,1.2439788579940796,1.2356666326522827
Thumbnail,0.8646175265312195,0.9620002508163452,0.8802887201309204
Girlfriend,1.4185870885849,1.3983252048492432,1.2337523698806763
Starr,1.3899611234664917,1.2440582513809204,1.1659549474716187
part1,1.3335093259811401,1.2622418403625488,0.839725911617279
superstar,1.176585078239441,1.1969953775405884,0.9496039152145386
april,1.066744089126587,1.0528672933578491,0.8128630518913269
Rookie,1.70278000831604,1.3070673942565918,1.0089898109436035
Demon,1.1339044570922852,1.0297069549560547,0.8963232040405273
homosexuality,1.0278024673461914,1.4525076150894165,0.9521592259407043
Glee,1.284690260887146,1.8162147998809814,0.945487380027771
petite,1.1464694738388062,1.4335898160934448,1.405004620552063
latin,1.02842116355896,1.2286226749420166,1.2208534479141235
Bound,1.3256248235702515,1.3175745010375977,1.1748034954071045
tranny,1.1214990615844727,1.2619071006774902,1.4020946025848389
pounding,1.4832442998886108,1.569724202156067,1.3614729642868042
tease,1.0685639381408691,1.4464762210845947,1.2436184883117676
Marijuana,1.4631212949752808,1.493505835533142,1.2851711511611938
Rage,1.7470529079437256,1.4774826765060425,1.0668714046478271
pleasures,0.9512550234794617,1.7039690017700195,1.1987425088882446
studs,1.1019057035446167,1.3884143829345703,1.4983370304107666
nipple,0.9157801270484924,1.3422560691833496,1.0731217861175537
Jasmine,1.2376165390014648,1.251959204673767,1.1122223138809204
offender,1.1130129098892212,1.2685472965240479,0.9664595127105713
heroin,1.5733802318572998,1.60384202003479,1.3928242921829224
suburb,1.1919957399368286,0.832839846611023,0.8025373816490173
Juliet,1.2242248058319092,1.4976961612701416,1.0018212795257568
flashes,1.3627313375473022,1.4329140186309814,1.434795618057251
Arrested,1.5211776494979858,1.4579271078109741,0.9327662587165833
thirteen,1.032721757888794,0.8315725326538086,0.8591805696487427
Pic,1.3349955081939697,1.2079110145568848,1.0119500160217285
aggressively,1.1407806873321533,0.9580374956130981,1.3863379955291748
spike,1.1134777069091797,1.4505728483200073,1.2121654748916626
youthful,0.8830921053886414,1.1004468202590942,1.2615622282028198
unsuccessful,0.9937970042228699,1.0361562967300415,1.1880214214324951
slips,0.9706948399543762,1.158772349357605,0.8197212815284729
filmmaker,1.1390581130981445,1.2539862394332886,0.9296051263809204
texting,1.2338850498199463,1.535834550857544,0.9851192831993103
BDSM,0.8387985825538635,1.554305911064148,1.5457526445388794
glamour,1.0622856616973877,1.5199859142303467,1.2602519989013672
starred,0.8637170791625977,1.0567543506622314,0.834963321685791
fourteen,0.9821470379829407,0.8141547441482544,0.8730853199958801
daring,0.929037868976593,1.5585664510726929,0.9957370758056641
nailed,1.2829656600952148,1.3211126327514648,1.0410341024398804
Mariah,1.3305912017822266,1.4585617780685425,0.9317107200622559
Lohan,1.3712302446365356,1.5488659143447876,1.2775379419326782
swollen,1.1058690547943115,1.2170878648757935,1.1682382822036743
soaked,1.2013850212097168,1.3503285646438599,0.8675708770751953
newbie,1.0105516910552979,1.231856107711792,1.2533320188522339
Sylvia,1.2203892469406128,0.990283727645874,1.001595377922058
interviewing,1.128844976425171,0.8268998861312866,1.0241719484329224
piercing,1.3952388763427734,1.613577127456665,1.4084906578063965
vaginal,0.9982722401618958,1.4013636112213135,1.5455865859985352
Veronica,1.2540842294692993,1.2428983449935913,1.118330717086792
intercourse,1.0164713859558105,1.4846559762954712,1.557128667831421
pornography,1.3200416564941406,1.6959359645843506,1.4548676013946533
Erica,1.4046845436096191,1.3777397871017456,1.1178778409957886
furious,1.3753787279129028,1.1580350399017334,0.9111379384994507
razor,1.2633723020553589,1.224518895149231,0.9700319766998291
Lara,1.2435863018035889,1.062805414199829,0.835928738117218
Meg,0.9107266068458557,1.207183599472046,0.9286466240882874
Perfume,0.877744197845459,0.863359808921814,0.8023711442947388
tortured,1.4665430784225464,1.323910117149353,1.0242490768432617
Popularity,0.8419634103775024,1.3037320375442505,0.8615655303001404
Diaries,1.6780842542648315,1.7501879930496216,1.3843106031417847
coup,1.5685478448867798,1.036904215812683,1.2175233364105225
roommate,1.1404706239700317,1.1106617450714111,0.8985621333122253
girlfriends,1.2929168939590454,1.4215333461761475,1.3532716035842896
Nasty,1.2329052686691284,1.3558765649795532,1.4066487550735474
Claudia,1.2627390623092651,0.9793232083320618,0.8654499650001526
unsigned,1.3739478588104248,0.9259185194969177,0.8091813921928406
lipstick,0.8899174928665161,0.9838297367095947,0.9893869757652283
Ariel,1.42740797996521,1.544741153717041,1.0466113090515137
VIDEOS,1.1590490341186523,1.227283239364624,0.8664206266403198
threesome,1.140878677368164,1.4275263547897339,1.4468419551849365
confession,1.462152361869812,1.3245396614074707,0.8587307929992676
sparked,1.586155652999878,1.6180906295776367,0.8896239399909973
Muse,1.4203693866729736,1.5113390684127808,1.026636004447937
Slave,1.297559380531311,1.0773993730545044,0.8594071269035339
Chicks,1.0529550313949585,1.518143892288208,1.426943302154541
Malibu,1.1735161542892456,0.8523968458175659,0.9694990515708923
convictions,1.120082139968872,1.1533812284469604,0.8326805830001831
filmmakers,1.0131181478500366,1.2759687900543213,1.0308300256729126
mistress,1.138065218925476,1.0034679174423218,1.1405487060546875
forwards,0.9589875340461731,0.9851709008216858,0.8730370402336121
previews,0.8691266179084778,1.010169267654419,0.8256821632385254
pussies,1.1924858093261719,1.5959033966064453,1.4868801832199097
psychologist,0.945741593837738,1.0473198890686035,0.8411811590194702
stripping,1.2069628238677979,1.0986546277999878,1.330374002456665
Milf,0.8518725037574768,0.9838366508483887,1.2564433813095093
experimenting,1.4113483428955078,1.4206461906433105,1.0830559730529785
minors,1.0262972116470337,1.2784454822540283,0.8025442361831665
banging,1.4131540060043335,1.471297264099121,1.3164433240890503
Genres,1.1626428365707397,1.7070692777633667,1.4391475915908813
crushing,0.9568883776664734,1.1858068704605103,0.8750417828559875
hotter,0.8578296899795532,0.9971383810043335,1.3113120794296265
condom,1.0652350187301636,1.435965657234192,1.181127667427063
teaser,1.0973429679870605,1.4937405586242676,0.8603881597518921
cellphone,1.1649824380874634,1.2299269437789917,0.9159875512123108
Triumph,1.3409767150878906,1.113551139831543,1.026261329650879
hackers,1.0791051387786865,1.1530635356903076,1.0022627115249634
european,0.8601639270782471,0.989669919013977,1.1171441078186035
Lips,1.1872855424880981,0.881466805934906,1.2989757061004639
tanning,1.168611764907837,0.9508183002471924,1.048057198524475
1920s,0.9405880570411682,0.9123543500900269,0.9815106391906738
slammed,1.3622697591781616,1.3812751770019531,1.1843339204788208
Nicki,1.1915738582611084,1.6000405550003052,0.8170918226242065
Sasha,1.4211785793304443,1.3725284337997437,0.9117749929428101
riot,1.5480109453201294,1.3930273056030273,0.8256639242172241
Huffington,1.2404584884643555,1.3134279251098633,1.2705938816070557
Thick,0.9393539428710938,0.817609965801239,1.185675024986267
shaving,1.0768139362335205,1.0130934715270996,1.1951613426208496
Â¤,0.8999792337417603,0.8442187905311584,0.9341351389884949
Sofia,1.2873284816741943,1.3471192121505737,1.1065939664840698
Toni,1.3233448266983032,1.4395657777786255,1.0220551490783691
passions,1.2948334217071533,1.630890965461731,1.0348141193389893
Olson,1.3810179233551025,0.8911977410316467,1.0899770259857178
inserting,0.9226834774017334,1.1076079607009888,0.9503518342971802
Mandy,1.2202736139297485,1.382206678390503,0.8759230971336365
ftp,1.0943008661270142,1.2748980522155762,0.9415477514266968
Suburban,1.312145471572876,1.0464109182357788,1.4551442861557007
drunken,1.185638189315796,1.3266202211380005,1.3177276849746704
orgy,1.1448835134506226,1.4855412244796753,1.4247106313705444
real-life,0.8962981700897217,1.4677637815475464,0.9740410447120667
filthy,1.0462994575500488,1.2251818180084229,0.9590193629264832
Holden,1.0777664184570312,0.8848916888237,1.2267152070999146
rebellion,1.3966355323791504,1.2295668125152588,1.0104035139083862
Erotic,0.8407949805259705,1.4345169067382812,1.386252999305725
chubby,0.9753609299659729,1.3185425996780396,1.3475215435028076
Fighters,1.2314844131469727,0.963346540927887,0.8238503336906433
vampires,0.9057742357254028,1.3151037693023682,1.3130848407745361
busted,1.4118632078170776,1.2938554286956787,1.0316449403762817
modelling,0.9304888248443604,1.1222892999649048,0.8131901621818542
Joanna,1.228427767753601,0.9566271305084229,0.8764673471450806
swell,1.1592793464660645,1.4727884531021118,1.11501145362854
thong,1.035206913948059,1.2995522022247314,0.9744327068328857
slippery,1.000690221786499,1.428748369216919,0.8627073168754578
Dickinson,1.4496188163757324,1.2413147687911987,1.256078839302063
forensic,1.0684278011322021,0.8323153257369995,0.830665647983551
adolescent,1.128477692604065,1.5546939373016357,1.320959210395813
exploited,1.6189005374908447,1.4747614860534668,1.3978604078292847
curly,1.2126281261444092,1.1791186332702637,1.0803722143173218
itching,0.8857278227806091,1.227492332458496,0.8053225874900818
memoir,1.144881010055542,1.6144675016403198,0.9839769601821899
Crimes,1.5006901025772095,1.4480096101760864,1.061232328414917
dripping,1.1745737791061401,1.5378222465515137,1.2106860876083374
thumbnails,0.8598976135253906,1.1302295923233032,1.1975960731506348
Nasdaq,1.0097726583480835,1.0960932970046997,1.3907020092010498
nerd,0.9150835871696472,1.661198377609253,0.8258609175682068
Threat,1.530466914176941,1.169914722442627,1.129590392112732
sweating,0.9401088356971741,1.0621391534805298,1.1375435590744019
hollywood,0.8310034871101379,1.2756016254425049,0.8379212021827698
kinky,1.0550568103790283,1.462613582611084,1.4740351438522339
Demi,1.2501819133758545,1.3040668964385986,1.1722643375396729
sloppy,1.3616139888763428,1.4334938526153564,1.0265100002288818
Interracial,0.931874692440033,1.2663488388061523,1.5353533029556274
bud,0.9363998770713806,1.296798586845398,0.8578583598136902
admitting,1.0196709632873535,1.2009464502334595,0.9816194176673889
GIRLS,1.1100434064865112,1.5538583993911743,0.8693353533744812
Carla,1.3234196901321411,1.3208507299423218,1.0554921627044678
Sheridan,1.2212707996368408,0.8474899530410767,0.9768052101135254
teasing,1.3781253099441528,1.5980684757232666,1.376232624053955
african,0.9374274611473083,0.8925382494926453,0.8190832734107971
vocalist,1.1046991348266602,0.8551010489463806,0.8940752148628235
climax,1.0203497409820557,1.7138595581054688,1.6129313707351685
Diva,0.9181145429611206,1.1749093532562256,0.9691386818885803
fingering,1.0993751287460327,1.339937686920166,1.208401083946228
offenses,1.0773810148239136,1.0703258514404297,0.874351441860199
Affair,1.2366995811462402,1.3412277698516846,1.2449727058410645
investigative,1.127000331878662,0.9215726852416992,0.8986464142799377
Ryder,1.1243436336517334,1.144981026649475,1.0245532989501953
penetrate,1.1991610527038574,1.1791532039642334,1.7171697616577148
Summers,1.3327728509902954,1.3131039142608643,1.4091740846633911
turmoil,0.9591525197029114,1.2788845300674438,1.0393599271774292
confrontation,0.9562915563583374,1.1022943258285522,1.0109223127365112
prolific,0.8942751884460449,0.8119121193885803,0.9069254398345947
pissing,1.1172033548355103,1.431950569152832,1.256253719329834
Peppers,1.4446992874145508,1.2296335697174072,0.9498124122619629
Dillon,1.3063477277755737,1.0491989850997925,0.9335161447525024
emo,1.5300475358963013,1.694871187210083,1.3788690567016602
rocker,1.1636018753051758,1.2771706581115723,0.9613779187202454
Selena,1.2242987155914307,1.5338764190673828,0.8378322124481201
Synopsis,1.3343048095703125,1.6954139471054077,1.657033085823059
verge,0.8693141341209412,1.3516063690185547,1.3123829364776611
topless,1.2022515535354614,1.442023515701294,1.2806463241577148
reckless,1.4826639890670776,1.4953436851501465,1.1041191816329956
redhead,1.1994425058364868,1.3007991313934326,1.406731367111206
WARNING,1.1239479780197144,1.4381541013717651,0.9286413192749023
stereotypes,0.9332540035247803,1.4198249578475952,1.1534242630004883
Bondage,0.9369746446609497,1.35757577419281,1.2839146852493286
frontier,1.1875123977661133,1.002469539642334,1.1237760782241821
Suck,0.8474600315093994,1.2370823621749878,1.0134114027023315
Hottest,0.9265645146369934,1.2832223176956177,1.3025301694869995
Slayer,1.1803455352783203,1.4111791849136353,1.0853441953659058
Slut,1.147212028503418,1.3231319189071655,1.3687818050384521
butts,1.1665375232696533,1.4783600568771362,1.2516649961471558
mpeg,0.8911245465278625,1.151511788368225,1.1808619499206543
soaring,1.0415061712265015,1.1284233331680298,0.8209412097930908
Housewives,0.9420657157897949,1.3876283168792725,1.5244852304458618
cutie,1.3105039596557617,1.5333116054534912,1.1899058818817139
Invasion,1.4835866689682007,1.7812200784683228,1.150443434715271
standings,1.3152015209197998,0.8859553933143616,0.9716609716415405
Christy,1.1986364126205444,0.9790147542953491,0.816116988658905
Franz,1.2555662393569946,1.0755646228790283,1.050820231437683
Rae,1.4488874673843384,1.296043872833252,1.1149523258209229
Kara,1.235825777053833,1.3041162490844727,0.8710296154022217
Cult,1.584460973739624,1.1754770278930664,1.3172552585601807
dorm,1.2730817794799805,1.5157123804092407,0.9581178426742554
GALLERY,1.1228015422821045,1.1512930393218994,1.1865880489349365
Minds,1.197343349456787,1.7533574104309082,0.9506598711013794
biker,1.107069969177246,1.4079073667526245,1.3101677894592285
Electro,0.9872693419456482,1.1005125045776367,0.9669990539550781
Paige,1.2865206003189087,1.496817708015442,1.005690097808838
POV,1.357580542564392,1.5508555173873901,1.4067596197128296
alarming,0.8313698172569275,1.0170433521270752,0.8989448547363281
fiery,1.3184734582901,1.1747994422912598,1.1209359169006348
provocative,1.1703929901123047,1.7922730445861816,1.3720512390136719
fest,1.115195870399475,1.3642348051071167,0.9990063905715942
bdsm,0.8074749112129211,1.294463038444519,1.2529882192611694
Natasha,1.3510150909423828,1.3543095588684082,1.0133469104766846
Fatal,1.3615546226501465,1.1105097532272339,0.9197216629981995
Sucking,0.9923293590545654,1.2793887853622437,1.3638056516647339
Debut,0.8288235068321228,1.2086541652679443,0.9905980825424194
Tubes,0.8917021751403809,0.8601115942001343,0.8791146874427795
stint,0.9732097387313843,1.1423147916793823,0.9335380792617798
flv,1.330534815788269,1.350909948348999,1.0409395694732666
Bodies,0.9886629581451416,1.0194839239120483,1.2605640888214111
Chances,1.2984044551849365,1.3050758838653564,1.0524970293045044
amateurs,1.117676854133606,1.3837525844573975,1.5133906602859497
Rape,1.5709556341171265,1.5375584363937378,1.2344952821731567
Embed,1.0990948677062988,1.2405112981796265,0.9182302951812744
Headlights,1.0098475217819214,1.1100099086761475,1.3090877532958984
Sundance,1.0833520889282227,1.6374024152755737,0.9999113082885742
debuted,0.89471834897995,1.2187906503677368,0.8601539731025696
dans,1.25300133228302,1.4019893407821655,1.2261732816696167
Scarlet,0.8215102553367615,1.2803149223327637,0.9078474044799805
dominating,1.3691630363464355,1.3435605764389038,1.4851009845733643
Olsen,1.3093820810317993,1.3282324075698853,0.9322715997695923
Booty,0.9413083791732788,1.162185788154602,1.0756007432937622
high-profile,0.8774721622467041,0.9556280374526978,1.1390177011489868
Anger,1.2528761625289917,1.3096078634262085,0.9191147685050964
Sucks,1.201253890991211,1.1959640979766846,1.2370134592056274
heroine,1.0942209959030151,1.5330111980438232,1.1361106634140015
overdose,1.3725683689117432,1.0980396270751953,1.0330005884170532
MODELS,0.8713604807853699,1.2252267599105835,1.6687690019607544
activism,1.295291781425476,1.1897891759872437,0.8780980110168457
une,1.1136492490768433,1.382849931716919,0.9382003545761108
cumshot,1.0144386291503906,1.2417261600494385,1.256525993347168
gangs,1.590654730796814,1.4826571941375732,1.2648144960403442
Simone,1.3691277503967285,1.494756817817688,1.135504961013794
tendencies,0.871216356754303,1.2338312864303589,0.8884302973747253
Giovanni,1.3724952936172485,0.9468483328819275,1.165223479270935
ghetto,1.5501725673675537,1.5523768663406372,1.1621930599212646
restless,1.1821624040603638,1.2923778295516968,1.0362348556518555
06:00,0.8663887977600098,0.9129824638366699,1.0878769159317017
Clash,1.406929612159729,1.5593234300613403,1.0218480825424194
eyed,1.0411887168884277,1.3108673095703125,0.8935283422470093
tights,0.8813685178756714,1.4841214418411255,0.9432545304298401
ACCESS,0.96271151304245,1.2241058349609375,1.1280437707901
Panties,0.9517662525177002,1.305730938911438,1.1507847309112549
Reddit,1.3931430578231812,1.7306393384933472,1.4808927774429321
rampant,1.4344242811203003,1.4637144804000854,1.383431077003479
sublime,1.2645665407180786,1.6587085723876953,0.8072192668914795
prostitution,1.5192166566848755,1.6691217422485352,1.3954099416732788
Sheen,1.1225545406341553,0.9459219574928284,0.9793598055839539
youths,1.2071003913879395,1.2255048751831055,0.8492313027381897
underage,1.436168909072876,1.5701618194580078,1.3709733486175537
Cigarette,1.2803224325180054,1.2237679958343506,1.6066254377365112
Byrne,1.2742291688919067,1.0601887702941895,1.1421610116958618
Hendrix,1.5305601358413696,1.253759503364563,0.8461298942565918
cannabis,1.145315170288086,1.2105469703674316,1.2270190715789795
Incident,1.5084400177001953,0.9440996646881104,0.821058452129364
roaming,1.0958926677703857,0.878655195236206,0.8011889457702637
raging,1.5013980865478516,1.6683241128921509,1.4846473932266235
fueled,1.4166271686553955,1.5289113521575928,1.2235784530639648
preteen,1.3212858438491821,1.6183727979660034,1.2537131309509277
Hanna,1.3581717014312744,1.4814833402633667,1.044084072113037
chats,0.9419421553611755,1.3781116008758545,1.4474234580993652
meth,1.6570378541946411,1.5820540189743042,1.152776837348938
hacker,1.5090866088867188,1.4319618940353394,1.2321232557296753
homicide,1.4185794591903687,1.3080940246582031,1.247074007987976
tumblr,1.4309196472167969,1.6479601860046387,0.9884757995605469
Tanya,1.271519422531128,1.0321437120437622,1.0172580480575562
frenzy,1.5455564260482788,1.8283817768096924,1.2088723182678223
trance,1.40531325340271,1.5825895071029663,0.9217391610145569
nudity,1.2223693132400513,1.64180588722229,1.4103296995162964
Tender,0.8255031108856201,1.0224099159240723,0.995286762714386
Cougars,0.8377302885055542,0.9170708060264587,1.130340576171875
Md.,1.5262653827667236,0.8035762310028076,0.8088535070419312
Vaughn,0.9892511367797852,0.8442166447639465,0.8925583958625793
addicts,0.9978662133216858,1.2799164056777954,1.2945541143417358
Bridget,1.1297798156738281,1.0780673027038574,0.8970634341239929
Farrell,1.0485321283340454,0.9094485640525818,1.0986281633377075
Roxy,1.2160893678665161,1.5719150304794312,0.9937049746513367
Nipples,0.9697734117507935,0.963270366191864,1.10490882396698
backstage,1.1782747507095337,1.6394020318984985,0.8085981607437134
licked,0.9420304298400879,1.1885513067245483,1.0437384843826294
Tattoos,1.0455472469329834,1.5442007780075073,0.9782422184944153
candid,1.1987946033477783,1.6209346055984497,1.2947243452072144
Boyfriend,1.2279367446899414,1.5229803323745728,1.130549669265747
Mona,1.0599161386489868,1.0702615976333618,0.9595037698745728
bottoms,0.9301957488059998,1.5243839025497437,0.825572669506073
booze,1.1021926403045654,1.462775468826294,1.0419682264328003
Petty,1.295898675918579,1.0071468353271484,0.9939199090003967
Gemini,1.046846628189087,1.313151478767395,1.1250675916671753
swallowing,0.9740784168243408,1.3010972738265991,1.392616868019104
splits,1.131909966468811,1.034864902496338,1.042286992073059
actresses,1.0064053535461426,1.2585150003433228,1.4111132621765137
anthology,0.8309156894683838,1.5828200578689575,1.249401330947876
Malone,1.107468843460083,0.8749483823776245,0.9916654229164124
Newbie,0.9726163148880005,0.9403271079063416,1.3263447284698486
Elle,1.4495497941970825,1.6585160493850708,1.413983702659607
hottie,1.2669669389724731,1.4957829713821411,1.4191436767578125
Situation,1.1519036293029785,1.1813020706176758,1.1388416290283203
COLLEGE,1.1354087591171265,1.5705466270446777,0.8873037099838257
Rossi,1.3115657567977905,1.0294198989868164,1.1869866847991943
humiliation,1.2808942794799805,1.506759762763977,1.400978446006775
quartet,1.305625081062317,1.1962552070617676,1.3664500713348389
paranormal,1.022438883781433,1.6117324829101562,1.1505383253097534
nightclub,1.0235912799835205,1.3535186052322388,1.2014548778533936
Furious,1.5130724906921387,1.2931785583496094,0.8532828688621521
909,0.9717444777488708,0.9940018653869629,0.8151589035987854
Juli,1.571494221687317,1.0967638492584229,1.2566932439804077
midfielder,1.1362046003341675,0.9768895506858826,0.8628576397895813
Pill,0.9230789542198181,1.1922049522399902,1.576385736465454
Kylie,1.102094292640686,1.4673022031784058,0.881157398223877
All-American,1.316778302192688,1.5718237161636353,0.9250726699829102
lolita,1.1532517671585083,1.4911147356033325,1.0439640283584595
clomid,1.0658646821975708,1.411296010017395,1.1980676651000977
Wilde,1.2400912046432495,1.508955955505371,1.3238599300384521
Freshman,1.6411408185958862,1.6292592287063599,1.0217585563659668
pierced,1.3566257953643799,1.36566960811615,1.381448745727539
Carly,1.3277873992919922,1.4682676792144775,0.8217320442199707
Viral,0.833871066570282,1.3928771018981934,0.8518084287643433
housewife,0.900398313999176,1.085211157798767,1.4114952087402344
insecure,0.8219087719917297,1.2821249961853027,1.0071121454238892
beauties,1.3609645366668701,1.6351902484893799,1.5137773752212524
Alba,1.011780023574829,1.0241062641143799,1.3715201616287231
speculative,0.8132084012031555,1.3323758840560913,0.8812200427055359
Razor,1.2093260288238525,0.999642014503479,0.8894601464271545
avec,1.454819679260254,1.52064847946167,1.3114571571350098
spoilers,0.9624200463294983,1.1933504343032837,0.8234044909477234
Forced,1.2391026020050049,1.2222614288330078,1.054276943206787
deter,1.305381417274475,1.1292779445648193,0.9838621020317078
Vega,1.2835415601730347,0.8880113959312439,1.3536701202392578
Teaser,1.0429444313049316,1.5998214483261108,1.1166963577270508
Juni,1.5541071891784668,1.2366001605987549,1.351304292678833
exposes,1.5967072248458862,1.690550684928894,1.4963942766189575
Lena,1.173244833946228,0.8484601974487305,0.9996879696846008
undercover,1.3463274240493774,1.465449571609497,1.2967772483825684
lad,1.0136538743972778,1.0721113681793213,0.9467446208000183
steroid,1.0041429996490479,0.9401365518569946,1.0404863357543945
thugs,1.2615607976913452,1.2188761234283447,1.001987338066101
statistic,0.8730323910713196,0.9516639709472656,0.8564764857292175
exploits,1.3741687536239624,1.3517491817474365,0.8918494582176208
ENTER,0.9550060033798218,1.4638930559158325,1.3985587358474731
Innocent,1.4927080869674683,1.3799402713775635,1.318920612335205
