word	dim1	dim2	cluster
किशोरवयमा	4.345848560333252	9.782515525817871	4
किशोरमा	4.416806221008301	9.868698120117188	4
किशोरअवस्था	4.119227409362793	9.951876640319824	4
किशोरजीका	4.561041355133057	9.719256401062012	4
किशोरहरु	4.140384197235107	10.838423728942871	4
किशोर	4.415390491485596	9.413774490356445	4
किशोरका	4.483924388885498	9.947482109069824	4
किशोरवय	4.399538516998291	9.951420783996582	4
किशोरीमल	4.519700050354004	10.094452857971191	4
किशोरदेह	4.560736656188965	9.744168281555176	4
किशोरीहरु	4.540957927703857	10.821908950805664	4
किशोरीमा	4.406463146209717	10.357184410095215	4
किशोरीका	4.45447301864624	10.261627197265625	4
किशोरी	4.440325736999512	10.246516227722168	4
किशोरजंग	4.635445594787598	9.584068298339844	4
किशोरीकी	4.4826812744140625	10.300867080688477	4
किशोरकिशोरी	4.558842182159424	10.554777145385742	4
किशोरावस्था	1.3179930448532104	10.69507122039795	4
किशोरमान	4.633033275604248	9.622864723205566	4
किशोरहरू	4.246373653411865	11.027779579162598	4
किशोरकिशोरीमा	4.512220859527588	10.45165729522705	4
किशोरकिशोरीहरु	4.585005760192871	10.90767765045166	4
किशोरीले	4.520885944366455	10.449997901916504	4
किशोरलाई	4.227843761444092	9.765434265136719	4
किशोरपुरा	4.497166156768799	10.012419700622559	4
किशोरीमध्ये	4.225040435791016	10.127087593078613	4
किशोरीहरुमा	4.532529830932617	10.819770812988281	4
किशोरकान्त	4.675971984863281	9.66284465789795	4
किशोरले	4.332644462585449	9.805459976196289	4
किशोरकिशोरीका	4.564516544342041	10.372416496276855	4
किशोरीहरू	4.53012752532959	11.31911849975586	4
किशोरावश्थाको	1.4337849617004395	10.660822868347168	4
किशोरबाट	4.262470245361328	9.803515434265137	4
किशोरको	4.5678887367248535	9.929368019104004	4
किशोरावस्थामै	1.3161040544509888	10.668964385986328	4
किशोरकिशोरीहरू	4.607888698577881	11.251548767089844	4
किशोरकिशोरीले	4.533997535705566	10.5	4
किशोरीहरुलाई	4.566761493682861	10.841093063354492	4
किशोरीहरुको	4.4513750076293945	10.939164161682129	4
किशोरसिंह	5.175553321838379	8.992498397827148	4
किशोरावस्थाका	1.2332264184951782	10.689199447631836	4
किशोरकिशोरीको	4.576894283294678	10.526719093322754	4
किशोरीहरूलाई	4.531408309936523	11.286090850830078	4
किशोरीहरूको	4.441107273101807	11.25928020477295	4
किशोरकिशोरीहरुलाई	4.55659818649292	10.924625396728516	4
किशोरावस्थामा	1.2794474363327026	10.695015907287598	4
किशोरावस्थाले	1.3196818828582764	10.713261604309082	4
किशोरीहरूका	4.492995738983154	11.337159156799316	4
किशोरीलाल	4.499606132507324	10.266940116882324	4
किशोरीहरूमा	4.494750499725342	11.338716506958008	4
किशोरकिशोरीलाई	4.573475360870361	10.64049243927002	4
किशोरकिशोरीहरुको	4.530792236328125	10.878644943237305	4
किशोरहरुले	4.2396111488342285	10.93386459350586	4
किशोरावस्थाको	1.3120636940002441	10.686294555664062	4
किशोरीहरुले	4.4977569580078125	10.879587173461914	4
किशोरहरुका	4.173482418060303	10.741209030151367	4
किशोरावस्थालाई	1.3115257024765015	10.69387435913086	4
किशोरहरूमा	4.2281622886657715	11.042646408081055	4
किशोरकिशोरीहरूका	4.515625476837158	11.35910701751709	4
किशोरकिशोरीहरूलाई	4.600976467132568	11.201164245605469	4
किशोरचन्द्र	5.282657146453857	9.223907470703125	4
किशोरनरसिंह	5.145667552947998	9.009231567382812	4
किशोरकिशोरीहरूले	4.511898040771484	11.342265129089355	4
किशोरमाथि	4.343985080718994	10.326560974121094	4
किशोरकिशोरीहरूको	4.476068019866943	11.322710037231445	4
किशोरकिशोरीहरूमा	4.525506496429443	11.370298385620117	4
किशोरीहरूले	4.506910800933838	11.380423545837402	4
किशोरीमाथि	4.479074001312256	10.479870796203613	4
डोलकिशोर	6.784460544586182	9.06955623626709	2
किशोरावस्थादेखि	1.0832880735397339	10.488558769226074	4
बालकन्या	6.663468360900879	1.0012640953063965	7
किशोरबहादुर	5.277842998504639	9.068432807922363	4
किशोरकिशोरीहरूसँग	4.5493268966674805	11.333629608154297	4
किशोरहरुको	4.169858455657959	10.879798889160156	4
युवकयुवती	0.2252737134695053	5.907431125640869	1
किशोरहरूले	4.182216644287109	11.093344688415527	4
किशोरीको	4.4664530754089355	10.347636222839355	4
किशोरीलाई	4.661641597747803	10.542552947998047	4
किशोरीहरुमाथि	4.449126243591309	10.770866394042969	4
किशोरहरूको	4.268037796020508	11.117436408996582	4
किशोरीहरूसँग	4.551145076751709	11.36099624633789	4
सुरकिशोर	6.847760200500488	9.13323974609375	2
वृजकिशोर	6.879941940307617	9.16162109375	2
जवान	2.5977518558502197	9.280774116516113	3
सुरकिशोरदास	6.948658466339111	9.255180358886719	5
किशोरहरूलाई	4.213415145874023	11.03557014465332	4
किशोरकुमार	5.43413782119751	9.170914649963379	4
उमेरै	-0.09296967089176178	8.79922866821289	6
किशोरीद्धारा	4.478328227996826	10.265183448791504	4
प्रेमकिशोर	6.657264232635498	9.005491256713867	2
युवतीः	-0.8928238749504089	5.584354877471924	1
श्रीकिशोरी	4.4556989669799805	10.243889808654785	4
बृजकिशोर	6.881540298461914	9.158979415893555	2
युगलकिशोर	6.843978404998779	9.121158599853516	2
अवधकिशोर	6.88223934173584	9.16312313079834	2
युवावस्था	0.7001507878303528	10.698670387268066	6
रामकिशोर	6.796259880065918	9.15343189239502	2
युवति	-0.6882408261299133	5.757802963256836	1
युवतीमध्ये	-0.7896285057067871	6.2822370529174805	1
तरुणावस्था	0.8173977732658386	10.94542407989502	5
नंदकिशोर	6.8762383460998535	9.141993522644043	2
युवतीकी	-0.9431280493736267	5.634288311004639	1
युवावस्थामा	0.7626651525497437	10.64554500579834	6
युवती	-0.7466129660606384	5.789031982421875	1
यौवनानस्था	0.8206962943077087	10.947203636169434	5
टिनएजका	3.786997079849243	5.35182523727417	5
तरुणी	3.758352756500244	6.4404802322387695	5
युवावस्थामै	0.7385089993476868	10.660049438476562	6
युवतीबाट	-0.851060688495636	5.6714253425598145	1
अमरकिशोर	6.9277663230896	9.196235656738281	2
तरुनीहरु	1.6052799224853516	5.2911176681518555	6
ब्रजकिशोर	6.886114597320557	9.147551536560059	2
उमेरैमा	-0.06555644422769547	8.890118598937988	6
युवतीसहित	-0.39013755321502686	5.757474422454834	1
युवतीसंग	-0.7417682409286499	5.506228446960449	1
जवाना	2.671638250350952	9.20285415649414	5
शुभकन्या	6.758707523345947	0.9464096426963806	7
कुमाररुमा	6.291605472564697	8.080483436584473	2
यौवनावस्थामा	0.8449417352676392	10.94813346862793	5
युवतिलाई	-0.6209337711334229	5.8104658126831055	1
इन्दौरका	5.815184593200684	8.110652923583984	5
युवत	-0.8886147141456604	5.625003814697266	1
युवतीका	-0.9954559206962585	5.699370861053467	1
युवावस्थाको	0.7312573790550232	10.688694953918457	5
कन्या	6.684260368347168	0.9515937566757202	7
युवतीसाग	-0.8156006336212158	5.4709601402282715	1
जवानबाट	2.769327163696289	9.119081497192383	6
कलिली	1.8479260206222534	7.240601062774658	6
युवतीबीच	-0.6671403646469116	5.331674098968506	1
युवावस्थादेखि	0.7027271389961243	10.422464370727539	5
युवतीकै	-1.034115195274353	5.631468772888184	1
युवकबीच	0.37465977668762207	5.85861349105835	6
युवावस्थाका	0.7818949222564697	10.734990119934082	5
जन्मन्या	7.053193092346191	1.012450098991394	5
कलिलैमा	1.6905813217163086	7.23688268661499	6
तरुनी	2.4334702491760254	7.16087532043457	1
युवतीदेखि	-1.0781960487365723	6.002476215362549	1
युवतिको	-0.740398645401001	5.694951057434082	1
पुनिता	5.240295886993408	7.072088718414307	2
युवावस्थालाई	0.8138489723205566	10.768420219421387	5
यौवनावस्था	0.7693371772766113	10.987690925598145	5
बालकदेखि	0.15035440027713776	9.9293794631958	6
हिंडन्या	7.039851188659668	0.9616954922676086	5
row16	5.382650852203369	6.293525695800781	2
भर्खरका	-0.9216641187667847	6.21842098236084	6
अधवैंसे	-0.2644334137439728	6.236599922180176	5
उमेरका	-0.09543880075216293	8.551465034484863	3
कन्यावेदिनश्च	5.101691722869873	0.34633034467697144	7
युवतीमाझ	-0.9932756423950195	5.581325531005859	1
जवानि	2.5692498683929443	9.219886779785156	6
युवतीतिर	-1.0260016918182373	5.619013786315918	1
वृद्द	-0.5392590165138245	11.57530403137207	6
अधबैंसे	-0.26557737588882446	6.2013325691223145	6
केटाहरू	1.1006509065628052	4.14116907119751	1
झुत्रे	2.7893946170806885	7.249634742736816	5
रुद्रकन्याभिर्नृत्यन्तीभिर्निषेवितः	3.796635627746582	5.953172206878662	5
यौवना	2.0755090713500977	7.171323299407959	6
युवतिहरु	-0.20275335013866425	5.756895065307617	1
मोहापात्रा	4.096740245819092	7.608012676239014	5
युवागायक	4.4060821533203125	6.975331783294678	2
प्रौढावस्था	0.9028029441833496	10.864789962768555	5
डिस्ट्रिव्युसन	4.587063789367676	5.3333659172058105	5
युवा	0.6445454955101013	10.129772186279297	3
पद्यमकन्या	6.771732330322266	0.9811863303184509	7
केटासाथी	0.5329321622848511	4.623598575592041	6
उमेरदार	-0.19872590899467468	8.976851463317871	6
वर्षउमेरका	-0.03258496895432472	8.371045112609863	6
गर्भधरणाका	1.1867567300796509	8.656576156616211	5
जवानीका	2.5886056423187256	9.158553123474121	6
सुकन्या	6.853770732879639	0.9389660954475403	7
युवायुवतीमध्ये	-1.484302282333374	6.3212666511535645	6
नवलकिशोर	6.840915203094482	9.18813419342041	2
वालिका	2.76206111907959	4.064517498016357	2
संगिनी	3.984870433807373	6.839776039123535	2
युवकसाग	0.3110736310482025	5.914166450500488	6
उमेर	-0.31637534499168396	8.941132545471191	3
साथीसँगाती	0.7603657841682434	5.39450740814209	6
युवतीसँगको	-0.5496692657470703	5.30627965927124	1
केटिहरू	1.3494330644607544	4.769315242767334	6
मञ्जिला	5.812589645385742	6.988504409790039	2
टिनएजर्स	3.978945255279541	5.400025367736816	5
बालकथाहरु	2.337761163711548	3.3811821937561035	6
शैशव	1.7008697986602783	7.178445339202881	6
row18	5.4358930587768555	6.275224208831787	2
उमेरसमूहका	-0.3858087360858917	8.742744445800781	6
भाइबहिनीहरु	1.9180448055267334	5.6730194091796875	6
प्रनिता	5.295895576477051	7.081387042999268	2
मोडर्नकन्या	6.779667377471924	0.9113855957984924	7
नानीराम	4.523801326751709	7.251740455627441	2
युवतीसँगै	-0.7649958729743958	5.430257320404053	1
बच्चामध्ये	0.09611475467681885	7.210610389709473	6
युवतीझैं	-0.880531370639801	5.5404510498046875	1
उमेरकालाइ	-0.19916048645973206	8.745351791381836	6
कुन्दनले	5.243765354156494	7.5983991622924805	5
राजकन्या	6.715412139892578	1.0326170921325684	7
युवकका	0.27622902393341064	5.926455497741699	1
बच्चादानी	1.3704952001571655	6.700645446777344	5
रञ्जीता	5.217864036560059	7.985066890716553	2
बूढाबुढी	2.845412254333496	7.56588077545166	6
युवतीहरु	-1.9079920053482056	5.65051794052124	1
लक्का	2.5491833686828613	9.257240295410156	6
महिलाउमेर	-1.1251695156097412	7.253215312957764	5
यौवनले	2.4696803092956543	7.126340866088867	6
केटीहरु	0.30007404088974	3.564181089401245	1
टेकन्या	6.8695197105407715	0.9189268946647644	7
एउटीलाई	3.054379940032959	8.280025482177734	5
नानीबाबु	5.3300461769104	7.4911651611328125	2
केटासाथीसँग	0.43664753437042236	5.065835952758789	6
बालवृद्धा	-0.43327465653419495	11.481298446655273	5
मनोरोगी	3.507661819458008	6.4322052001953125	6
युवतीहरुमा	-1.9369009733200073	5.63455057144165	1
केटाकेटि	0.6003561019897461	3.8585622310638428	6
उमेरकालाई	-0.14322945475578308	8.683709144592285	6
केटीहरुका	0.36664924025535583	3.572066068649292	1
झुम्री	3.2460644245147705	6.962652683258057	5
कन्याकी	5.089125156402588	0.3447170853614807	7
केटाहरुलाई	1.2433093786239624	4.183107376098633	1
जवानिको	2.623849391937256	9.242629051208496	5
महिलार	-1.1654492616653442	7.252416133880615	6
साथीसँगी	0.686021625995636	5.320156097412109	6
कन्यामध्ये	5.125201225280762	0.3018853962421417	7
युवतीसित	-0.7469080686569214	5.420070171356201	1
प्रौढलाई	1.2821016311645508	10.346625328063965	5
बालकरूपी	2.3360488414764404	3.2306697368621826	6
युवकमा	0.329116553068161	5.935156345367432	6
अविवाहिता	-0.17713624238967896	4.885630130767822	6
देवनले	3.733219861984253	6.564266204833984	5
युवतीलाई	-0.9667004942893982	5.664772987365723	1
झ्न्डै	4.274846076965332	5.812266826629639	5
किशोडावस्थादेखि	0.7443514466285706	10.262048721313477	5
युवतीहरुका	-1.9208430051803589	5.582972526550293	1
केटाहरु	1.1483759880065918	4.22187614440918	1
साथीसहित	0.6284096837043762	5.977704048156738	6
केटाकै	0.5632288455963135	4.330783367156982	6
मग्नी	3.738157033920288	7.314153671264648	6
तरुनो	2.204379081726074	7.238884925842285	6
युवावयका	0.6601870656013489	10.473625183105469	5
दक्षकन्या	6.735757350921631	1.0074020624160767	7
row39	4.982517242431641	6.028135776519775	5
वृद्धा	-0.4608055055141449	11.496976852416992	3
केटाकेटिले	0.6125736832618713	3.8332884311676025	6
बिदुवा	4.1578898429870605	6.849549293518066	5
उमेरकी	-0.15256159007549286	8.711909294128418	1
गर्भवतीका	1.2563947439193726	8.7276029586792	6
पाका	-0.1011277362704277	8.457637786865234	3
पुरुषमध्ये	-0.2565075159072876	7.225396156311035	6
जना	0.2534332871437073	6.765149116516113	0
काँइली	5.2201104164123535	6.272204399108887	5
सानुबाबु	5.4843926429748535	7.528813362121582	2
केटीसंग	0.04932275786995888	4.5572004318237305	1
आइमाईहरु	1.5035910606384277	5.121765613555908	6
मिथुनाकुल	4.097386837005615	6.183748245239258	5
भाइहरू.दिलिप	2.4400253295898438	5.965328216552734	5
बालिकाहरु	2.6520743370056152	4.000825881958008	6
युवतीहरुले	-1.931745171546936	5.642689228057861	1
युवायुवती	-1.6953332424163818	6.181961536407471	1
वीणावादनमा	4.226431846618652	6.760123252868652	5
भर्खरकी	-0.9292464256286621	6.299071311950684	6
केटिलाइ	0.9738632440567017	4.672666072845459	6
भाइबहिनी	2.0320401191711426	5.774451732635498	6
महिलासँगै	-1.1469465494155884	7.173201560974121	6
महिलामध्ये	-0.5225685238838196	7.2269606590271	6
बालकैमा	2.3239259719848633	3.2310850620269775	6
केटासाग	0.5799249410629272	4.545421123504639	6
बालबालिकामध्ये	0.23639628291130066	7.299752235412598	6
युवतीहरुबाट	-1.9850229024887085	5.65978479385376	1
बृद्धावस्था	0.5759332180023193	11.061054229736328	6
हाटीका	4.1440348625183105	7.996117115020752	5
कुन्दन	5.387219429016113	7.643637657165527	2
युवकहरु	0.20472446084022522	5.8770012855529785	1
बालकसित	2.3427536487579346	3.259239912033081	6
केटाकेटीहरू	0.6004294157028198	3.645014524459839	6
उमेरकाले	-0.15034249424934387	8.712020874023438	6
फेन्दुवा	4.555969715118408	7.020172595977783	5
केटी	-0.09384872019290924	4.248088836669922	1
युवतीहरुकै	-1.9703961610794067	5.616996765136719	1
वर्षकी	1.2060401439666748	7.575592041015625	1
आईमाईहरु	1.4231094121932983	5.035012722015381	6
युवतिले	-0.7589597105979919	5.721469879150391	1
प्रोफाईलहरू	3.1920077800750732	5.596791744232178	5
बहिनीमध्येकी	0.08618614077568054	6.988438129425049	5
अनिशा	5.588433742523193	7.028956890106201	2
युवतीहरूले	-1.6344348192214966	5.282241344451904	1
महिलाएँ	-1.1462782621383667	7.193705081939697	6
आइमाइहरू	1.4532049894332886	5.139730930328369	6
बालकझैँ	2.349412679672241	3.2246198654174805	6
महिलाठेगाना	-1.0981191396713257	7.270391464233398	5
युवकतिर	2.935910224914551	6.037059307098389	5
जुलिता	5.061959266662598	6.0967864990234375	5
जोइटिङ्ग्रे	2.731389284133911	6.708963871002197	5
गुल्पी	4.127947807312012	6.572868824005127	5
एन्जियोल्पाष्टी	4.501944065093994	5.544791221618652	5
कन्याकेटीहरू	4.7222113609313965	0.5700373649597168	7
titans	6.139350891113281	7.542486667633057	5
बालवालिका	2.7129316329956055	4.141192436218262	6
पद्यकन्या	6.766353607177734	0.8938013911247253	7
प्रौढ	1.22411048412323	10.332406044006348	3
विवेककुमार	5.934751987457275	8.844148635864258	2
वृद्धासम्म	-0.43159350752830505	11.508614540100098	6
गर्भवतीमा	1.1970241069793701	8.769390106201172	6
फुच्चाफुच्ची	2.861443042755127	6.920414924621582	5
केटाहरुमा	1.18173348903656	4.157816410064697	6
केटीहरू	0.35327842831611633	3.4582748413085938	1
बालवालिकाहरु	2.6196188926696777	4.110450267791748	6
बूढाहरु	2.0215036869049072	5.298641681671143	6
हहरु	4.14794397354126	9.317724227905273	5
युवावयमा	0.6367570757865906	10.485921859741211	5
विवाहयोग्य	-0.08140648156404495	4.734198570251465	5
उमेरपछि	-0.11834872514009476	9.05374813079834	6
तन्नेरीतरुनीहरू	2.202954053878784	7.750217914581299	6
तन्नेरीहरु	2.151982545852661	7.768826484680176	6
जहानवी	4.666378498077393	6.918654441833496	5
जागरिला	3.5592799186706543	6.640462398529053	5
गाउँतिरका	3.3652288913726807	7.46121072769165	5
कुमारकी	6.211737155914307	8.032196998596191	2
उमेरभन्दा	-0.20992298424243927	8.630265235900879	6
कटकबहादुर	5.3285040855407715	8.901517868041992	2
मीनाकी	5.513145446777344	6.499678134918213	2
नागकन्या	6.739140510559082	0.913724422454834	7
कन्याइ	5.062799453735352	0.32415762543678284	7
बालिकाकी	2.8438961505889893	3.890038013458252	6
बालवयको	3.269158124923706	4.499403476715088	5
बैंसले	2.4605190753936768	7.143825054168701	5
बालकाव्य	2.4380781650543213	3.392521381378174	6
असलकन्या	6.815186977386475	0.9172754287719727	7
दीपाका	5.093970775604248	7.126213550567627	2
हिमकन्या	6.847107410430908	0.9502093195915222	7
महिलामध्येकी	-0.8163020014762878	7.1911702156066895	6
नानीमाया	4.844261169433594	7.214066982269287	2
सप्तकन्या	6.667435169219971	0.8424317836761475	7
बुढाखाडा	3.761401653289795	7.211654186248779	5
बच्चाबच्ची	1.3374677896499634	6.651256084442139	6
स्कूलतिर	2.1129589080810547	6.384193420410156	5
हाँसिखुसी	3.2162327766418457	6.504180908203125	5
तिमीजस्ती	2.561199903488159	6.893765449523926	6
देवकन्या	6.785704612731934	0.998313307762146	7
चन्द्रप्रभावतीका	4.980529308319092	9.370766639709473	5
शिवेन्द्र	5.678161144256592	9.037456512451172	2
मगर्नी	3.23942494392395	7.103682041168213	6
राजुलाई	3.3104212284088135	8.277388572692871	2
उमेर्देखि	-0.02893458679318428	9.28645133972168	5
१९७०का	5.328731536865234	6.395364284515381	5
हर्षदकुमार	5.900877475738525	8.808144569396973	2
बालिकामा	2.7383391857147217	3.8234598636627197	6
बालबालिकामा	0.7006084322929382	7.49857234954834	6
जवानहरु	2.5920324325561523	9.329618453979492	6
अभिभावकसँगै	0.8184335827827454	7.039906024932861	6
भैलिनी	4.024875164031982	6.2516984939575195	5
बैनीहरु	1.7971585988998413	5.287681579589844	6
उमेरैको	-0.01941654458642006	8.939104080200195	5
विषकन्या	6.820260047912598	0.9899733662605286	7
केटामा	0.5294430255889893	4.470808982849121	6
केटाकेटीहरुका	0.5335150957107544	3.7255733013153076	6
उमेर्	-0.2001226395368576	8.9929838180542	6
विवाहिता	-0.18610639870166779	4.87886905670166	6
बालकालिका	2.5483813285827637	3.5827176570892334	6
व्यस्क	3.0305511951446533	5.955726623535156	5
सिम्प्सन्सका	5.168198585510254	5.453138828277588	5
केटीहरूले	0.36407968401908875	3.4042723178863525	1
मतदाताचुनाव	3.6426050662994385	5.943289756774902	5
महिलासंग	-1.237767219543457	7.083564281463623	1
वृद्धाअवस्थामा	-0.44496580958366394	11.492383003234863	5
सिम्प्सनस्मा	5.086881160736084	5.462780952453613	5
टिनएजमै	3.7627615928649902	5.215798377990723	5
उमेरहदका	-0.2825709283351898	9.016552925109863	5
वैदेहीकी	5.594980716705322	6.351800918579102	5
केटीभन्दा	-0.10663360357284546	4.516024112701416	6
महिलामाथिका	-1.0130608081817627	7.34071683883667	6
मैयादेवी	4.840906143188477	7.390453338623047	2
केटीकी	-0.13254721462726593	4.293326377868652	1
यौवनावस्थाको	0.7726497054100037	10.948616981506348	5
प्युमोरी	4.648658752441406	6.1477131843566895	5
केटाकेटी	0.6597151160240173	3.8447484970092773	6
युवादेखि	0.3742375671863556	9.77228832244873	6
तेरीया	5.082388401031494	6.93881893157959	2
केटीयम	-0.11743831634521484	4.216884136199951	5
रन्जुमाया	4.882665634155273	7.320605278015137	2
गुल्पीका	4.2697272300720215	6.610646724700928	5
कुमारमा	6.262846946716309	8.034682273864746	2
प्रेमयोगी	4.034383296966553	7.722522735595703	5
युवतीहरुलाई	-1.9219027757644653	5.668563365936279	1
बालकहरु	2.2575111389160156	3.507568120956421	6
केटीहरूमा	0.30309680104255676	3.3738996982574463	1
विद्याचरण	4.834234237670898	7.312873840332031	2
बेनिता	4.9126505851745605	6.857119560241699	2
बालिकाबाट	2.800696611404419	3.868561267852783	6
वृद्धामा	-0.5100717544555664	11.485905647277832	6
नानीहरु	1.54453706741333	5.529923439025879	6
केटीहरुमा	0.3205786943435669	3.4988045692443848	1
बालकबाट	2.295606851577759	3.2117562294006348	6
चर्चिक	4.093822479248047	6.018871784210205	5
जवानका	2.621610403060913	9.262734413146973	6
तरुनीका	2.560659646987915	7.280333042144775	6
जवानीमै	2.5988526344299316	9.218646049499512	6
विवाहहरु	-0.026175349950790405	4.81427001953125	6
केटाहरुसंग	1.1666691303253174	4.173558235168457	6
कुन्दनलाई	3.3090660572052	8.288302421569824	5
जागरिलो	3.511512517929077	6.509011268615723	5
युवतीहरूकहाँ	-1.6107927560806274	5.302148818969727	1
घाईतेमध्ये	0.16169215738773346	7.002251625061035	5
सहपाठीको	2.2817299365997314	6.244596004486084	5
ठिटा	1.9330090284347534	6.713997840881348	6
बालिका	2.820751190185547	3.8435654640197754	1
वैंशालु	2.2619309425354004	7.123025417327881	5
बहिनीमध्ये	0.16729328036308289	7.059495449066162	6
रञ्जीतले	5.170435905456543	8.142411231994629	2
भर्खर्की	-0.8603842854499817	6.441380977630615	5
बालिकाहरुलाई	2.647421360015869	3.9491827487945557	6
तन्नेरीलाई	2.3228821754455566	7.951793193817139	6
सुनीलबाबु	5.49683952331543	7.5446929931640625	2
दीवाका	3.37198543548584	6.656520366668701	5
कन्यामकी	5.047969818115234	0.35871654748916626	7
रञ्जन	5.500076770782471	7.849874496459961	2
देवीसरा	4.701849460601807	6.904237747192383	5
बच्चासहित	1.0094081163406372	6.46769380569458	6
row25	5.44691801071167	6.32478666305542	2
बहिनीटीका	2.17561936378479	6.037078380584717	5
जेठीसासु	3.964120388031006	7.030119895935059	5
केटिका	1.0320850610733032	4.63498592376709	6
तिनजना	0.40473538637161255	6.3967976570129395	6
निर्त्यकर्ता	4.158753395080566	6.2250590324401855	5
बृद्धाआश्रममा	-0.16919291019439697	11.371556282043457	6
वर्षमुनीका	0.3653864562511444	7.684383869171143	5
जुठपानी	3.7231059074401855	5.930167198181152	5
युवतीहरुको	-1.9489703178405762	5.627086162567139	1
कोकिला	5.942068099975586	7.777498722076416	2
केटीपरिवार	-0.08170425891876221	4.383181095123291	5
सकन्या	6.902064323425293	0.880878210067749	7
उमेरकै	-0.2445911169052124	8.79935073852539	6
स्कूले	1.605716347694397	6.616159439086914	6
हिँडाइडुलाई	2.923175573348999	8.174439430236816	5
महिनावरी	1.215745210647583	9.093777656555176	5
हाँसकुखुरा	3.1087920665740967	6.474843978881836	5
म्यासेचुसेटमा	4.536111354827881	5.472112655639648	5
ऋषिकन्या	6.785398006439209	0.9405969977378845	7
मिजासिली	3.414114475250244	6.719298839569092	5
बालक्लब	2.388859272003174	3.304733991622925	6
बच्चाबच्चीहरु	1.3866512775421143	6.392052173614502	6
टिनएजर	3.7204933166503906	5.1374053955078125	6
बृद्धा	-0.2463236153125763	11.420859336853027	6
बुढाबुढी	3.051442861557007	7.4439873695373535	6
प्रसादहरू	5.6251020431518555	8.517203330993652	5
साथीसँग	0.5631994009017944	5.246464729309082	1
बच्चैमा	1.2379525899887085	6.655869007110596	6
वृद्ध	-0.4680109918117523	11.539551734924316	3
केटाकेटीसंग	0.5980164408683777	3.791154146194458	6
बृद्धाआश्रम	-0.11065514385700226	11.318452835083008	6
रुरुकन्या	6.747859954833984	1.0348639488220215	7
युवकध्वज	4.978790283203125	7.807172775268555	2
चपरासी	4.033179759979248	6.72125244140625	5
आइमाइहरु	1.3981043100357056	5.160194396972656	6
युवको	0.31024378538131714	5.937391757965088	1
कन्यां	5.061172008514404	0.3820752799510956	7
क्रिटोबालमा	4.099307537078857	5.6262664794921875	5
बालकसँग	2.2392494678497314	3.1656205654144287	6
अर्किड्स	4.902702331542969	5.666252136230469	5
बालकालिकाको	2.538804292678833	3.5854480266571045	6
युवतीमा	-0.9800557494163513	5.511282920837402	1
सुकुट्टीकी	5.189528465270996	6.670450687408447	5
पुरुषपरीक्षा	-0.44415709376335144	7.3943071365356445	5
भाइबहिनीका	2.002380609512329	5.804112434387207	6
कन्याकुमारीबाट	5.116561412811279	0.30146467685699463	7
बाबुपात्रका	3.705033779144287	7.35274076461792	5
बुडीलाई	3.122037172317505	8.318840980529785	5
युवायुवतीमा	-1.670190453529358	6.20784330368042	6
शिक्षिकाहरु	2.5296380519866943	4.179615497589111	6
बच्चुराम	5.565898895263672	7.727054595947266	2
केटीहरुलाई	0.3687955439090729	3.570183038711548	1
जागरका	3.4655988216400146	6.620963096618652	5
अमादुच्ची	3.44846510887146	6.876730442047119	5
बालकहरुलाई	2.2354464530944824	3.734013795852661	6
शिशुप्रसाद	5.715517044067383	8.793083190917969	2
फुच्ची	2.8980588912963867	6.852086067199707	6
जवानहरू	2.610290765762329	9.340128898620605	6
युवतीसँग	-0.6449048519134521	5.3690619468688965	1
केटीका	-0.10870982706546783	4.299571514129639	1
महिलासमेत	-1.0836728811264038	7.263792037963867	6
दिदिहरु	1.9102344512939453	5.329129219055176	6
कन्यार्थ	5.073615550994873	0.3333038091659546	7
टल्कन्या	6.8629961013793945	0.9427499175071716	7
रंगिनी	3.7712936401367188	6.368238925933838	5
रामविनय	5.466407299041748	8.18519401550293	2
बूढोज्यामी	3.601580858230591	7.307568073272705	5
गढ़वाली	4.681874752044678	6.76767110824585	5
युवतीहरूका	-1.5474762916564941	5.287921905517578	1
राजेस	5.727440357208252	7.787657737731934	2
जवानदेखि	0.3568185269832611	9.67776870727539	5
कलिलै	1.661129117012024	7.312225818634033	3
बच्चाकी	1.2984356880187988	6.602463245391846	6
मस्तराम	2.674377679824829	6.74899435043335	5
एजुकेसनका	4.58107328414917	5.144034385681152	5
प्रेमयात्रा	4.0602264404296875	7.695812702178955	5
सहपाठीहरु	1.6907110214233398	5.431849479675293	6
महिलानै	-1.1306967735290527	7.233156204223633	6
वनभोजस्थलहरू	3.0186257362365723	5.477546215057373	5
बच्ची	1.3304113149642944	6.721052646636963	6
मजेदार	5.135393142700195	6.39431619644165	5
रामकाव्य	4.636613368988037	8.119998931884766	5
कन्यासग	5.1390061378479	0.2959691882133484	7
मञ्जिलको	5.903857707977295	7.035192012786865	2
केटाकेटीलाई	0.589177668094635	3.790029525756836	6
चञ्चला	5.528343200683594	7.134938716888428	2
बेल्दार	4.723152160644531	6.790157794952393	2
प्रजिविहरु	1.8878698348999023	5.33234167098999	5
केटीबीच	-0.3641340732574463	4.589920520782471	1
कन्याहरु	5.187422275543213	0.4113582968711853	7
पूर्वावस्था	0.7386994957923889	10.970114707946777	5
जवानीमा	2.586364269256592	9.218049049377441	6
पोस्टेरियर	4.3667988777160645	5.410168647766113	5
सेठकन्या	6.786879539489746	1.016157865524292	7
केटीहरूलाई	0.3322167694568634	3.4133687019348145	1
हजारिका	5.0916948318481445	6.3626556396484375	2
तरुनीको	2.5051746368408203	7.066107749938965	6
अध्यक्षकी	1.3653335571289062	7.595109462738037	5
युवतीबीचको	-0.704050600528717	5.370973110198975	1
मानसद्वन्द	3.6298983097076416	6.245151519775391	5
नाबालिका	2.814213991165161	3.8705639839172363	6
केटीकै	-0.09047616273164749	4.281713962554932	1
युवायुवतीदेखि	-1.6137850284576416	6.224686145782471	6
जगद्विजयराजप्रतापमार्तण्डराजमत्तगजसिंहरिपुराजघनान्धकार	4.614116191864014	7.395177841186523	5
अकन्या	6.80829381942749	0.8285595178604126	7
युवाबस्था	0.6056274771690369	10.556209564208984	5
अमल्दार	4.749011993408203	6.7050676345825195	5
सालोकेटो	2.828099489212036	6.60935115814209	5
पोथीमा	1.271464467048645	6.886293888092041	5
विद्यार्थीमध्ये	0.35514333844184875	6.974983215332031	6
बूढाबूढी	2.7890467643737793	7.613611698150635	6
रामकान्त	4.803858280181885	7.996637344360352	2
देवीसिंह	5.353908538818359	8.508331298828125	2
गणेशकुमारकी	6.069758892059326	8.353550910949707	2
तन्नेरी	2.1820240020751953	7.811144828796387	6
केटासँगै	0.428071528673172	4.682121753692627	6
कालीमुन्टेलाई	3.5651731491088867	7.97009801864624	5
शैशावावस्था	0.783291220664978	10.97245979309082	5
स्वाल	3.892778158187866	5.597289085388184	5
row21	5.370937824249268	6.138954162597656	2
मिस्ट	4.745543479919434	5.531404495239258	5
केटीहरुको	0.36988186836242676	3.5469274520874023	1
बिंदुओं	3.5946686267852783	5.846501350402832	5
इन्सेटमा	4.375072002410889	5.4370622634887695	5
धरमपुरका	4.334532737731934	7.5425543785095215	5
महिलासंघ	-1.189498782157898	7.186755180358887	5
भैनीको	3.728134870529175	6.301819801330566	5
सीतामैंया	4.739860534667969	7.7770514488220215	5
ड्राइवर	4.4475626945495605	5.98928689956665	5
साथिभाइहरु	1.4465653896331787	5.296476364135742	5
लीलासिंह	5.274466037750244	8.643436431884766	2
बच्चादेखि	0.3668486475944519	9.834299087524414	6
छात्राहरु	0.5860573053359985	6.769816875457764	6
मुलायमसिंह	5.3025712966918945	8.672445297241211	2
श्रीमतीमध्ये	0.044749800115823746	7.022530555725098	5
युवतीलाइ	-0.9935654401779175	5.687580108642578	1
row10	5.494800090789795	6.198676586151123	2
आमाछोरी	0.8766698837280273	6.36655330657959	6
मिक्सन	4.663483619689941	5.457590579986572	5
केटामान्छे	0.637189507484436	4.447946548461914	6
युवतीहरू	-1.6562737226486206	5.305285453796387	1
बालकुमार	5.972061634063721	8.879653930664062	2
युवतीहरूमा	-1.554284691810608	5.292640209197998	1
केटासित	0.44514185190200806	4.716556549072266	6
मास्टर्नी	3.100757122039795	6.966676235198975	5
महिलाबीच	-1.1394323110580444	7.173381328582764	1
row17	5.389510154724121	6.175426959991455	2
शुकवीर	4.157099723815918	7.176287651062012	5
बर्षकी	1.1267063617706299	7.557592391967773	1
सानुमाया	4.776541709899902	7.283602237701416	2
सुरजसिंह	5.324984550476074	8.5562162399292	2
युवायुवतीबीच	-1.6805100440979004	6.166440486907959	6
मीनाका	3.5200674533843994	6.728777885437012	5
दाँतहरु	1.9298714399337769	5.13958215713501	6
बालवालिकाको	2.810689926147461	4.065541744232178	6
यादवराज	5.576833248138428	7.978664875030518	2
साथीसंगीहरु	0.9691565632820129	5.367412567138672	6
सुबिनको	3.611722946166992	6.278894424438477	5
केटाकेटीहरु	0.5733344554901123	3.7177233695983887	6
बाबूछोरी	2.278687000274658	5.906783580780029	5
अञ्जिला	5.431623935699463	6.936813831329346	2
बिदेसिए	-0.09738922119140625	6.259938716888428	6
गर्भवति	1.195924997329712	8.77479362487793	6
छात्रामध्ये	0.17177745699882507	7.16414213180542	6
row27	5.209525108337402	6.025536060333252	2
अविबाहित	0.6670995354652405	4.7631449699401855	5
जीवनगाथा	4.0631256103515625	7.815974235534668	5
रक्तशीर्ष	3.5486018657684326	5.924340724945068	5
इरिका	4.833941459655762	6.212557792663574	5
मनिसा	5.420647621154785	7.054707050323486	2
सानीआमालाई	3.2251150608062744	8.251232147216797	5
उमेरद्ध्वार	-0.16978268325328827	9.023417472839355	5
युवकबाट	0.3738621771335602	5.850316047668457	6
बूढाबूढीहरू	2.7478089332580566	7.6505842208862305	6
कन्याकुमारी	5.193223476409912	0.26756924390792847	7
निशाकुशुम	4.570532321929932	7.020666599273682	5
आइमार्इ	1.4350639581680298	5.194125652313232	6
केटाहरूको	1.1094433069229126	4.090152740478516	1
मञ्जिल	5.9324951171875	7.054776668548584	2
मञ्जन	5.873778343200684	7.028146743774414	2
आमाछोरीलाई	3.134181261062622	8.546367645263672	6
आइमाईहरुको	1.475144386291504	4.976189613342285	6
आमासित	0.1985156238079071	4.951048851013184	6
कुन्दनराज	5.344338893890381	7.618756294250488	2
रोजमेरी	5.103482723236084	6.817615985870361	5
नर्सिंह	5.24732780456543	8.577203750610352	2
महिलामाथी	-1.0437747240066528	7.333094120025635	6
उमेरसमुहका	-0.4160604774951935	8.874432563781738	6
एन्जाइटी	4.33894157409668	5.407590866088867	5
पंचकन्या	6.645079135894775	0.8603057265281677	7
रञ्जितसिंह	5.2566351890563965	8.558758735656738	2
रुक़य्याह	4.03542947769165	6.639531135559082	5
row13	5.4196672439575195	6.262514591217041	2
अविवाहिताले	-0.13807640969753265	4.905368328094482	6
सौजन्या	6.992944240570068	1.0221301317214966	2
युवतीहरूमाझ	-1.552159070968628	5.284654140472412	1
भाईशिशिर	5.326664924621582	6.673290729522705	5
प्रहरिका	2.601443290710449	9.28604793548584	5
नर्वाल	4.081164360046387	5.903231620788574	2
काखीमुनिका	2.778658866882324	5.845839023590088	5
नैना	5.520106315612793	6.584610462188721	2
मैयाँनानी	4.721158981323242	7.296825885772705	5
वृद्धाले	-0.48395973443984985	11.508097648620605	6
निशाकुसुम	4.671347141265869	7.18720817565918	2
सातबहिनी	2.5655341148376465	6.009575366973877	5
इलिना	4.910141468048096	5.891120433807373	2
युवकसँग	0.24432694911956787	5.786065101623535	1
प्रौढशिक्षा	1.2731326818466187	10.302279472351074	5
कुन्तीदेवी	4.905076026916504	7.419900894165039	2
पोथीसङ्ग	1.1833982467651367	6.883909225463867	5
सिल्की	3.956666946411133	5.750707149505615	5
केटीलाइ	-0.026773322373628616	4.261213779449463	1
कन्यामाईको	5.038669109344482	0.40697839856147766	7
च्यान्टेबहादुरका	5.227862358093262	8.893875122070312	5
प्यारिसलाई	3.092036247253418	8.555118560791016	5
तीनकन्या	6.589531421661377	0.7971604466438293	7
इलामकी	5.115800380706787	7.3275017738342285	2
यौनसाथीसँग	0.3068293333053589	5.196413993835449	6
सेलेब्रेटी	3.987816572189331	5.543959140777588	5
वषर्भन्दा	-0.1709003895521164	7.961021423339844	5
केटीलाई	-0.07064317166805267	4.2246222496032715	1
हाँसीखुसी	2.998248338699341	6.511728286743164	6
पढाइतिर	1.6386319398880005	6.636231899261475	5
सुपाठ्य	3.686939239501953	6.0268988609313965	5
विनिता	5.469047546386719	7.077483177185059	2
उमेरम	-0.20312967896461487	9.051910400390625	6
गर्भअबस्था	1.2232961654663086	8.757079124450684	5
मिस्रीदेवी	4.677589416503906	7.321813106536865	5
बांगाटिंगा	3.8460166454315186	5.805736064910889	5
छोराछोरीकी	1.9427127838134766	6.258601188659668	6
टिनएजमा	3.767056941986084	5.191132545471191	5
उमेरजन्य	-0.28435805439949036	8.968969345092773	6
कटेका	-0.24512602388858795	8.364273071289062	6
युवतीको	-1.00508451461792	5.591159820556641	1
अन्जेल्स	4.763951301574707	5.565800189971924	5
शिक्षकमध्ये	0.1459859162569046	7.075411319732666	6
साथिहरूने	0.9672048091888428	5.102636337280273	6
कर्णध्वज	5.381985664367676	7.966829299926758	2
दाँतोला	3.603452444076538	5.960668087005615	5
महिलासंगै	-1.1893168687820435	7.17663049697876	6
सानुबाबा	5.290971755981445	7.340431213378906	2
छात्तीसगढी	4.200891017913818	6.421782970428467	5
सिम्प्सनकी	5.171616554260254	5.44851541519165	5
इम्याजिनेसन	4.325848579406738	5.1753458976745605	5
रञ्जुलाई	4.871298313140869	8.191720962524414	5
युबाहरु	1.8158690929412842	5.181318283081055	6
भालेपोथी	1.1213005781173706	6.812849998474121	5
श्वेतसरितसमलङ्कृतपरिसरप्रदेशामुदुम्वरपुरीमधिवसन्ततुलभुजब	3.8832950592041016	6.31814432144165	5
बूढीआमा	3.0949740409851074	7.359355926513672	6
शैशावस्था	0.8198091387748718	10.9791841506958	5
हिरोनीहरु	1.836489200592041	5.275603771209717	6
बालकलाकारका	2.3083202838897705	3.2406704425811768	6
मञ्जिता	5.876780986785889	7.05362606048584	2
केटीमा	0.0005367238773033023	4.223848819732666	1
गायीकाहर	4.534092426300049	6.006536483764648	5
पुरुषः	-0.7172321081161499	7.336149215698242	5
प्रेमिकादेखि	0.4333990216255188	9.701703071594238	5
अधबैंशे	-0.23291367292404175	6.244083404541016	6
निषादहरू	3.1808323860168457	5.6027302742004395	5
सिम्प्सनका	5.1923394203186035	5.427341461181641	5
एञ्जिला	5.79604959487915	6.964480400085449	2
एलिना	5.360800266265869	6.421194553375244	2
पिनाकी	5.677772045135498	6.596330642700195	2
सञ्जन	5.652467727661133	7.881400108337402	2
बहिनिहरु	1.8344027996063232	5.538739204406738	6
आयुष्मा	5.614075660705566	7.002805233001709	2
डेगेन्द्र	5.66157865524292	8.908105850219727	2
अर्धवयस्क	2.90218448638916	6.073184013366699	5
केटाकेटीहरुमा	0.5655919909477234	3.6826157569885254	6
कालीचनले	3.7585036754608154	7.760738372802734	5
उमेर24	-0.24301354587078094	9.054031372070312	5
केटाहरुबाट	1.1685644388198853	4.111338138580322	6
ईग्लिस	4.360040187835693	5.272524833679199	5
घँसी	0.5877891778945923	4.482305526733398	6
प्रेमराजेश्वरीले	4.676753997802734	7.947141170501709	5
जवानहरूलाई	2.662780284881592	9.39000415802002	6
बालकजस्तै	2.323148727416992	3.209547758102417	6
युवाजोडीका	-1.554878830909729	6.368653297424316	5
चबेगु	4.446465492248535	6.483223915100098	5
जुमा	4.700567245483398	5.919607162475586	5
साथीसंग	0.7670475244522095	5.34639835357666	6
युवायुवतीहरु	-1.7800235748291016	6.0676727294921875	6
शम्भुकुमार	5.906014442443848	8.81696891784668	2
दीक्षामौञ्जीविवाहमुण्डनमपूर्व	3.856271505355835	6.308730125427246	5
अध्ययरत	0.576464831829071	6.901975631713867	5
केटीहरुले	0.37907400727272034	3.5150797367095947	1
वर्षी	1.0765254497528076	7.62966775894165	6
रुन्छे	2.72129225730896	6.810428619384766	6
बालक	2.326584815979004	3.2118139266967773	3
विधवाका	3.4537150859832764	6.78802490234375	5
कलेजस्कूलतालिका	3.440001964569092	5.691466331481934	5
लेखकर	3.7836215496063232	6.1927995681762695	5
युवतीप्रति	-0.8872337341308594	5.527132511138916	1
गर्भे	1.2412910461425781	8.69153881072998	6
बालकहरुको	2.1115996837615967	3.6730332374572754	6
चन्द्रकिशोरको	4.9439544677734375	9.67983627319336	5
वृद्धोऽपि	-0.5998793840408325	11.473814964294434	5
केटासगँ	0.5432441830635071	4.475563049316406	6
मंगलीमाया	4.9645609855651855	7.087220668792725	2
अक्याडेमिया	4.775368690490723	5.9221296310424805	5
जवानीसँगै	2.5553104877471924	9.300308227539062	5
हाँसियो	2.939945936203003	6.616981506347656	5
इनरुवाका	4.4061689376831055	7.332586288452148	2
दुर्गाकुमार	5.913181304931641	8.819483757019043	2
युवतीले	-0.873967707157135	5.6080193519592285	1
उमेरसंगै	-0.231267511844635	9.017317771911621	6
सुकुलहरू	2.9985580444335938	5.471517562866211	5
जमुनीसित	2.817333698272705	5.799960136413574	5
चक्रबहिलनेरबाट	3.0766265392303467	9.043895721435547	5
आइमाईका	1.4386403560638428	5.083065509796143	6
प्रमोदकुमार	5.873443126678467	8.744937896728516	2
वृद्धपुरुषहरु	-0.5799996852874756	11.537246704101562	5
प्रेमिकाहरु	1.9464634656906128	4.7845025062561035	6
आमाहरु	1.5933833122253418	5.651342391967773	6
प्रेमपात्रका	3.962353467941284	7.65422248840332	5
रिश्तेदार	4.8263444900512695	6.431497097015381	5
जीवनप्रसाद	5.682298183441162	8.501537322998047	2
अधबैँसे	-0.2708422541618347	6.2143754959106445	6
भाइबहिनीहरू	1.9708669185638428	5.716624736785889	6
भाइबहिनिहरुले	1.97344970703125	5.656601905822754	6
फुटबलरहरूमध्ये	-0.0931483805179596	7.136103630065918	5
नानीहरुका	1.4717464447021484	5.4908952713012695	6
महिलासँगविभिन्नसंयोजनहरूहुन्छन्	-1.2777645587921143	7.081999778747559	5
केयरका	4.556964874267578	5.18083381652832	5
कौशलकुमार	6.006392955780029	8.89012336730957	2
उमेरसमूह	-0.3534051775932312	8.936553001403809	5
कन्ये	5.028610706329346	0.39239323139190674	7
हाङ्लिसा	4.177793025970459	6.431718349456787	5
दर्शकमध्ये	0.003328564576804638	7.057093620300293	5
आईमाई	1.0793455839157104	4.828644752502441	6
प्रभादेवी	4.9834513664245605	7.5955400466918945	2
केटाकेटीहरुको	0.615827739238739	3.6874303817749023	6
कामदेवकी	4.394778728485107	6.134517669677734	5
कुइनेटाहरु	1.875058650970459	4.8706769943237305	6
ग्याफ्नी	5.122958660125732	6.068503379821777	5
कन्यामका	5.108010768890381	0.327086478471756	7
anabigya	5.083417892456055	8.161564826965332	5
केटाकेटीहरुलाई	0.5694919228553772	3.666161298751831	6
गोलैया	4.486426830291748	6.273748397827148	5
गाउन्नन्	3.659423589706421	7.3403801918029785	5
प्यारासुटबाट	2.970629930496216	8.771451950073242	5
लेखहरूउपन्याससिड्नी	4.123867034912109	5.985160827636719	5
जुनिता	5.111379623413086	6.939905643463135	2
कुमारका	6.233365535736084	8.09687328338623	2
केटामाइन	0.5718918442726135	4.4611005783081055	5
केटासंग	0.49860167503356934	4.582760810852051	6
मतदाताबीच	3.502389907836914	5.84334135055542	5
आइमाइलाई	1.45412015914917	5.151207447052002	6
विनीता	5.515526294708252	7.071077346801758	2
युवायुवतीका	-1.7059847116470337	6.169776439666748	6
कुन्देन्दुतुषारहारधवला	4.4197564125061035	6.57025671005249	5
बिमलाले	3.8239471912384033	7.164919853210449	2
कालीमाटीका	3.8119394779205322	7.937866687774658	5
मैनाकी	3.596273183822632	7.496962547302246	2
बृद्धबृद्धा	-0.12382836639881134	11.340795516967773	6
महिलाजति	-1.0940650701522827	7.3158111572265625	6
ब्लोकबस्टर	4.799002647399902	5.6600847244262695	5
दुर्विनीत	3.596344232559204	6.231502532958984	5
कन्याकुमारीसम्म	5.168909072875977	0.3452080488204956	7
क्रिश्मस	4.196638584136963	5.728178977966309	5
ब्वाईफे्रन्ड	4.720111846923828	5.341270923614502	5
प्रसूतिले	1.4691016674041748	8.39572525024414	5
थर्डक्लास	4.143124580383301	5.692162036895752	5
विटामिन्स	3.9014132022857666	5.821519374847412	5
वर्षसौतेनी	1.3313610553741455	7.600566387176514	5
सर्कैडियन	4.146141529083252	5.928414821624756	5
बच्चीले	1.246462106704712	6.715461254119873	6
कलिला	1.6798352003097534	7.155425071716309	3
तीर्थमाया	4.893988609313965	7.588620185852051	2
वर्षबीचका	0.5043953657150269	7.717416763305664	6
समानकी	4.067671298980713	7.245660781860352	5
साथीसाथी	0.875736653804779	5.36189603805542	6
पूर्ववयस्कवस्था	0.8494319319725037	10.893821716308594	5
तरुनीहरुलाई	1.7266013622283936	4.80618953704834	6
भाइहरूमध्ये	0.053249701857566833	7.009885787963867	6
फिस्टर	4.890066623687744	5.64865255355835	5
मदरसाका	4.160470008850098	5.88126277923584	2
एजुकेयर	4.51138162612915	5.119165897369385	5
सारुमगर	5.27466344833374	7.079499244689941	2
चान्डालिका	3.036590099334717	3.7624847888946533	5
बेघा	5.6928486824035645	7.118256092071533	2
बालबालिका	0.715956449508667	7.4245219230651855	6
केटीसित	-0.03442816808819771	4.340525150299072	1
बूढाबा	2.7893941402435303	7.633972644805908	6
सोनामाईको	3.908066749572754	6.473410606384277	5
दुवैथरिका	3.156266689300537	6.1290059089660645	5
छोराछोरि	1.9726096391677856	6.318417549133301	5
बुढाकी	3.784126043319702	7.2410736083984375	2
रिसिका	4.567741394042969	5.893852233886719	5
हबल्दार	4.921609401702881	6.884532928466797	2
कन्याका	5.127198696136475	0.29108428955078125	7
कुमारमेनका	6.185418605804443	8.086060523986816	2
आइटमका	4.353813648223877	5.535410404205322	5
राजपुतकन्या	6.685193061828613	1.0607610940933228	7
जोशिया	4.646311283111572	5.810562610626221	5
भैरवसिंह	5.2527666091918945	8.675982475280762	2
युवायुवतीहरुलाई	-1.858845591545105	5.949055194854736	6
हल्दार	4.806565284729004	6.712738513946533	2
बालकालिकाहरु	2.5219476222991943	3.896851062774658	6
रुपेन्द्र	5.676628112792969	8.90418529510498	2
योनीहरु	1.896973729133606	5.1672797203063965	6
खोटांगमा	3.2982261180877686	6.171414375305176	5
भान्जीको	3.8917975425720215	7.067373275756836	5
बालिकाका	2.84269380569458	3.8657097816467285	6
२०७३चर्चित	4.070311069488525	6.0306010246276855	5
लाउँन्या	7.0471906661987305	0.9469209909439087	5
कन्याउँदै	5.107558250427246	0.3301334083080292	7
पत्निका	2.38509202003479	5.603353500366211	6
सोबिता	5.610252857208252	7.235720634460449	5
दन्तचिकित्सक	5.178081035614014	8.4041109085083	5
प्रावस्थाहरु	1.0310941934585571	10.793560028076172	5
पूर्वजिल्ला	5.086512088775635	7.783792018890381	5
बाइसेक्सुअल	-0.37517452239990234	7.383497714996338	5
युवतिसँग	-0.6977235674858093	5.376780986785889	1
रोशना	5.443048000335693	7.237786293029785	2
छोरासहित	0.793766975402832	6.349572658538818	6
बालविनोद	3.2350008487701416	4.458305835723877	5
लिङ्मा	4.242323398590088	6.410910129547119	5
विमलालाई	3.1465518474578857	8.323110580444336	5
सुजनमा	3.690741539001465	6.019132137298584	5
भेजिना	4.91105318069458	5.6528239250183105	5
सानोबाबु	5.4217939376831055	7.408796787261963	2
युवामध्ये	0.0076158009469509125	7.2642388343811035	6
युवावयको	0.6440587639808655	10.416767120361328	5
प्राव	3.592771053314209	5.771023273468018	5
अनाहिता	-0.22262418270111084	4.88258695602417	5
mcbotostrong	3.359283208847046	5.77318811416626	5
बिवाहिता	-0.12924015522003174	4.869212627410889	6
परामर्शकर्ता	4.330747604370117	6.272263526916504	5
वृद्धसम्मले	-0.4896775782108307	11.504575729370117	5
वीर्यवाहिनी	3.066577196121216	5.964466571807861	5
राजकिशोर	6.8993682861328125	9.170701026916504	2
हरिनसिंह	5.292521953582764	8.649919509887695	2
सानैमा	0.07261339575052261	8.701224327087402	6
गुलाटीले	4.8342061042785645	6.451302528381348	5
ब्राह्मिनी	4.184556007385254	6.101328372955322	5
पाँचथोप्ले	3.8069984912872314	5.742668151855469	5
महिलाः	-1.0408002138137817	7.311745643615723	1
row22	5.32119083404541	6.175664901733398	2
तरुनीसँग	0.30851924419403076	5.179104804992676	6
प्रवृद्ध	-0.6019373536109924	11.412935256958008	5
नन्दु	5.479408264160156	7.34616231918335	2
क्षयकुष्ठगुदावर्तगुल्माजीर्णपुरोगमाः	3.657104730606079	6.041837215423584	5
मार्मी	4.344475269317627	7.177753925323486	5
केटाहरुको	1.157747507095337	4.142780303955078	1
ड्राइपेटिस	4.283554553985596	6.322866439819336	5
कुमारध्वज	6.071165561676025	8.0755615234375	2
युबतीहरु	1.7005438804626465	5.14967679977417	6
पंचीमाया	4.575215816497803	7.150060653686523	2
भाइबहिनीहरुलाई	1.9827171564102173	5.706696033477783	6
मञ्जय	5.9604573249816895	7.113595962524414	2
स्वयंसेविकाहरु	2.5677661895751953	4.120306491851807	6
कन्यासँग	5.125759124755859	0.3078891932964325	7
संगीता	5.658333778381348	7.030997276306152	2
साहबदेखि	0.3254304528236389	9.61520004272461	5
प्रीपरेटरी	4.681746006011963	5.49034309387207	5
कन्याउने	5.106778144836426	0.3253747522830963	7
जन्मकर्ता	3.934335947036743	6.22428035736084	5
अरबिन	5.242468357086182	6.900315761566162	2
तिनकन्या	6.674530506134033	0.8572766780853271	7
एन्जलजोहनी	4.699560642242432	5.486279487609863	5
बेहुलीका	-0.03895537927746773	4.585803031921387	6
वैदेही	5.527426719665527	6.298511505126953	2
तारावीर	4.369455814361572	6.667684078216553	2
जवानीलाई	2.6571953296661377	9.03607177734375	6
अन्जुलाई	3.461970806121826	8.222394943237305	5
नन्दिकेशर	5.1762590408325195	7.4832634925842285	5
सिपाइली	4.782902717590332	6.914979934692383	5
एजुकेसनमा	4.553201675415039	5.116707801818848	5
अधवैँशे	-0.23680639266967773	6.151402950286865	6
एघारजना	1.5127986669540405	6.085244178771973	6
वन्या	6.9715118408203125	0.9442943930625916	7
जयपुरीलाई	3.037557601928711	8.46219253540039	5
बालकमा	2.3688483238220215	3.158968448638916	6
वालिकाहरु	2.5823071002960205	4.140699863433838	6
होस्टेलमा	1.7211923599243164	6.5482892990112305	6
बूढाबूढीको	2.761080741882324	7.685795783996582	6
उमेरकोट	-0.23146049678325653	8.927861213684082	5
गाउँटोलका	3.4876348972320557	7.471896648406982	5
जोरपाटीका	4.182661056518555	7.977749347686768	5
छोरामध्येका	0.06760145723819733	7.175912380218506	6
ढाँगर	0.9596056342124939	6.997247219085693	5
प्रजनित	3.3138222694396973	6.247348308563232	5
च्यानडाँडा	4.278108596801758	5.8594584465026855	5
गुलाटी	5.011565685272217	6.439774036407471	5
रिश्मा	5.00681734085083	6.368959426879883	2
ठिटाठिटी	2.0048458576202393	6.956711292266846	5
uprightnail	3.9617156982421875	5.664187908172607	5
रोशनराज	5.594301223754883	7.613533020019531	2
लज्जावशदेखि	0.31196069717407227	9.593914985656738	5
महिनावरीको	1.2914652824401855	9.393806457519531	5
युवतीमाथि	-1.0093889236450195	5.534430503845215	1
सुजनको	3.3579299449920654	6.393657684326172	5
डाइलोग	3.8580362796783447	6.19223690032959	5
अमृतराज	5.486297607421875	7.647150039672852	2
भिल्लकुमार	5.978549003601074	8.878037452697754	2
सानीसानी	3.328904151916504	7.908933639526367	5
चैतन्या	6.9424309730529785	1.0088615417480469	2
नातिबाबु	5.494739532470703	7.519750595092773	2
बुढाका	3.721132755279541	7.259795665740967	2
बालबालिकाबाट	0.7147369384765625	7.422426700592041	6
वीणावादिनी	4.225335121154785	6.736382961273193	5
बालिकादेखि	2.788844585418701	3.847658395767212	6
वृद्धाहरू	-0.5176414847373962	11.544910430908203	6
कन्यासित	5.151484489440918	0.2817598283290863	7
बुवाका	1.763258695602417	6.226112365722656	6
वर्षकि	1.0959503650665283	7.613433361053467	6
शुक्रकीटमध्ये	0.025783784687519073	7.164668083190918	5
विद्यालयमा	0.5676324963569641	6.976611614227295	6
पुरुषजस्तो	-0.4671289026737213	7.28848934173584	5
वृद्धसम्म	-0.43147993087768555	11.416818618774414	6
तरुनीले	2.3511245250701904	7.219100475311279	6
पुरूषबीचको	-0.2704344391822815	5.266246795654297	5
ढल्के	-0.14894750714302063	8.95998477935791	5
स्वास्नीहरु	1.7528555393218994	5.241166591644287	6
युवायुवतीसँग	-1.6734366416931152	6.184127330780029	6
साथीलाइ	0.9661595821380615	5.33131742477417	6
हुर्काउन्या	7.014881134033203	0.9897148609161377	5
दौडाई	3.1450300216674805	6.049956321716309	5
बृद्धबृद्धासम्म	-0.15407057106494904	11.375032424926758	6
शिशुहरू	1.3219209909439087	8.388799667358398	6
EÈÉÊËÆ3	3.7685227394104004	5.994664669036865	5
सुजेन्द्र	5.674600601196289	8.870285034179688	2
कर्णेलहरू	3.06589937210083	5.54631233215332	5
सिल्पी	4.0462965965271	5.911746501922607	5
बालकसहित	0.7356628179550171	6.304139614105225	6
उमेरामुहका	-0.4209977090358734	8.959973335266113	6
कुञ्जन	5.619573593139648	6.899423599243164	5
होस्टे	5.269909381866455	6.687098026275635	5
बूढाका	3.0746359825134277	7.41745662689209	5
नवविवाहित	-0.15306855738162994	4.91001558303833	6
साथीको	0.6366966366767883	5.325134754180908	1
मेहरचंद	4.580047607421875	6.481905937194824	5
हाँसिदेऊ	2.9951090812683105	6.541376113891602	5
आजकलका	0.7724100351333618	4.106158256530762	6
वृद्धत्वास्तशिशुत्वईज्यसितयोर्न्यूनाधिमासे	-0.6095826029777527	11.389053344726562	5
शिशुकालमा	1.6295455694198608	8.149871826171875	5
देशमुखको	3.8625881671905518	6.121726036071777	5
गियरले	4.251600742340088	9.533783912658691	5
सरोजप्रताप	5.459665775299072	8.817591667175293	2
जवानीचाहिँ	2.584095001220703	9.208720207214355	5
कक्षाका	0.5838193297386169	6.856841087341309	6
भाइबहिनीको	1.972693681716919	5.7700653076171875	6
चौकाचँदुवा	4.053786754608154	6.506657600402832	5
बद्रीनरसिंह	5.21945333480835	8.816753387451172	2
सुनीमाया	4.7560648918151855	7.2073540687561035	2
गर्भजाँच	1.2314726114273071	8.703289985656738	5
पुल्लिंग	3.995750904083252	6.136131286621094	5
तन्नेरीले	2.20424485206604	7.8209228515625	6
हाँस्थी	2.8993568420410156	6.627768516540527	5
यौवनावस्थासम्म	0.8224964737892151	10.954177856445312	5
कुमारमै	6.280540943145752	8.078736305236816	2
बहिनीहरु	1.8921294212341309	5.640394687652588	6
पुरूषसँग	-0.0372379794716835	5.214216232299805	6
बच्चानजीक	1.2591344118118286	6.68561315536499	5
भाइहरूका	1.6182652711868286	5.773155689239502	6
साथीसँगको	0.5445511341094971	5.301651477813721	6
बूढाबूढीलाई	2.703338623046875	7.734030723571777	6
बालकोसेली	2.3937602043151855	3.2335994243621826	5
रञ्जनाले	5.1090569496154785	8.14039421081543	2
उत्ताउली	2.947597026824951	6.84259033203125	5
पुरुषबाट	-0.5864090919494629	7.295702934265137	1
बच्चाहरु	1.3571021556854248	6.456981658935547	6
प्रेमीसंग	0.3431079089641571	5.077249526977539	5
पढ्नेमध्ये	-0.0497451089322567	7.124439716339111	5
अटिजम	0.951513409614563	7.787301063537598	6
विशिकादुला	3.7832348346710205	7.14815092086792	5
गर्भावती	1.2275830507278442	8.72114372253418	5
हेम्बे	4.338212966918945	6.982877254486084	2
छोरीमैया	4.676873683929443	7.382192134857178	2
सुरजकुमार	5.895322799682617	8.80859088897705	2
कल्कलाउँदी	6.997021675109863	1.0403668880462646	5
अमेरिमाया	4.601043701171875	7.206717491149902	5
छोरासित	1.9621071815490723	6.197780132293701	6
पूर्वशिक्षक	5.076809883117676	7.880623817443848	5
हेयरका	4.373476505279541	5.3647284507751465	5
गर्भवतीले	1.2770962715148926	8.76120662689209	6
सुवानी	4.581691265106201	7.234465599060059	2
एन्जिला	5.754824638366699	6.781838893890381	2
जोन्छे	4.606695175170898	5.390690803527832	5
मामाकी	3.913541793823242	7.231588840484619	2
राजुबाबु	5.612691402435303	7.748805522918701	2
महिनाबारी	1.2660787105560303	8.88034439086914	6
बिबाहित	0.7403571009635925	4.708625316619873	6
